Date,Ticker,Open,High,Low,Close,Volume
2021-08-12,AAPL,148.71,152.11,144.62,148.0,81403916
2021-08-12,AMZN,140.59,148.77,136.93,145.0,43040826
2021-08-12,GOOGL,140.83,144.4,134.51,138.0,23159690
2021-08-12,MSFT,307.99,313.5,299.54,305.0,23991610
2021-08-12,TSLA,258.6,270.5,248.16,260.0,105871183
2021-08-13,AAPL,146.51,151.38,142.87,147.71,51269701
2021-08-13,AMZN,149.12,152.67,144.76,148.29,40949614
2021-08-13,GOOGL,138.97,141.0,135.79,137.8,28441343
2021-08-13,MSFT,297.96,308.78,291.15,301.88,29020726
2021-08-13,TSLA,272.35,279.28,262.01,268.85,82113822
2021-08-16,AAPL,149.57,152.79,146.31,149.53,40640990
2021-08-16,AMZN,148.16,151.67,142.71,146.18,45228932
2021-08-16,GOOGL,140.28,141.51,138.55,139.77,26924023
2021-08-16,MSFT,312.76,318.99,306.57,312.79,35648392
2021-08-16,TSLA,266.38,276.16,255.18,264.9,97380349
2021-08-17,AAPL,153.71,155.55,151.89,153.72,63507522
2021-08-17,AMZN,142.54,149.27,139.42,146.08,48020136
2021-08-17,GOOGL,140.88,144.13,136.86,140.1,23896289
2021-08-17,MSFT,317.31,323.19,308.82,314.66,28133239
2021-08-17,TSLA,266.31,275.38,258.32,267.36,105501299
2021-08-18,AAPL,154.48,157.1,150.4,152.99,63579175
2021-08-18,AMZN,151.65,156.03,147.93,152.3,15836878
2021-08-18,GOOGL,135.69,143.98,132.0,140.17,22687848
2021-08-18,MSFT,312.12,317.94,307.27,313.08,25476553
2021-08-18,TSLA,264.45,273.4,258.61,267.49,99837372
2021-08-19,AAPL,152.93,155.68,149.55,152.28,73910193
2021-08-19,AMZN,145.83,151.48,142.81,148.4,35287924
2021-08-19,GOOGL,139.44,142.9,136.36,139.8,26968188
2021-08-19,MSFT,317.64,324.13,308.02,314.45,18177102
2021-08-19,TSLA,264.46,272.3,255.2,263.0,105899800
2021-08-20,AAPL,156.6,159.96,153.27,156.63,80430911
2021-08-20,AMZN,142.54,146.04,139.03,142.52,39109699
2021-08-20,GOOGL,141.62,144.16,140.05,142.58,26235721
2021-08-20,MSFT,309.89,316.84,303.32,310.26,27235064
2021-08-20,TSLA,273.69,284.05,255.7,265.75,82989272
2021-08-23,AAPL,159.81,163.26,155.21,158.64,64034503
2021-08-23,AMZN,144.42,148.28,137.31,141.09,37046275
2021-08-23,GOOGL,148.06,151.24,141.89,145.0,25805770
2021-08-23,MSFT,306.91,313.12,302.1,308.29,32705943
2021-08-23,TSLA,268.68,283.79,258.04,272.98,107498319
2021-08-24,AAPL,159.04,161.27,154.87,157.08,95151928
2021-08-24,AMZN,141.4,143.24,139.21,141.06,77662752
2021-08-24,GOOGL,143.95,146.35,142.04,144.44,37308377
2021-08-24,MSFT,324.62,328.57,317.3,321.21,22112383
2021-08-24,TSLA,280.01,286.09,265.08,270.95,95416998
2021-08-25,AAPL,159.23,162.17,155.51,158.44,68643814
2021-08-25,AMZN,138.59,142.79,134.72,138.91,50544502
2021-08-25,GOOGL,139.97,141.51,138.46,140.01,28449602
2021-08-25,MSFT,314.27,320.65,310.44,316.78,13976621
2021-08-25,TSLA,272.0,278.85,259.71,266.41,83794500
2021-08-26,AAPL,156.92,160.13,153.69,156.9,59370569
2021-08-26,AMZN,137.86,145.0,135.01,142.07,22687349
2021-08-26,GOOGL,140.07,142.93,137.28,140.14,37025209
2021-08-26,MSFT,314.29,323.03,307.54,316.24,43919681
2021-08-26,TSLA,269.48,280.96,251.96,263.17,89160236
2021-08-27,AAPL,153.59,159.45,149.62,155.43,38812030
2021-08-27,AMZN,141.23,147.21,136.97,142.89,37085162
2021-08-27,GOOGL,136.36,141.06,133.5,138.16,24565587
2021-08-27,MSFT,311.31,316.56,308.47,313.7,30346228
2021-08-27,TSLA,244.18,254.03,233.07,242.87,92674831
2021-08-30,AAPL,154.49,159.38,151.12,155.98,60731782
2021-08-30,AMZN,141.06,145.35,136.97,141.26,37877435
2021-08-30,GOOGL,136.18,139.6,133.53,136.94,24697417
2021-08-30,MSFT,305.19,316.06,297.39,308.18,26448984
2021-08-30,TSLA,250.95,262.07,235.01,245.91,60672264
2021-08-31,AAPL,150.16,153.92,146.82,150.57,59533712
2021-08-31,AMZN,140.02,142.05,137.85,139.88,38905759
2021-08-31,GOOGL,137.84,140.96,133.63,136.72,21841124
2021-08-31,MSFT,310.95,315.52,305.99,310.55,37736963
2021-08-31,TSLA,232.07,247.9,220.61,236.24,79879342
2021-09-01,AAPL,145.2,148.69,142.52,146.0,80604952
2021-09-01,AMZN,138.46,141.37,135.06,137.96,30226860
2021-09-01,GOOGL,131.13,136.03,129.12,133.98,26886921
2021-09-01,MSFT,309.47,316.6,303.72,310.83,28990355
2021-09-01,TSLA,239.49,252.17,229.76,242.32,96541505
2021-09-02,AAPL,144.45,148.4,140.75,144.69,72515358
2021-09-02,AMZN,141.84,143.15,139.41,140.71,61417463
2021-09-02,GOOGL,130.34,133.02,127.27,129.94,22964604
2021-09-02,MSFT,317.08,323.6,309.27,315.77,37324222
2021-09-02,TSLA,245.44,252.97,234.78,242.2,62913962
2021-09-03,AAPL,142.36,145.23,139.41,142.28,45835251
2021-09-03,AMZN,138.23,142.15,135.66,139.55,49785886
2021-09-03,GOOGL,129.85,133.27,127.63,131.03,22074014
2021-09-03,MSFT,315.37,324.41,311.11,320.09,36724528
2021-09-03,TSLA,245.0,253.87,234.92,243.74,80276813
2021-09-06,AAPL,144.05,145.98,141.46,143.37,67799133
2021-09-06,AMZN,136.43,139.6,133.2,136.37,62115354
2021-09-06,GOOGL,133.11,135.57,128.97,131.4,13123119
2021-09-06,MSFT,321.74,329.6,317.02,324.84,19078353
2021-09-06,TSLA,249.76,263.54,236.67,250.42,151635318
2021-09-07,AAPL,141.2,144.91,137.59,141.29,75912381
2021-09-07,AMZN,138.8,143.2,135.14,139.53,46402712
2021-09-07,GOOGL,132.18,135.03,128.81,131.66,34161532
2021-09-07,MSFT,319.63,325.28,313.84,319.49,31219962
2021-09-07,TSLA,232.2,258.38,217.33,242.84,68180113
2021-09-08,AAPL,138.65,141.67,135.04,138.05,89830509
2021-09-08,AMZN,137.63,141.98,134.68,139.0,47622809
2021-09-08,GOOGL,131.27,136.81,127.81,133.3,22604595
2021-09-08,MSFT,326.86,331.0,318.75,322.83,40076999
2021-09-08,TSLA,244.76,256.48,235.01,246.64,85884419
2021-09-09,AAPL,142.23,144.45,139.93,142.15,79421939
2021-09-09,AMZN,134.13,138.59,130.94,135.37,39956180
2021-09-09,GOOGL,131.24,134.65,128.38,131.79,34218571
2021-09-09,MSFT,327.3,331.08,322.48,326.25,21009445
2021-09-09,TSLA,244.38,259.64,234.45,249.51,75199214
2021-09-10,AAPL,139.34,144.05,137.19,141.86,77363758
2021-09-10,AMZN,141.55,143.89,138.41,140.75,55630831
2021-09-10,GOOGL,133.56,136.73,129.8,132.95,24398452
2021-09-10,MSFT,318.68,324.14,314.86,320.29,21095377
2021-09-10,TSLA,250.5,261.18,237.77,248.36,92224337
2021-09-13,AAPL,141.13,145.13,138.37,142.34,65976397
2021-09-13,AMZN,138.97,145.8,136.07,142.82,45655279
2021-09-13,GOOGL,136.4,139.56,133.67,136.82,29028655
2021-09-13,MSFT,314.37,325.77,307.08,318.4,22279592
2021-09-13,TSLA,240.09,249.39,231.63,240.9,75645689
2021-09-14,AAPL,138.83,141.87,135.99,139.02,71310070
2021-09-14,AMZN,140.37,145.63,137.94,143.15,38093511
2021-09-14,GOOGL,136.47,139.59,133.14,136.27,25464368
2021-09-14,MSFT,308.81,316.42,302.93,310.51,34232930
2021-09-14,TSLA,243.97,258.33,232.45,246.69,89222975
2021-09-15,AAPL,136.54,140.67,133.93,138.04,85304454
2021-09-15,AMZN,147.45,150.81,139.46,142.71,58465716
2021-09-15,GOOGL,141.69,145.43,137.97,141.71,27591878
2021-09-15,MSFT,314.1,318.28,310.03,314.21,29990699
2021-09-15,TSLA,265.12,277.2,241.84,253.4,77934507
2021-09-16,AAPL,139.48,142.22,136.0,138.73,43342367
2021-09-16,AMZN,141.08,146.3,136.88,142.07,26971823
2021-09-16,GOOGL,143.09,147.57,137.42,141.86,18693523
2021-09-16,MSFT,311.46,324.64,304.77,317.82,14449593
2021-09-16,TSLA,259.4,269.44,244.9,254.77,120059285
2021-09-17,AAPL,138.15,141.9,132.57,136.27,59321610
2021-09-17,AMZN,143.58,146.55,138.48,141.4,32678829
2021-09-17,GOOGL,140.08,143.9,135.66,139.47,32389688
2021-09-17,MSFT,322.22,329.89,317.96,325.58,30386622
2021-09-17,TSLA,250.25,258.18,237.93,245.71,96938879
2021-09-20,AAPL,139.17,142.49,134.39,137.66,52445757
2021-09-20,AMZN,140.74,142.58,139.0,140.84,175880388
2021-09-20,GOOGL,141.86,144.73,139.07,141.93,22707248
2021-09-20,MSFT,321.99,326.31,319.72,324.02,26236595
2021-09-20,TSLA,251.11,255.89,237.19,241.79,71179399
2021-09-21,AAPL,136.35,139.21,133.75,136.61,71161238
2021-09-21,AMZN,138.54,142.46,135.46,139.36,46707034
2021-09-21,GOOGL,141.64,145.45,137.81,141.62,30785478
2021-09-21,MSFT,325.56,332.98,318.87,326.27,27214068
2021-09-21,TSLA,245.37,255.84,231.64,241.97,114968917
2021-09-22,AAPL,138.18,141.37,133.2,136.35,84991110
2021-09-22,AMZN,140.33,143.9,135.82,139.37,13668569
2021-09-22,GOOGL,143.08,148.02,139.75,144.65,15870810
2021-09-22,MSFT,331.33,339.91,322.92,331.49,22140859
2021-09-22,TSLA,245.23,257.84,236.1,248.58,72241167
2021-09-23,AAPL,135.53,137.21,133.66,135.35,55299167
2021-09-23,AMZN,138.02,140.12,135.81,137.9,50189320
2021-09-23,GOOGL,147.91,150.33,143.39,145.78,20284317
2021-09-23,MSFT,325.11,333.29,318.66,326.81,30437807
2021-09-23,TSLA,232.0,242.09,225.68,235.66,57853095
2021-09-24,AAPL,140.02,143.28,137.2,140.45,26157554
2021-09-24,AMZN,138.65,142.91,134.65,138.91,29768963
2021-09-24,GOOGL,149.01,152.49,141.34,144.72,27323638
2021-09-24,MSFT,322.89,325.27,319.14,321.51,35353207
2021-09-24,TSLA,235.82,241.28,226.54,231.91,94927740
2021-09-27,AAPL,140.0,144.69,136.11,140.78,58301412
2021-09-27,AMZN,139.1,141.57,136.7,139.17,34256857
2021-09-27,GOOGL,148.62,151.09,146.66,149.12,23977293
2021-09-27,MSFT,317.78,323.14,312.08,317.44,23506235
2021-09-27,TSLA,221.34,239.25,212.06,229.61,140297530
2021-09-28,AAPL,138.09,140.8,135.77,138.47,79843948
2021-09-28,AMZN,138.02,140.26,135.23,137.45,65509400
2021-09-28,GOOGL,147.5,150.95,143.98,147.43,27855395
2021-09-28,MSFT,314.55,320.47,309.65,315.55,16222807
2021-09-28,TSLA,229.66,234.16,225.48,229.97,51592976
2021-09-29,AAPL,140.47,142.85,138.58,140.96,73736485
2021-09-29,AMZN,136.58,138.92,135.25,137.58,56555162
2021-09-29,GOOGL,142.47,146.82,136.73,141.04,26297397
2021-09-29,MSFT,312.66,318.58,305.07,310.96,25878199
2021-09-29,TSLA,212.32,229.13,204.22,220.71,63389036
2021-09-30,AAPL,138.46,140.46,136.24,138.25,71958026
2021-09-30,AMZN,138.82,142.69,135.67,139.53,59981115
2021-09-30,GOOGL,145.04,148.66,140.01,143.59,36424646
2021-09-30,MSFT,309.04,312.96,303.67,307.57,33294007
2021-09-30,TSLA,220.66,230.34,210.62,220.28,112872484
2021-10-01,AAPL,139.4,141.09,137.51,139.2,60450108
2021-10-01,AMZN,132.01,137.7,127.73,133.38,33927011
2021-10-01,GOOGL,144.83,148.76,140.64,144.57,28377155
2021-10-01,MSFT,308.65,317.29,303.93,312.51,25052787
2021-10-01,TSLA,222.43,231.5,210.22,219.16,79744866
2021-10-04,AAPL,134.77,136.63,132.91,134.77,44215750
2021-10-04,AMZN,133.78,138.66,130.66,135.5,37088934
2021-10-04,GOOGL,146.83,150.9,144.22,148.27,22295746
2021-10-04,MSFT,312.07,315.2,309.02,312.15,17517157
2021-10-04,TSLA,213.64,220.24,206.03,212.6,109533778
2021-10-05,AAPL,132.62,134.74,129.98,132.1,73373532
2021-10-05,AMZN,135.05,137.26,130.31,132.48,42186656
2021-10-05,GOOGL,148.16,151.55,142.19,145.52,22542272
2021-10-05,MSFT,316.33,322.07,308.27,313.96,33342699
2021-10-05,TSLA,216.67,221.41,208.51,213.17,75109638
2021-10-06,AAPL,134.6,136.0,131.78,133.17,51442920
2021-10-06,AMZN,130.47,134.91,127.31,131.72,48683972
2021-10-06,GOOGL,145.71,149.23,141.22,144.72,32525798
2021-10-06,MSFT,313.95,317.07,308.06,311.15,37907437
2021-10-06,TSLA,217.83,226.8,201.92,210.59,98371601
2021-10-07,AAPL,136.69,139.16,133.08,135.53,100491571
2021-10-07,AMZN,125.94,129.22,121.38,124.63,36580160
2021-10-07,GOOGL,143.94,146.56,141.02,143.63,15447865
2021-10-07,MSFT,309.09,315.04,302.19,308.12,69097968
2021-10-07,TSLA,215.27,226.09,205.02,215.81,136431255
2021-10-08,AAPL,134.64,139.59,131.56,136.47,74270742
2021-10-08,AMZN,126.37,130.44,122.8,126.85,58783732
2021-10-08,GOOGL,145.26,149.84,141.76,146.32,28494968
2021-10-08,MSFT,309.31,314.01,305.24,309.93,16759463
2021-10-08,TSLA,220.92,227.33,204.47,210.58,66628495
2021-10-11,AAPL,133.53,138.46,131.78,136.67,55564465
2021-10-11,AMZN,126.26,127.93,123.89,125.55,44911857
2021-10-11,GOOGL,148.22,151.59,144.77,148.13,18026372
2021-10-11,MSFT,311.96,312.27,310.55,310.85,25775186
2021-10-11,TSLA,213.55,222.16,204.18,212.76,119314319
2021-10-12,AAPL,137.57,141.17,132.84,136.42,55064989
2021-10-12,AMZN,124.93,128.78,121.08,124.93,54909311
2021-10-12,GOOGL,145.92,152.21,142.39,148.62,31932672
2021-10-12,MSFT,317.39,324.07,308.59,315.23,29060772
2021-10-12,TSLA,211.71,222.63,197.5,208.25,111143036
2021-10-13,AAPL,131.68,136.09,128.95,133.32,63489656
2021-10-13,AMZN,123.52,128.7,120.76,125.89,32200103
2021-10-13,GOOGL,150.22,152.29,147.05,149.11,22298544
2021-10-13,MSFT,322.71,329.01,316.1,322.4,22332006
2021-10-13,TSLA,203.27,213.39,195.43,205.46,59630449
2021-10-14,AAPL,131.91,135.29,128.8,132.18,61108093
2021-10-14,AMZN,121.49,125.39,117.56,121.46,35811214
2021-10-14,GOOGL,146.98,151.04,141.52,145.54,28288975
2021-10-14,MSFT,319.15,326.78,310.92,318.53,32083605
2021-10-14,TSLA,215.2,221.83,202.82,209.27,108273887
2021-10-15,AAPL,130.3,133.59,128.42,131.69,83148548
2021-10-15,AMZN,123.2,125.91,119.73,122.42,42456741
2021-10-15,GOOGL,148.07,151.43,144.38,147.73,25232457
2021-10-15,MSFT,322.57,325.31,320.53,323.26,21647772
2021-10-15,TSLA,216.44,226.38,202.8,212.56,96729145
2021-10-18,AAPL,132.67,137.91,129.67,134.86,68029262
2021-10-18,AMZN,123.64,127.97,120.6,124.9,35408839
2021-10-18,GOOGL,148.51,152.84,145.64,149.95,16333151
2021-10-18,MSFT,313.67,321.6,309.38,317.27,28179393
2021-10-18,TSLA,216.37,222.27,205.19,210.94,97163482
2021-10-19,AAPL,136.91,138.57,134.6,136.24,53110984
2021-10-19,AMZN,129.16,131.1,124.19,126.09,50477243
2021-10-19,GOOGL,157.48,160.54,153.72,156.77,29001999
2021-10-19,MSFT,328.25,334.54,322.44,328.73,26401745
2021-10-19,TSLA,210.67,215.17,205.97,210.47,102992292
2021-10-20,AAPL,133.39,136.43,129.46,132.48,95719661
2021-10-20,AMZN,126.81,130.26,122.32,125.74,50676477
2021-10-20,GOOGL,159.08,162.22,154.72,157.84,20494585
2021-10-20,MSFT,322.24,330.56,315.82,324.1,32310983
2021-10-20,TSLA,197.06,210.26,188.48,201.49,86678811
2021-10-21,AAPL,133.18,136.41,130.66,133.88,65801260
2021-10-21,AMZN,127.65,129.47,124.76,126.56,97274081
2021-10-21,GOOGL,158.21,161.79,155.83,159.39,30011565
2021-10-21,MSFT,325.93,330.94,322.82,327.81,27900115
2021-10-21,TSLA,215.17,221.78,206.89,213.45,96664850
2021-10-22,AAPL,130.41,136.33,127.67,133.52,77493644
2021-10-22,AMZN,128.29,131.2,124.17,127.06,46579711
2021-10-22,GOOGL,161.92,166.31,156.07,160.42,18737501
2021-10-22,MSFT,325.51,331.76,315.41,321.59,26624558
2021-10-22,TSLA,213.62,227.13,206.85,220.15,213977788
2021-10-25,AAPL,131.84,134.03,130.3,132.49,55116319
2021-10-25,AMZN,126.61,132.16,124.29,129.79,60418540
2021-10-25,GOOGL,158.51,162.6,153.62,157.68,26512910
2021-10-25,MSFT,323.32,327.87,316.21,320.72,22379943
2021-10-25,TSLA,225.24,233.01,218.84,226.57,112718876
2021-10-26,AAPL,135.06,136.83,132.81,134.58,70900628
2021-10-26,AMZN,134.88,137.64,131.15,133.89,50445974
2021-10-26,GOOGL,160.79,165.45,156.58,161.23,25244153
2021-10-26,MSFT,324.52,331.75,322.08,329.26,28243383
2021-10-26,TSLA,216.09,222.58,208.9,215.37,58729925
2021-10-27,AAPL,135.85,140.6,132.96,137.68,70055537
2021-10-27,AMZN,136.43,140.23,129.54,133.25,46520014
2021-10-27,GOOGL,159.6,165.17,154.96,160.5,21233851
2021-10-27,MSFT,321.48,328.74,317.24,324.47,26178547
2021-10-27,TSLA,221.16,232.16,201.77,212.33,125658540
2021-10-28,AAPL,140.73,142.55,138.69,140.5,34293199
2021-10-28,AMZN,135.51,138.05,131.91,134.43,52953167
2021-10-28,GOOGL,159.08,162.73,155.71,159.36,33623437
2021-10-28,MSFT,335.71,343.36,329.12,336.75,21906288
2021-10-28,TSLA,212.52,223.67,200.26,211.34,67561854
2021-10-29,AAPL,138.78,141.65,135.94,138.8,97748220
2021-10-29,AMZN,132.69,136.78,128.98,133.06,56808201
2021-10-29,GOOGL,156.91,160.05,155.33,158.45,25209638
2021-10-29,MSFT,334.42,338.85,331.82,336.25,29116437
2021-10-29,TSLA,199.45,210.19,188.25,198.96,113088676
2021-11-01,AAPL,139.21,140.69,137.02,138.49,85972972
2021-11-01,AMZN,133.2,137.26,130.74,134.77,55179142
2021-11-01,GOOGL,158.2,161.96,154.04,157.79,22364657
2021-11-01,MSFT,342.33,349.26,334.5,341.41,30547799
2021-11-01,TSLA,206.89,216.74,197.28,207.12,96886821
2021-11-02,AAPL,139.94,143.1,136.64,139.79,58545576
2021-11-02,AMZN,134.85,139.57,131.91,136.59,39280213
2021-11-02,GOOGL,156.71,160.4,152.17,155.84,26867220
2021-11-02,MSFT,339.52,349.47,333.25,343.14,25631149
2021-11-02,TSLA,214.49,228.41,205.94,219.65,64572536
2021-11-03,AAPL,141.47,144.34,139.86,142.72,47088116
2021-11-03,AMZN,134.65,141.28,130.0,136.56,49022849
2021-11-03,GOOGL,157.98,162.61,151.57,156.15,15901989
2021-11-03,MSFT,347.97,353.43,339.73,345.16,34520984
2021-11-03,TSLA,237.89,242.64,232.79,237.53,107543454
2021-11-04,AAPL,143.38,146.39,138.87,141.85,70647876
2021-11-04,AMZN,137.94,141.53,134.93,138.52,37019395
2021-11-04,GOOGL,155.95,160.08,151.36,155.48,40323116
2021-11-04,MSFT,336.06,339.1,333.15,336.19,62233530
2021-11-04,TSLA,230.27,237.88,222.26,229.86,72546592
2021-11-05,AAPL,141.56,144.79,138.53,141.76,66408837
2021-11-05,AMZN,137.38,141.79,134.56,138.93,39455559
2021-11-05,GOOGL,155.18,158.41,151.36,154.57,18214401
2021-11-05,MSFT,332.11,336.09,329.1,333.07,19013022
2021-11-05,TSLA,227.97,245.27,214.83,231.9,120383894
2021-11-08,AAPL,139.32,141.34,137.33,139.35,70779620
2021-11-08,AMZN,138.97,142.24,135.93,139.19,44792416
2021-11-08,GOOGL,155.36,158.76,152.39,155.78,28448694
2021-11-08,MSFT,339.54,344.67,334.46,339.58,37361757
2021-11-08,TSLA,238.92,251.41,231.65,243.99,78117672
2021-11-09,AAPL,135.68,139.73,132.82,136.83,68113132
2021-11-09,AMZN,137.32,139.92,134.43,137.03,25515538
2021-11-09,GOOGL,154.31,159.72,150.29,155.67,25381983
2021-11-09,MSFT,335.89,340.88,332.1,337.08,33368915
2021-11-09,TSLA,240.51,254.9,228.27,242.56,141549333
2021-11-10,AAPL,138.83,142.09,136.14,139.39,73226416
2021-11-10,AMZN,135.48,140.0,133.49,137.98,43686431
2021-11-10,GOOGL,152.95,154.24,152.33,153.61,32377677
2021-11-10,MSFT,331.62,342.6,326.54,337.44,35012818
2021-11-10,TSLA,238.82,247.31,230.06,238.55,131428821
2021-11-11,AAPL,142.16,145.47,140.02,143.31,88518717
2021-11-11,AMZN,135.64,141.38,131.03,136.74,33085586
2021-11-11,GOOGL,153.17,156.45,147.77,151.01,26112006
2021-11-11,MSFT,328.28,335.38,321.15,328.25,30803520
2021-11-11,TSLA,222.49,225.83,220.96,224.29,99306437
2021-11-12,AAPL,143.25,145.28,141.46,143.48,74231677
2021-11-12,AMZN,138.88,142.31,136.32,139.73,28138897
2021-11-12,GOOGL,152.07,155.98,147.24,151.12,21010669
2021-11-12,MSFT,324.22,330.18,319.16,325.11,11635910
2021-11-12,TSLA,230.34,244.45,220.73,234.66,115595789
2021-11-15,AAPL,148.71,149.81,145.37,146.46,47943098
2021-11-15,AMZN,136.78,139.23,135.22,137.66,47949140
2021-11-15,GOOGL,149.29,152.17,145.82,148.69,13387649
2021-11-15,MSFT,328.64,336.45,323.55,331.32,35648330
2021-11-15,TSLA,236.68,248.11,224.12,235.49,74777542
2021-11-16,AAPL,145.87,150.63,142.97,147.69,87141646
2021-11-16,AMZN,138.91,141.69,136.1,138.88,37392138
2021-11-16,GOOGL,143.5,148.75,140.96,146.16,13874354
2021-11-16,MSFT,326.97,332.03,318.94,323.95,28425513
2021-11-16,TSLA,232.67,240.7,222.55,230.5,50069499
2021-11-17,AAPL,144.1,147.62,142.73,146.22,91659986
2021-11-17,AMZN,138.72,141.95,135.32,138.54,42199869
2021-11-17,GOOGL,144.24,147.38,140.66,143.79,23512377
2021-11-17,MSFT,329.78,337.09,320.65,327.91,30472534
2021-11-17,TSLA,234.41,245.65,222.7,233.91,134786057
2021-11-18,AAPL,149.42,152.19,144.74,147.47,116220921
2021-11-18,AMZN,139.12,142.5,136.38,139.74,37636251
2021-11-18,GOOGL,142.64,148.62,138.63,144.56,33564642
2021-11-18,MSFT,335.6,343.52,321.03,328.79,31782688
2021-11-18,TSLA,233.86,240.32,229.77,236.19,94847363
2021-11-19,AAPL,151.58,154.39,149.07,151.87,46743221
2021-11-19,AMZN,138.98,142.86,136.1,139.97,33833558
2021-11-19,GOOGL,146.21,151.43,142.89,148.07,14549068
2021-11-19,MSFT,329.65,335.97,321.06,327.33,41553939
2021-11-19,TSLA,241.03,245.96,233.67,238.55,106669607
2021-11-22,AAPL,150.99,155.19,147.71,151.9,68946832
2021-11-22,AMZN,137.94,140.72,135.19,137.97,41175704
2021-11-22,GOOGL,147.31,151.39,144.96,149.01,67613235
2021-11-22,MSFT,323.91,331.45,318.17,325.69,24176434
2021-11-22,TSLA,236.84,246.46,228.04,237.64,110594149
2021-11-23,AAPL,157.84,160.42,153.81,156.37,81551791
2021-11-23,AMZN,143.78,147.18,138.28,141.63,26377517
2021-11-23,GOOGL,150.39,155.7,146.29,151.56,31793361
2021-11-23,MSFT,320.46,328.81,314.64,322.95,24357179
2021-11-23,TSLA,247.25,262.6,237.35,252.5,87034462
2021-11-24,AAPL,148.36,151.59,145.95,149.17,73988673
2021-11-24,AMZN,137.23,143.01,133.64,139.36,39037609
2021-11-24,GOOGL,152.42,156.76,146.86,151.16,16570514
2021-11-24,MSFT,319.45,328.59,311.69,320.8,22042758
2021-11-24,TSLA,256.41,269.04,239.45,251.85,100372951
2021-11-25,AAPL,154.1,157.49,148.28,151.61,56091745
2021-11-25,AMZN,143.36,146.2,138.87,141.68,59807331
2021-11-25,GOOGL,151.76,154.06,149.12,151.41,47564164
2021-11-25,MSFT,324.19,332.37,317.89,326.03,20510402
2021-11-25,TSLA,268.77,279.98,255.97,267.11,132856374
2021-11-26,AAPL,152.93,155.95,148.99,152.0,96255994
2021-11-26,AMZN,134.7,142.17,129.68,137.06,28005234
2021-11-26,GOOGL,154.84,162.07,149.14,156.32,18847325
2021-11-26,MSFT,323.92,331.94,315.61,323.62,20639281
2021-11-26,TSLA,271.99,278.68,265.87,272.55,94229520
2021-11-29,AAPL,150.65,154.3,147.69,151.32,52412506
2021-11-29,AMZN,137.23,141.01,132.94,136.71,54261583
2021-11-29,GOOGL,157.67,161.76,154.51,158.59,26870544
2021-11-29,MSFT,329.4,338.73,324.51,333.77,15037646
2021-11-29,TSLA,268.29,286.15,258.3,275.88,117374906
2021-11-30,AAPL,154.67,157.85,148.61,151.73,37550775
2021-11-30,AMZN,143.24,146.24,138.71,141.68,60867978
2021-11-30,GOOGL,161.98,166.14,157.03,161.17,24648644
2021-11-30,MSFT,337.06,340.5,331.81,335.22,30986590
2021-11-30,TSLA,271.06,285.99,259.86,274.64,47707884
2021-12-01,AAPL,145.74,147.96,144.33,146.54,57341964
2021-12-01,AMZN,139.26,143.01,137.49,141.22,32144918
2021-12-01,GOOGL,160.95,164.87,155.94,159.84,24414826
2021-12-01,MSFT,331.92,336.43,327.16,331.66,41914645
2021-12-01,TSLA,294.09,298.6,279.7,284.06,121689314
2021-12-02,AAPL,147.24,150.49,143.03,146.26,32898323
2021-12-02,AMZN,142.4,145.5,138.8,141.88,43276089
2021-12-02,GOOGL,159.59,162.11,156.86,159.38,21846050
2021-12-02,MSFT,338.55,343.33,332.26,337.02,42361020
2021-12-02,TSLA,277.27,294.63,267.69,284.79,58852397
2021-12-03,AAPL,147.92,151.07,144.38,147.52,77205366
2021-12-03,AMZN,145.5,150.96,141.69,147.11,27002706
2021-12-03,GOOGL,158.41,163.02,155.67,160.25,26113682
2021-12-03,MSFT,336.97,348.85,328.48,340.28,22033423
2021-12-03,TSLA,274.04,283.91,265.41,275.25,118973459
2021-12-06,AAPL,153.56,155.48,149.88,151.78,31442400
2021-12-06,AMZN,148.69,152.58,143.04,146.89,25506295
2021-12-06,GOOGL,157.22,161.09,154.01,157.87,30232081
2021-12-06,MSFT,331.12,337.99,323.56,330.42,26094919
2021-12-06,TSLA,265.92,273.47,258.44,265.99,104277491
2021-12-07,AAPL,152.64,155.19,148.02,150.53,65462435
2021-12-07,AMZN,145.43,149.29,144.07,147.91,41671700
2021-12-07,GOOGL,153.8,155.15,148.91,150.23,24198760
2021-12-07,MSFT,328.13,332.64,320.08,324.54,36633395
2021-12-07,TSLA,271.64,282.57,259.26,270.12,92721883
2021-12-08,AAPL,148.59,151.23,145.91,148.55,31235557
2021-12-08,AMZN,148.6,153.26,145.37,150.0,44091801
2021-12-08,GOOGL,149.46,155.06,145.74,151.29,20858287
2021-12-08,MSFT,321.6,330.81,314.81,323.97,31026428
2021-12-08,TSLA,254.87,267.73,249.02,261.73,92634779
2021-12-09,AAPL,146.47,150.01,143.94,147.47,59795160
2021-12-09,AMZN,146.06,148.68,143.24,145.86,34330849
2021-12-09,GOOGL,154.65,155.98,152.74,154.07,31200671
2021-12-09,MSFT,313.07,320.6,307.95,315.45,28941609
2021-12-09,TSLA,262.25,272.58,251.16,261.45,262464241
2021-12-10,AAPL,150.83,153.82,147.23,150.21,91704895
2021-12-10,AMZN,145.72,150.15,140.23,144.64,28690061
2021-12-10,GOOGL,157.26,160.42,150.9,154.0,23616573
2021-12-10,MSFT,329.19,337.53,318.92,327.21,26202857
2021-12-10,TSLA,263.61,282.73,252.84,271.63,75509098
2021-12-13,AAPL,150.39,155.21,146.52,151.31,70860528
2021-12-13,AMZN,145.47,148.64,142.17,145.33,32160726
2021-12-13,GOOGL,151.52,154.36,149.1,151.93,28449808
2021-12-13,MSFT,329.09,336.9,324.05,331.82,36248110
2021-12-13,TSLA,275.01,287.77,261.81,274.54,90108063
2021-12-14,AAPL,152.78,156.42,146.48,150.06,50968228
2021-12-14,AMZN,141.55,142.48,139.88,140.81,48910932
2021-12-14,GOOGL,153.53,157.13,147.22,150.76,24375640
2021-12-14,MSFT,330.95,334.65,327.92,331.61,20488643
2021-12-14,TSLA,264.56,273.83,258.43,267.62,147441403
2021-12-15,AAPL,151.86,153.52,150.02,151.68,64492943
2021-12-15,AMZN,144.5,148.73,141.13,145.34,48979242
2021-12-15,GOOGL,143.65,145.62,142.67,144.64,31781511
2021-12-15,MSFT,333.7,339.05,324.28,329.56,31366125
2021-12-15,TSLA,277.04,286.7,271.72,281.3,125929784
2021-12-16,AAPL,151.62,155.37,148.38,152.12,65292774
2021-12-16,AMZN,146.27,149.25,144.99,147.96,46425090
2021-12-16,GOOGL,140.89,145.17,139.48,143.73,32707768
2021-12-16,MSFT,323.75,331.16,318.79,326.17,30414536
2021-12-16,TSLA,290.65,301.68,275.6,286.47,219713996
2021-12-17,AAPL,155.22,159.13,151.06,154.97,72680243
2021-12-17,AMZN,152.38,156.02,146.5,150.08,86455016
2021-12-17,GOOGL,139.83,142.95,137.53,140.64,32489377
2021-12-17,MSFT,319.65,322.9,312.31,315.51,28303603
2021-12-17,TSLA,295.19,305.89,285.74,296.41,101357575
2021-12-20,AAPL,151.25,156.18,148.21,153.11,42788551
2021-12-20,AMZN,155.26,161.06,148.69,154.46,29244383
2021-12-20,GOOGL,137.81,142.07,134.62,138.86,21550774
2021-12-20,MSFT,305.84,312.84,299.72,306.71,33514107
2021-12-20,TSLA,275.37,293.4,255.22,273.11,97279505
2021-12-21,AAPL,151.02,155.99,147.41,152.35,74629218
2021-12-21,AMZN,156.05,161.49,151.43,156.85,53127606
2021-12-21,GOOGL,133.61,138.78,130.76,135.88,21486765
2021-12-21,MSFT,314.41,325.14,306.78,317.44,28236161
2021-12-21,TSLA,278.72,289.82,265.27,276.27,91620530
2021-12-22,AAPL,153.08,157.5,147.07,151.44,21053635
2021-12-22,AMZN,153.34,159.59,149.87,156.05,56411679
2021-12-22,GOOGL,132.2,136.24,128.72,132.75,30460867
2021-12-22,MSFT,328.06,331.75,322.7,326.38,63434339
2021-12-22,TSLA,290.75,301.1,274.3,284.43,71184033
2021-12-23,AAPL,146.82,151.17,143.37,147.7,54764376
2021-12-23,AMZN,152.72,155.29,148.24,150.78,34750923
2021-12-23,GOOGL,131.8,134.52,127.81,130.5,50608880
2021-12-23,MSFT,323.57,330.67,316.17,323.27,28647579
2021-12-23,TSLA,295.11,311.49,285.32,301.49,105590077
2021-12-24,AAPL,147.39,151.67,144.54,148.79,57065550
2021-12-24,AMZN,150.76,155.14,144.47,148.78,38410993
2021-12-24,GOOGL,131.85,135.27,129.23,132.64,24786233
2021-12-24,MSFT,328.51,333.08,323.9,328.47,16855274
2021-12-24,TSLA,290.17,296.62,279.23,285.58,115094201
2021-12-27,AAPL,150.5,154.05,146.23,149.77,75291560
2021-12-27,AMZN,146.63,150.64,142.96,146.96,25329491
2021-12-27,GOOGL,131.2,133.48,129.42,131.69,20656795
2021-12-27,MSFT,329.17,336.92,323.61,331.33,32289003
2021-12-27,TSLA,297.58,309.75,285.32,297.49,75194906
2021-12-28,AAPL,151.64,154.49,147.22,150.04,65367751
2021-12-28,AMZN,148.11,152.03,145.25,149.15,45339373
2021-12-28,GOOGL,131.01,133.45,126.82,129.23,33808916
2021-12-28,MSFT,335.09,340.57,329.34,334.81,34077604
2021-12-28,TSLA,312.23,325.05,301.56,314.31,141444108
2021-12-29,AAPL,150.62,153.35,146.94,149.65,42159600
2021-12-29,AMZN,149.19,152.24,146.57,149.6,60757862
2021-12-29,GOOGL,130.72,134.33,128.12,131.71,31503078
2021-12-29,MSFT,320.9,332.15,315.48,326.64,23403698
2021-12-29,TSLA,285.79,301.62,276.02,291.65,131147577
2021-12-30,AAPL,147.45,149.82,143.79,146.14,48993861
2021-12-30,AMZN,144.63,147.16,142.41,144.95,49436308
2021-12-30,GOOGL,133.31,134.33,131.47,132.49,24256367
2021-12-30,MSFT,317.43,323.59,310.69,316.84,21738421
2021-12-30,TSLA,299.15,309.91,285.35,296.0,108018932
2021-12-31,AAPL,144.4,149.24,140.58,145.39,68228550
2021-12-31,AMZN,149.13,152.61,144.48,147.93,62119981
2021-12-31,GOOGL,124.61,128.63,122.78,126.77,20966293
2021-12-31,MSFT,327.23,331.09,319.85,323.66,23661738
2021-12-31,TSLA,296.88,313.02,285.8,301.75,65746657
2022-01-03,AAPL,143.03,146.85,141.08,144.88,63715155
2022-01-03,AMZN,150.55,155.17,147.78,152.37,36096159
2022-01-03,GOOGL,128.65,132.86,125.72,129.9,20689614
2022-01-03,MSFT,308.44,320.53,301.16,313.14,27558839
2022-01-03,TSLA,300.14,305.16,292.46,297.44,104533454
2022-01-04,AAPL,145.13,148.94,139.43,143.2,55589233
2022-01-04,AMZN,156.32,160.75,152.87,157.29,26923851
2022-01-04,GOOGL,130.31,133.34,127.56,130.58,77175273
2022-01-04,MSFT,311.77,318.97,305.67,312.85,29511201
2022-01-04,TSLA,301.49,314.7,278.88,291.65,101696977
2022-01-05,AAPL,142.81,146.19,139.85,143.23,57186450
2022-01-05,AMZN,153.27,157.69,149.16,153.57,55043080
2022-01-05,GOOGL,134.7,137.19,130.64,133.1,66910316
2022-01-05,MSFT,309.1,318.04,302.53,311.42,39308443
2022-01-05,TSLA,303.1,311.01,290.2,297.98,107187437
2022-01-06,AAPL,144.4,146.23,142.89,144.72,76312729
2022-01-06,AMZN,155.12,157.94,151.88,154.7,41718044
2022-01-06,GOOGL,131.69,135.08,129.54,132.91,19609864
2022-01-06,MSFT,305.57,313.58,301.59,309.55,38423637
2022-01-06,TSLA,297.99,307.98,281.14,290.9,132773526
2022-01-07,AAPL,151.94,154.98,147.14,150.15,56587495
2022-01-07,AMZN,152.9,156.73,147.72,151.52,31069426
2022-01-07,GOOGL,136.4,138.99,135.1,137.67,17219552
2022-01-07,MSFT,306.39,315.36,302.92,311.83,33820798
2022-01-07,TSLA,284.55,302.16,270.75,288.18,90820616
2022-01-10,AAPL,151.64,152.65,149.88,150.88,63568517
2022-01-10,AMZN,158.49,163.04,153.44,157.97,58723208
2022-01-10,GOOGL,137.29,138.24,135.96,136.91,25497838
2022-01-10,MSFT,305.71,315.92,298.67,308.81,28848824
2022-01-10,TSLA,300.0,316.1,280.15,296.05,143635881
2022-01-11,AAPL,152.45,155.71,148.58,151.83,100261469
2022-01-11,AMZN,160.94,164.73,154.33,158.04,33939308
2022-01-11,GOOGL,130.74,133.12,127.81,130.18,30404142
2022-01-11,MSFT,310.91,315.01,307.46,311.55,21511531
2022-01-11,TSLA,307.78,319.45,302.5,314.07,104654478
2022-01-12,AAPL,154.8,158.33,148.38,151.84,41865157
2022-01-12,AMZN,155.15,160.76,151.2,156.78,28802101
2022-01-12,GOOGL,127.04,132.08,123.37,128.37,25461453
2022-01-12,MSFT,315.94,321.55,307.32,312.88,39757460
2022-01-12,TSLA,317.43,329.99,306.22,318.74,88101499
2022-01-13,AAPL,146.05,149.07,143.89,146.9,34907555
2022-01-13,AMZN,157.35,161.05,151.32,154.97,46016104
2022-01-13,GOOGL,129.54,132.85,126.92,130.22,23441451
2022-01-13,MSFT,320.61,332.02,313.49,324.81,26266505
2022-01-13,TSLA,328.51,340.95,306.72,318.79,151985208
2022-01-14,AAPL,148.42,151.19,144.44,147.19,77733332
2022-01-14,AMZN,154.56,159.41,151.29,156.12,26982518
2022-01-14,GOOGL,132.56,136.02,127.71,131.13,17937497
2022-01-14,MSFT,318.25,323.46,312.27,317.46,29969618
2022-01-14,TSLA,308.37,317.66,302.45,311.68,114709932
2022-01-17,AAPL,147.78,152.0,143.49,147.71,53972050
2022-01-17,AMZN,157.19,162.0,153.06,157.85,50223506
2022-01-17,GOOGL,129.74,132.99,128.06,131.29,21037575
2022-01-17,MSFT,318.64,325.96,310.74,318.05,32391466
2022-01-17,TSLA,305.54,318.8,286.69,299.71,84200070
2022-01-18,AAPL,155.14,157.51,152.4,154.76,59828640
2022-01-18,AMZN,153.08,157.85,147.71,152.46,28476876
2022-01-18,GOOGL,129.63,132.44,126.39,129.19,30490081
2022-01-18,MSFT,325.37,330.45,315.8,320.81,28431170
2022-01-18,TSLA,316.29,327.74,299.51,310.76,97000143
2022-01-19,AAPL,156.5,158.42,152.48,154.37,52306208
2022-01-19,AMZN,159.09,163.28,153.0,157.14,117115899
2022-01-19,GOOGL,129.1,131.82,127.06,129.77,17167449
2022-01-19,MSFT,321.3,324.67,316.4,319.75,36057681
2022-01-19,TSLA,313.75,325.37,296.55,307.96,110086784
2022-01-20,AAPL,156.08,160.14,151.33,155.37,60778247
2022-01-20,AMZN,158.06,161.85,154.93,158.71,43166796
2022-01-20,GOOGL,132.08,134.13,128.23,130.25,36079519
2022-01-20,MSFT,314.61,320.56,307.02,312.94,31187743
2022-01-20,TSLA,312.44,327.63,304.51,319.52,91417050
2022-01-21,AAPL,156.16,160.63,150.97,155.41,90976244
2022-01-21,AMZN,164.04,167.31,160.11,163.37,42649183
2022-01-21,GOOGL,131.45,134.67,127.5,130.69,25531694
2022-01-21,MSFT,322.19,328.0,314.52,320.29,34920469
2022-01-21,TSLA,317.33,329.81,302.07,314.44,98180311
2022-01-24,AAPL,153.78,156.55,149.56,152.31,78034587
2022-01-24,AMZN,168.6,172.57,165.2,169.16,27123061
2022-01-24,GOOGL,133.78,136.36,130.05,132.61,15085405
2022-01-24,MSFT,319.97,332.41,310.15,322.51,31131418
2022-01-24,TSLA,305.31,319.56,291.93,306.15,203528997
2022-01-25,AAPL,155.19,159.36,151.55,155.7,79011132
2022-01-25,AMZN,164.39,172.99,159.95,168.45,38054685
2022-01-25,GOOGL,132.83,135.1,131.27,133.54,28145233
2022-01-25,MSFT,314.41,319.79,310.58,315.95,66280102
2022-01-25,TSLA,315.6,327.06,298.44,309.7,54976629
2022-01-26,AAPL,156.76,161.94,152.81,157.96,41986310
2022-01-26,AMZN,171.1,174.2,168.07,171.17,53735881
2022-01-26,GOOGL,134.39,137.16,130.55,133.3,27813885
2022-01-26,MSFT,321.85,326.91,313.81,318.83,28519299
2022-01-26,TSLA,298.87,316.89,290.02,307.78,97527458
2022-01-27,AAPL,158.78,162.53,156.56,160.29,46293751
2022-01-27,AMZN,166.5,171.15,164.08,168.7,37979832
2022-01-27,GOOGL,132.12,134.2,129.02,131.08,22264887
2022-01-27,MSFT,322.9,332.99,318.62,328.63,27564316
2022-01-27,TSLA,295.98,304.98,285.14,294.08,98325660
2022-01-28,AAPL,154.9,160.11,152.51,157.69,19500000
2022-01-28,AMZN,168.94,172.99,162.72,166.72,28491196
2022-01-28,GOOGL,135.9,137.44,133.67,135.2,30870646
2022-01-28,MSFT,326.68,333.93,321.36,328.58,51828612
2022-01-28,TSLA,314.02,325.74,301.11,312.78,107519090
2022-01-31,AAPL,164.8,168.86,157.81,161.8,51847561
2022-01-31,AMZN,174.34,178.03,168.4,172.04,35549289
2022-01-31,GOOGL,140.67,143.05,138.7,141.07,21125921
2022-01-31,MSFT,325.01,334.01,319.79,328.73,20994263
2022-01-31,TSLA,294.22,315.66,283.77,304.84,81315494
2022-02-01,AAPL,156.16,162.0,151.93,157.73,80546426
2022-02-01,AMZN,167.47,174.08,162.39,168.96,27417034
2022-02-01,GOOGL,146.55,151.28,141.59,146.31,28949919
2022-02-01,MSFT,338.45,342.7,333.54,337.78,33183832
2022-02-01,TSLA,309.08,327.92,295.33,313.95,63161835
2022-02-02,AAPL,159.17,162.84,155.82,159.49,73400380
2022-02-02,AMZN,167.56,170.47,166.42,169.32,18182677
2022-02-02,GOOGL,145.7,152.5,141.72,148.45,24782624
2022-02-02,MSFT,330.96,338.59,324.55,332.15,19184401
2022-02-02,TSLA,311.77,331.73,302.43,322.08,72073543
2022-02-03,AAPL,165.52,168.14,163.33,165.94,119455593
2022-02-03,AMZN,164.69,169.48,161.01,165.78,38235590
2022-02-03,GOOGL,146.1,147.25,142.43,143.57,23227580
2022-02-03,MSFT,343.95,349.42,336.69,342.13,25170436
2022-02-03,TSLA,302.87,313.58,296.14,306.77,120071301
2022-02-04,AAPL,163.3,167.99,158.17,162.85,64637620
2022-02-04,AMZN,164.2,167.23,160.28,163.29,41000104
2022-02-04,GOOGL,137.82,141.27,135.22,138.66,33393719
2022-02-04,MSFT,347.29,355.9,339.0,347.61,20649275
2022-02-04,TSLA,298.09,309.65,283.81,295.26,179481745
2022-02-07,AAPL,162.32,164.78,158.7,161.14,53805609
2022-02-07,AMZN,162.33,166.57,157.21,161.42,46988849
2022-02-07,GOOGL,136.98,140.1,134.34,137.44,31147161
2022-02-07,MSFT,337.32,346.49,332.7,341.81,24795967
2022-02-07,TSLA,292.57,301.34,282.83,291.57,84500576
2022-02-08,AAPL,162.67,165.3,158.8,161.42,68327331
2022-02-08,AMZN,172.26,175.57,163.11,166.31,44673652
2022-02-08,GOOGL,135.82,140.16,133.32,137.63,18078370
2022-02-08,MSFT,333.45,346.7,324.61,337.75,26913114
2022-02-08,TSLA,283.25,295.49,270.2,282.41,87580177
2022-02-09,AAPL,159.11,163.12,155.95,159.95,77445522
2022-02-09,AMZN,167.33,170.79,164.42,167.87,46146474
2022-02-09,GOOGL,138.63,140.85,135.49,137.7,27376886
2022-02-09,MSFT,334.66,340.84,328.5,334.68,25156363
2022-02-09,TSLA,294.35,310.33,284.03,299.81,80292190
2022-02-10,AAPL,155.34,159.68,151.24,155.58,38741839
2022-02-10,AMZN,170.74,175.33,165.99,170.58,39589294
2022-02-10,GOOGL,139.3,142.71,135.18,138.57,36834077
2022-02-10,MSFT,322.31,332.06,314.74,324.44,18001449
2022-02-10,TSLA,302.82,315.5,284.56,296.99,78536242
2022-02-11,AAPL,156.33,159.86,152.41,155.93,69869274
2022-02-11,AMZN,167.2,172.06,159.11,163.87,61274992
2022-02-11,GOOGL,134.67,138.53,131.21,135.07,33555528
2022-02-11,MSFT,324.74,331.95,319.02,326.21,26701286
2022-02-11,TSLA,305.63,313.18,298.19,305.73,74310815
2022-02-14,AAPL,152.79,156.23,149.7,153.13,80152066
2022-02-14,AMZN,164.33,167.68,160.5,163.84,31584991
2022-02-14,GOOGL,136.64,143.58,133.05,139.91,19316439
2022-02-14,MSFT,324.23,328.45,317.47,321.66,21287726
2022-02-14,TSLA,310.53,321.87,299.02,310.35,128265593
2022-02-15,AAPL,156.92,160.14,151.51,154.68,58254620
2022-02-15,AMZN,160.52,165.71,157.23,162.38,36828887
2022-02-15,GOOGL,143.44,147.64,140.29,144.47,34974873
2022-02-15,MSFT,325.8,330.9,318.65,323.71,23544099
2022-02-15,TSLA,317.29,326.07,303.52,312.15,111152391
2022-02-16,AAPL,153.01,155.8,149.56,152.34,76386384
2022-02-16,AMZN,164.55,169.33,159.21,163.96,56586360
2022-02-16,GOOGL,141.52,144.87,137.54,140.88,66147923
2022-02-16,MSFT,321.9,325.09,313.91,317.05,33183641
2022-02-16,TSLA,306.07,318.38,299.28,311.47,124635743
2022-02-17,AAPL,157.96,161.28,153.62,156.92,110738134
2022-02-17,AMZN,173.58,178.5,167.43,172.31,36100888
2022-02-17,GOOGL,136.32,138.76,133.54,135.97,18446422
2022-02-17,MSFT,321.78,327.95,316.49,322.65,34687750
2022-02-17,TSLA,325.41,333.86,315.7,324.11,129421819
2022-02-18,AAPL,155.78,156.46,154.19,154.86,63304429
2022-02-18,AMZN,162.9,167.98,158.42,163.48,38897827
2022-02-18,GOOGL,136.06,137.56,134.63,136.12,26297967
2022-02-18,MSFT,325.35,332.99,319.54,327.14,55300568
2022-02-18,TSLA,315.73,324.98,304.23,313.41,39190354
2022-02-21,AAPL,155.79,158.34,151.63,154.16,71391239
2022-02-21,AMZN,166.11,169.17,161.69,164.73,44041846
2022-02-21,GOOGL,139.41,141.46,137.96,140.01,72460129
2022-02-21,MSFT,324.67,330.27,317.95,323.52,38980661
2022-02-21,TSLA,328.54,347.65,312.75,331.71,103157047
2022-02-22,AAPL,156.91,159.94,153.63,156.66,53006572
2022-02-22,AMZN,173.64,176.57,169.46,172.37,51674611
2022-02-22,GOOGL,137.99,142.29,135.93,140.2,18269176
2022-02-22,MSFT,324.36,333.66,316.64,325.91,24429393
2022-02-22,TSLA,318.99,328.25,306.25,315.39,81078257
2022-02-23,AAPL,151.58,155.18,149.8,153.37,67945331
2022-02-23,AMZN,169.31,175.46,164.01,170.13,41420031
2022-02-23,GOOGL,142.58,145.26,138.56,141.22,29413088
2022-02-23,MSFT,325.24,332.02,319.96,326.71,23792929
2022-02-23,TSLA,325.59,332.64,315.9,322.89,121524229
2022-02-24,AAPL,154.81,157.92,151.15,154.25,72479413
2022-02-24,AMZN,173.12,177.42,166.11,170.34,31162559
2022-02-24,GOOGL,138.22,141.96,136.52,140.24,40185975
2022-02-24,MSFT,334.8,337.84,332.34,335.38,21758416
2022-02-24,TSLA,305.46,317.14,294.35,306.0,77390058
2022-02-25,AAPL,157.23,160.83,154.57,158.16,68166188
2022-02-25,AMZN,171.02,175.26,168.23,172.44,35899231
2022-02-25,GOOGL,140.65,142.8,138.79,140.93,33532662
2022-02-25,MSFT,334.24,345.97,318.05,329.61,28391384
2022-02-25,TSLA,301.06,312.41,290.43,301.76,69963943
2022-02-28,AAPL,153.03,157.98,148.82,153.76,93785295
2022-02-28,AMZN,165.18,168.54,161.09,164.43,45400061
2022-02-28,GOOGL,142.41,146.45,139.88,143.9,26012427
2022-02-28,MSFT,330.98,335.44,324.57,329.01,41870851
2022-02-28,TSLA,304.76,313.85,292.98,301.99,60941410
2022-03-01,AAPL,155.33,159.45,150.42,154.52,68353378
2022-03-01,AMZN,164.17,168.77,160.63,165.21,37048899
2022-03-01,GOOGL,146.72,150.41,141.62,145.27,23241434
2022-03-01,MSFT,327.95,335.15,318.57,325.71,17222384
2022-03-01,TSLA,300.24,310.24,286.29,296.15,87811470
2022-03-02,AAPL,157.2,159.63,153.06,155.47,88760684
2022-03-02,AMZN,159.43,165.62,156.19,162.32,35326990
2022-03-02,GOOGL,147.96,151.22,143.87,147.11,27052428
2022-03-02,MSFT,330.79,333.88,323.29,326.33,13601796
2022-03-02,TSLA,294.04,307.34,280.42,293.71,116729949
2022-03-03,AAPL,157.9,160.62,155.16,157.87,72290331
2022-03-03,AMZN,170.01,173.27,166.13,169.38,72971338
2022-03-03,GOOGL,141.88,144.5,139.78,142.39,18904888
2022-03-03,MSFT,332.2,338.26,323.65,329.67,29879573
2022-03-03,TSLA,284.81,296.79,267.59,279.34,101083971
2022-03-04,AAPL,154.96,157.68,151.81,154.53,80632291
2022-03-04,AMZN,171.77,176.71,163.52,168.36,51934823
2022-03-04,GOOGL,149.88,152.92,145.84,148.86,22015345
2022-03-04,MSFT,323.17,330.53,318.98,326.3,31985374
2022-03-04,TSLA,272.92,284.15,258.71,269.81,66437103
2022-03-07,AAPL,153.44,155.83,148.77,151.12,61148555
2022-03-07,AMZN,165.52,169.64,161.49,165.62,38784224
2022-03-07,GOOGL,141.92,145.8,140.21,144.07,12738932
2022-03-07,MSFT,327.11,327.96,323.82,324.66,28368705
2022-03-07,TSLA,266.21,281.02,260.2,274.81,146125653
2022-03-08,AAPL,153.22,156.14,149.97,152.88,77185878
2022-03-08,AMZN,165.78,174.35,159.94,168.42,38847629
2022-03-08,GOOGL,144.6,146.86,142.45,144.71,27715997
2022-03-08,MSFT,333.32,338.5,325.33,330.47,32170596
2022-03-08,TSLA,268.44,293.18,250.91,275.2,110426542
2022-03-09,AAPL,157.6,159.79,151.85,153.99,69538102
2022-03-09,AMZN,170.3,175.26,164.96,169.9,46798896
2022-03-09,GOOGL,142.93,145.91,141.49,144.45,22890619
2022-03-09,MSFT,340.33,346.03,332.79,338.45,20081173
2022-03-09,TSLA,274.29,286.91,256.35,268.73,113463490
2022-03-10,AAPL,155.73,157.58,153.1,154.94,49547700
2022-03-10,AMZN,171.35,176.61,167.6,172.83,26376399
2022-03-10,GOOGL,145.81,149.1,141.07,144.33,28862821
2022-03-10,MSFT,340.77,346.76,335.36,341.34,21385911
2022-03-10,TSLA,280.56,293.17,269.22,281.78,125519434
2022-03-11,AAPL,153.67,159.48,150.39,156.14,70175966
2022-03-11,AMZN,181.5,186.93,174.14,179.51,40419871
2022-03-11,GOOGL,147.61,150.31,144.36,147.06,25748562
2022-03-11,MSFT,342.07,348.31,334.28,340.49,28867705
2022-03-11,TSLA,270.69,276.85,263.76,269.91,56044879
2022-03-14,AAPL,155.49,158.81,151.13,154.44,48884929
2022-03-14,AMZN,176.3,180.83,172.21,176.73,55053217
2022-03-14,GOOGL,146.04,148.83,142.34,145.1,18682465
2022-03-14,MSFT,339.07,344.43,333.77,339.13,40306485
2022-03-14,TSLA,272.09,284.32,254.78,266.77,73353439
2022-03-15,AAPL,155.87,158.0,153.21,155.34,54715695
2022-03-15,AMZN,179.3,189.32,172.8,182.7,39361665
2022-03-15,GOOGL,143.23,147.6,139.67,144.02,26253056
2022-03-15,MSFT,339.49,348.28,333.6,342.34,31924764
2022-03-15,TSLA,262.41,270.25,254.61,262.44,114546519
2022-03-16,AAPL,158.2,161.81,152.81,156.39,68076584
2022-03-16,AMZN,190.33,193.95,185.72,189.32,42195156
2022-03-16,GOOGL,142.01,144.0,138.98,140.96,20540812
2022-03-16,MSFT,341.48,349.75,335.37,343.61,32250427
2022-03-16,TSLA,268.82,277.68,259.79,268.65,75744964
2022-03-17,AAPL,155.52,157.79,152.33,154.58,69830219
2022-03-17,AMZN,185.79,190.22,180.96,185.38,41971708
2022-03-17,GOOGL,142.85,147.75,139.59,144.46,35346456
2022-03-17,MSFT,336.02,341.67,328.4,334.02,20484264
2022-03-17,TSLA,265.31,274.08,260.71,269.41,88468430
2022-03-18,AAPL,159.92,163.23,156.83,160.12,45674972
2022-03-18,AMZN,181.44,185.15,178.32,182.01,50613443
2022-03-18,GOOGL,144.01,150.07,139.42,145.43,19728215
2022-03-18,MSFT,334.89,342.93,329.49,337.49,30956835
2022-03-18,TSLA,270.42,276.36,262.78,268.68,93153659
2022-03-21,AAPL,159.81,165.22,156.23,161.59,82127268
2022-03-21,AMZN,179.55,184.9,176.21,181.53,42012249
2022-03-21,GOOGL,147.21,149.55,145.13,147.47,22062039
2022-03-21,MSFT,330.39,336.83,326.28,332.69,19724955
2022-03-21,TSLA,254.76,264.85,242.19,252.18,64661622
2022-03-22,AAPL,157.92,161.03,155.1,158.22,74295102
2022-03-22,AMZN,183.51,186.96,176.73,180.12,64685848
2022-03-22,GOOGL,148.6,151.59,147.02,150.0,18665015
2022-03-22,MSFT,327.1,333.65,318.51,325.02,40374301
2022-03-22,TSLA,258.09,272.61,246.33,260.73,86430591
2022-03-23,AAPL,159.03,163.53,155.77,160.25,53548162
2022-03-23,AMZN,185.2,191.44,179.87,186.08,42312763
2022-03-23,GOOGL,157.25,159.21,154.19,156.14,18123597
2022-03-23,MSFT,316.75,321.68,311.47,316.39,20916508
2022-03-23,TSLA,255.11,270.23,244.34,259.29,116719451
2022-03-24,AAPL,156.74,159.96,154.36,157.56,40014247
2022-03-24,AMZN,183.67,187.77,177.9,181.96,35642472
2022-03-24,GOOGL,161.0,165.38,157.41,161.77,25187893
2022-03-24,MSFT,317.51,322.32,311.17,315.96,22424635
2022-03-24,TSLA,272.92,284.34,250.02,260.93,112324529
2022-03-25,AAPL,160.84,163.57,157.28,159.99,62645300
2022-03-25,AMZN,181.35,183.24,180.35,182.24,157508660
2022-03-25,GOOGL,160.75,167.45,155.85,162.5,17215686
2022-03-25,MSFT,308.03,317.38,301.99,311.28,17688470
2022-03-25,TSLA,254.3,263.46,245.57,254.71,121434098
2022-03-28,AAPL,165.94,168.74,160.72,163.48,57753414
2022-03-28,AMZN,179.96,183.85,174.83,178.68,37893138
2022-03-28,GOOGL,160.71,167.6,155.85,162.68,23825661
2022-03-28,MSFT,301.46,306.91,294.63,300.05,28600714
2022-03-28,TSLA,244.5,255.07,236.99,247.46,118984552
2022-03-29,AAPL,161.66,163.92,158.84,161.09,66838532
2022-03-29,AMZN,178.65,181.31,175.9,178.55,34003985
2022-03-29,GOOGL,161.74,165.79,156.59,160.62,27687637
2022-03-29,MSFT,297.73,303.43,293.73,299.41,28306541
2022-03-29,TSLA,265.0,275.08,251.81,261.76,104639505
2022-03-30,AAPL,162.23,166.79,159.46,163.99,59099354
2022-03-30,AMZN,186.26,189.66,182.82,186.21,28115727
2022-03-30,GOOGL,158.61,166.86,154.6,162.75,22352224
2022-03-30,MSFT,295.54,305.09,288.63,298.12,38592687
2022-03-30,TSLA,246.29,257.26,235.55,246.51,102758614
2022-03-31,AAPL,165.88,167.48,163.63,165.22,32378826
2022-03-31,AMZN,190.99,198.1,185.6,192.66,44787591
2022-03-31,GOOGL,163.06,168.48,159.34,164.73,11231681
2022-03-31,MSFT,297.32,301.87,294.07,298.6,33434904
2022-03-31,TSLA,233.96,246.85,225.76,238.49,101016605
2022-04-01,AAPL,169.45,172.05,165.07,167.65,58689362
2022-04-01,AMZN,194.26,196.69,190.77,193.19,35425396
2022-04-01,GOOGL,164.22,168.22,158.0,161.95,33337258
2022-04-01,MSFT,300.09,303.61,293.17,296.65,22464633
2022-04-01,TSLA,254.53,266.67,240.35,252.39,80107629
2022-04-04,AAPL,172.41,176.21,169.57,173.36,60033689
2022-04-04,AMZN,197.6,200.22,192.14,194.73,32226456
2022-04-04,GOOGL,163.42,167.56,159.85,163.98,26666145
2022-04-04,MSFT,306.41,313.63,300.15,307.36,34113768
2022-04-04,TSLA,255.07,267.41,246.72,258.93,70538812
2022-04-05,AAPL,172.11,175.18,169.25,172.32,75296991
2022-04-05,AMZN,193.46,197.64,191.42,195.58,34341868
2022-04-05,GOOGL,168.14,170.7,164.41,166.95,26741087
2022-04-05,MSFT,316.92,325.14,303.04,311.1,19295390
2022-04-05,TSLA,263.69,270.21,250.28,256.62,78622063
2022-04-06,AAPL,169.77,172.61,166.92,169.75,53654255
2022-04-06,AMZN,191.56,196.83,188.0,193.25,36366795
2022-04-06,GOOGL,163.49,168.44,157.86,162.79,23549608
2022-04-06,MSFT,303.96,313.74,299.69,309.39,22971528
2022-04-06,TSLA,271.1,280.56,259.4,268.78,87256803
2022-04-07,AAPL,165.72,169.84,162.79,166.9,92278463
2022-04-07,AMZN,206.32,208.45,198.06,200.13,48327147
2022-04-07,GOOGL,162.77,167.65,158.21,163.08,30068081
2022-04-07,MSFT,305.95,315.95,300.11,310.03,28829216
2022-04-07,TSLA,272.05,283.24,262.22,273.37,79424133
2022-04-08,AAPL,165.35,168.75,161.01,164.39,33935841
2022-04-08,AMZN,202.31,206.69,200.11,204.46,44835358
2022-04-08,GOOGL,159.84,165.03,157.38,162.53,30862470
2022-04-08,MSFT,322.15,325.66,315.08,318.56,20076795
2022-04-08,TSLA,276.35,285.79,266.41,275.83,104828503
2022-04-11,AAPL,163.99,167.9,160.26,164.17,86306471
2022-04-11,AMZN,202.87,208.05,198.9,204.06,38554597
2022-04-11,GOOGL,160.05,166.08,156.23,162.2,31487318
2022-04-11,MSFT,328.88,332.91,320.55,324.53,35452611
2022-04-11,TSLA,282.56,296.25,264.69,278.16,99795011
2022-04-12,AAPL,165.82,168.22,162.8,165.2,61354816
2022-04-12,AMZN,204.68,209.38,197.11,201.75,45608391
2022-04-12,GOOGL,156.71,163.41,152.2,158.84,26679518
2022-04-12,MSFT,315.15,324.71,307.97,317.48,43955189
2022-04-12,TSLA,283.74,296.07,270.53,282.82,290478984
2022-04-13,AAPL,164.68,167.92,162.79,166.01,78968254
2022-04-13,AMZN,202.77,205.87,196.76,199.81,38936593
2022-04-13,GOOGL,153.7,157.16,149.52,152.96,16400155
2022-04-13,MSFT,313.21,319.12,307.12,313.03,25938345
2022-04-13,TSLA,298.5,304.47,282.07,287.81,103345941
2022-04-14,AAPL,167.8,170.55,165.72,168.46,66296774
2022-04-14,AMZN,194.9,204.65,190.36,200.0,42065666
2022-04-14,GOOGL,151.66,154.51,147.83,150.65,27532328
2022-04-14,MSFT,311.66,318.81,302.68,309.79,23438191
2022-04-14,TSLA,316.77,332.96,294.72,310.59,123397018
2022-04-15,AAPL,169.49,172.09,165.81,168.39,83517777
2022-04-15,AMZN,200.21,204.56,194.31,198.62,33330597
2022-04-15,GOOGL,146.74,152.27,142.55,148.04,26671456
2022-04-15,MSFT,307.87,315.42,300.93,308.47,27092872
2022-04-15,TSLA,310.19,312.12,305.65,307.57,94796393
2022-04-18,AAPL,172.17,175.53,169.4,172.75,58705368
2022-04-18,AMZN,201.81,207.15,196.88,202.22,33422960
2022-04-18,GOOGL,149.11,152.44,145.9,149.23,21570940
2022-04-18,MSFT,306.78,308.73,304.45,306.39,46725962
2022-04-18,TSLA,299.99,322.55,282.71,304.99,118948774
2022-04-19,AAPL,174.37,176.78,169.32,171.7,47147418
2022-04-19,AMZN,202.63,205.88,199.7,202.95,41513475
2022-04-19,GOOGL,150.46,152.9,148.0,150.44,19988399
2022-04-19,MSFT,307.69,311.05,304.31,307.67,29832113
2022-04-19,TSLA,290.62,300.69,281.32,291.37,107268902
2022-04-20,AAPL,179.46,182.09,177.48,180.11,88083194
2022-04-20,AMZN,200.04,206.74,191.0,197.62,41535902
2022-04-20,GOOGL,151.58,153.56,149.48,151.46,28393989
2022-04-20,MSFT,308.69,318.37,303.01,312.62,18743168
2022-04-20,TSLA,292.98,302.65,280.95,290.54,121828796
2022-04-21,AAPL,182.04,184.87,178.85,181.68,63155939
2022-04-21,AMZN,191.11,194.46,188.47,191.81,50111808
2022-04-21,GOOGL,146.21,147.69,145.86,147.33,24526020
2022-04-21,MSFT,317.48,321.07,314.83,318.41,66553305
2022-04-21,TSLA,305.37,320.48,294.88,309.83,133347458
2022-04-22,AAPL,179.89,183.3,175.01,178.39,68600325
2022-04-22,AMZN,193.85,198.22,190.54,194.9,44993246
2022-04-22,GOOGL,146.6,151.26,139.64,144.23,22561745
2022-04-22,MSFT,317.47,321.16,313.75,317.44,41383462
2022-04-22,TSLA,327.02,339.79,307.3,319.78,108695427
2022-04-25,AAPL,172.36,178.29,168.71,174.59,85064718
2022-04-25,AMZN,188.57,193.8,184.0,189.21,35080533
2022-04-25,GOOGL,143.69,145.84,140.58,142.72,35452537
2022-04-25,MSFT,309.81,317.33,302.02,309.54,13985002
2022-04-25,TSLA,307.25,323.51,296.49,312.57,97464495
2022-04-26,AAPL,173.05,178.47,170.45,175.83,48230727
2022-04-26,AMZN,186.32,191.07,182.27,187.01,27199270
2022-04-26,GOOGL,143.2,146.89,139.4,143.09,29197137
2022-04-26,MSFT,300.64,309.48,296.36,305.13,19819467
2022-04-26,TSLA,308.46,322.42,298.1,311.94,97311060
2022-04-27,AAPL,172.41,177.57,169.69,174.81,74676727
2022-04-27,AMZN,185.22,190.1,179.68,184.54,48825908
2022-04-27,GOOGL,141.69,144.49,139.64,142.43,27715852
2022-04-27,MSFT,305.55,311.85,297.34,303.6,24884598
2022-04-27,TSLA,294.28,311.69,279.94,297.21,83833555
2022-04-28,AAPL,178.8,181.12,174.49,176.79,55414210
2022-04-28,AMZN,181.65,185.11,175.74,179.16,43316711
2022-04-28,GOOGL,142.44,146.65,139.45,143.63,32615201
2022-04-28,MSFT,298.76,303.79,293.4,298.43,31793249
2022-04-28,TSLA,290.58,302.48,275.11,286.85,83035411
2022-04-29,AAPL,177.07,181.13,173.92,177.96,62852247
2022-04-29,AMZN,180.65,183.04,177.45,179.84,49692227
2022-04-29,GOOGL,147.34,150.68,143.42,146.75,27064867
2022-04-29,MSFT,302.91,309.79,298.81,305.65,34232674
2022-04-29,TSLA,284.16,295.41,277.07,288.22,116425282
2022-05-02,AAPL,181.43,183.87,174.97,177.35,66174533
2022-05-02,AMZN,178.84,180.91,176.81,178.87,44587627
2022-05-02,GOOGL,143.36,145.85,141.56,144.04,20599339
2022-05-02,MSFT,305.32,307.92,298.17,300.73,33669541
2022-05-02,TSLA,274.19,295.21,262.46,283.1,72112830
2022-05-03,AAPL,173.44,178.0,169.78,174.32,40621394
2022-05-03,AMZN,177.04,182.74,170.36,176.03,58049625
2022-05-03,GOOGL,141.76,145.41,137.93,141.57,22565035
2022-05-03,MSFT,304.31,310.76,298.78,305.21,16158087
2022-05-03,TSLA,278.12,289.39,261.87,272.93,133350850
2022-05-04,AAPL,169.67,171.08,167.97,169.38,52343898
2022-05-04,AMZN,185.02,188.55,180.01,183.51,37836201
2022-05-04,GOOGL,139.6,144.98,136.98,142.3,29574641
2022-05-04,MSFT,297.05,305.04,289.8,297.76,23279579
2022-05-04,TSLA,275.78,286.07,267.7,277.94,91396572
2022-05-05,AAPL,170.26,173.0,165.23,167.93,86954934
2022-05-05,AMZN,174.85,178.34,170.33,173.79,40414082
2022-05-05,GOOGL,141.65,145.72,138.34,142.4,28905242
2022-05-05,MSFT,304.16,308.32,298.38,302.51,21697781
2022-05-05,TSLA,272.1,289.29,260.31,277.28,162974349
2022-05-06,AAPL,173.57,176.97,167.14,170.49,79400606
2022-05-06,AMZN,169.18,175.89,163.71,170.38,47904707
2022-05-06,GOOGL,144.71,149.03,140.55,144.87,27789458
2022-05-06,MSFT,307.92,313.26,297.81,303.07,27543607
2022-05-06,TSLA,259.17,271.4,250.53,262.64,78538508
2022-05-09,AAPL,174.19,177.5,167.77,171.02,63982106
2022-05-09,AMZN,168.89,171.91,165.13,168.14,48630158
2022-05-09,GOOGL,146.56,150.14,141.6,145.15,17889362
2022-05-09,MSFT,314.06,316.97,309.37,312.25,28127960
2022-05-09,TSLA,252.14,260.38,236.79,244.79,100941986
2022-05-10,AAPL,168.91,174.4,161.65,167.09,68950756
2022-05-10,AMZN,159.66,166.75,156.29,163.3,43270959
2022-05-10,GOOGL,149.17,153.48,146.27,150.56,30083474
2022-05-10,MSFT,309.47,313.67,303.14,307.31,18415410
2022-05-10,TSLA,238.23,248.81,230.52,241.0,86643579
2022-05-11,AAPL,169.14,172.5,164.26,167.59,60218559
2022-05-11,AMZN,174.02,176.54,168.78,171.26,24089056
2022-05-11,GOOGL,143.78,150.57,139.23,145.95,24593663
2022-05-11,MSFT,302.93,311.25,297.25,305.53,24923119
2022-05-11,TSLA,228.58,231.26,226.41,229.08,76164252
2022-05-12,AAPL,169.63,171.76,166.61,168.73,87044480
2022-05-12,AMZN,182.2,184.52,177.04,179.32,22320343
2022-05-12,GOOGL,149.33,152.27,145.73,148.67,28749635
2022-05-12,MSFT,305.04,311.38,298.48,304.82,32063629
2022-05-12,TSLA,214.26,222.31,207.94,215.95,120265258
2022-05-13,AAPL,167.17,170.09,163.1,166.0,61744270
2022-05-13,AMZN,177.95,183.81,170.51,176.31,36140506
2022-05-13,GOOGL,149.33,152.49,146.26,149.42,19811474
2022-05-13,MSFT,303.88,311.32,297.85,305.26,23601684
2022-05-13,TSLA,221.6,236.11,212.19,226.49,68743087
2022-05-16,AAPL,165.66,167.89,164.27,166.49,68767433
2022-05-16,AMZN,183.06,189.1,174.74,180.7,40218150
2022-05-16,GOOGL,142.92,148.19,140.2,145.43,37287714
2022-05-16,MSFT,306.52,308.55,302.67,304.69,26598366
2022-05-16,TSLA,224.29,235.14,216.49,227.24,78943230
2022-05-17,AAPL,165.44,169.6,162.54,166.67,83622989
2022-05-17,AMZN,182.33,187.48,177.33,182.47,21320149
2022-05-17,GOOGL,137.45,141.55,135.71,139.78,26546849
2022-05-17,MSFT,306.31,310.81,299.79,304.25,39878228
2022-05-17,TSLA,221.48,231.52,216.72,226.65,108925093
2022-05-18,AAPL,163.28,165.49,161.07,163.28,52367713
2022-05-18,AMZN,186.87,193.48,181.78,188.35,39701907
2022-05-18,GOOGL,136.19,138.72,134.56,137.08,22390329
2022-05-18,MSFT,307.96,311.68,300.08,303.74,41930206
2022-05-18,TSLA,230.47,240.87,216.45,226.68,112692819
2022-05-19,AAPL,164.2,168.22,160.43,164.45,207141229
2022-05-19,AMZN,184.72,192.0,179.96,187.18,46511871
2022-05-19,GOOGL,140.82,143.29,138.47,140.94,29038662
2022-05-19,MSFT,289.08,299.02,284.62,294.48,12870472
2022-05-19,TSLA,219.69,226.69,212.32,219.3,61942721
2022-05-20,AAPL,165.52,168.7,163.03,166.2,40130002
2022-05-20,AMZN,190.17,193.27,185.1,188.17,105734986
2022-05-20,GOOGL,146.47,148.51,142.45,144.46,30362863
2022-05-20,MSFT,299.43,305.99,294.51,301.05,28797283
2022-05-20,TSLA,233.96,239.14,219.24,224.21,108814826
2022-05-23,AAPL,170.56,173.52,166.56,169.5,91481684
2022-05-23,AMZN,191.52,197.45,187.15,193.04,42951265
2022-05-23,GOOGL,142.82,147.03,140.2,144.38,28962979
2022-05-23,MSFT,321.0,328.2,310.36,317.49,48419229
2022-05-23,TSLA,221.99,237.86,209.08,224.78,98061372
2022-05-24,AAPL,174.16,176.7,170.16,172.68,58944021
2022-05-24,AMZN,196.48,200.77,192.97,197.25,45878175
2022-05-24,GOOGL,144.41,148.01,140.05,143.64,18782473
2022-05-24,MSFT,316.23,325.97,310.38,320.05,31351928
2022-05-24,TSLA,217.13,225.72,211.93,220.45,73204070
2022-05-25,AAPL,168.42,173.04,163.68,168.29,61056145
2022-05-25,AMZN,197.3,198.22,195.91,196.83,23987318
2022-05-25,GOOGL,138.74,144.0,136.31,141.51,32141671
2022-05-25,MSFT,316.94,324.62,307.16,314.78,28129430
2022-05-25,TSLA,223.3,233.18,207.84,217.46,76264063
2022-05-26,AAPL,167.65,170.37,162.76,165.45,34287334
2022-05-26,AMZN,191.9,197.36,186.51,191.97,46525818
2022-05-26,GOOGL,141.88,144.9,138.35,141.37,22844623
2022-05-26,MSFT,313.29,317.5,306.13,310.3,37188817
2022-05-26,TSLA,213.89,219.65,204.35,210.0,46705528
2022-05-27,AAPL,165.33,171.71,160.72,167.05,57609585
2022-05-27,AMZN,188.6,193.22,183.47,188.08,32664662
2022-05-27,GOOGL,142.53,144.95,138.03,140.42,24899409
2022-05-27,MSFT,314.64,317.79,311.56,314.71,29526649
2022-05-27,TSLA,210.34,218.0,201.32,208.93,135789305
2022-05-30,AAPL,168.33,172.4,164.56,168.62,48103143
2022-05-30,AMZN,176.8,182.51,174.56,180.22,37618937
2022-05-30,GOOGL,145.94,151.09,140.59,145.73,11195291
2022-05-30,MSFT,313.99,325.59,306.32,317.83,32963960
2022-05-30,TSLA,205.04,214.46,199.81,209.12,119116234
2022-05-31,AAPL,169.06,173.67,165.58,170.16,55125746
2022-05-31,AMZN,182.32,186.19,178.9,182.77,33389081
2022-05-31,GOOGL,141.49,146.58,137.38,142.44,22099683
2022-05-31,MSFT,316.92,323.34,310.83,317.25,26527868
2022-05-31,TSLA,214.24,218.95,203.32,207.89,64382806
2022-06-01,AAPL,179.24,185.95,175.66,182.3,62768696
2022-06-01,AMZN,184.63,189.73,177.99,183.05,50738864
2022-06-01,GOOGL,145.7,148.4,141.26,143.93,22060326
2022-06-01,MSFT,326.33,330.64,318.07,322.33,29424572
2022-06-01,TSLA,210.01,218.78,201.51,210.27,113974057
2022-06-02,AAPL,183.6,187.43,179.9,183.73,80564113
2022-06-02,AMZN,182.79,187.63,178.79,183.62,28275804
2022-06-02,GOOGL,149.94,153.18,146.18,149.41,27816298
2022-06-02,MSFT,316.12,322.2,306.03,312.03,30986414
2022-06-02,TSLA,210.02,219.92,201.78,211.62,81366969
2022-06-03,AAPL,186.82,188.44,185.4,187.02,68373554
2022-06-03,AMZN,181.31,184.85,179.44,182.96,53813452
2022-06-03,GOOGL,152.16,153.98,150.11,151.92,21718772
2022-06-03,MSFT,317.76,324.52,310.46,317.2,34058911
2022-06-03,TSLA,219.55,229.88,205.13,215.25,116726750
2022-06-06,AAPL,192.24,195.41,186.52,189.65,69999745
2022-06-06,AMZN,179.89,182.29,175.73,178.1,63918277
2022-06-06,GOOGL,147.13,151.43,144.38,148.64,14864991
2022-06-06,MSFT,316.84,325.12,311.26,319.49,24977955
2022-06-06,TSLA,224.27,232.13,216.5,224.36,83218252
2022-06-07,AAPL,192.28,196.62,186.88,191.2,47197809
2022-06-07,AMZN,178.11,184.75,172.28,178.9,24488799
2022-06-07,GOOGL,144.85,147.22,141.96,144.32,26524022
2022-06-07,MSFT,319.71,323.95,310.87,315.05,24787706
2022-06-07,TSLA,226.01,244.17,212.83,230.72,86370340
2022-06-08,AAPL,187.64,192.74,184.31,189.39,50687746
2022-06-08,AMZN,181.14,185.02,176.92,180.79,34139466
2022-06-08,GOOGL,144.45,149.0,140.91,145.44,23434816
2022-06-08,MSFT,310.66,315.24,303.96,308.51,14507623
2022-06-08,TSLA,240.25,249.34,231.0,240.08,88151752
2022-06-09,AAPL,194.51,196.53,189.32,191.31,94229281
2022-06-09,AMZN,176.69,181.98,171.8,177.08,46124477
2022-06-09,GOOGL,146.63,148.75,144.07,146.18,20446561
2022-06-09,MSFT,307.99,316.13,302.3,310.39,25289942
2022-06-09,TSLA,231.08,243.87,221.61,234.28,79387810
2022-06-10,AAPL,190.01,193.38,184.62,187.95,53052983
2022-06-10,AMZN,176.65,182.4,170.89,176.65,30065501
2022-06-10,GOOGL,150.18,154.68,145.61,150.11,25547039
2022-06-10,MSFT,320.07,325.83,313.39,319.14,34671247
2022-06-10,TSLA,219.33,236.32,214.78,231.52,128232695
2022-06-13,AAPL,187.51,192.61,181.46,186.54,91913384
2022-06-13,AMZN,176.74,179.94,170.8,173.95,37281251
2022-06-13,GOOGL,153.58,156.59,148.95,151.93,13876621
2022-06-13,MSFT,319.68,327.09,311.48,318.87,31242571
2022-06-13,TSLA,234.7,245.18,228.0,238.37,116340016
2022-06-14,AAPL,183.98,188.91,179.43,184.35,61050255
2022-06-14,AMZN,173.98,178.02,168.92,172.94,41758772
2022-06-14,GOOGL,149.71,152.8,147.5,150.58,28877873
2022-06-14,MSFT,313.55,320.17,308.66,315.26,21022736
2022-06-14,TSLA,243.11,255.3,233.27,245.38,97611277
2022-06-15,AAPL,182.54,187.39,179.32,184.13,65037178
2022-06-15,AMZN,166.52,170.13,165.08,168.68,32871789
2022-06-15,GOOGL,148.85,152.09,145.85,149.08,23857484
2022-06-15,MSFT,318.32,322.16,313.54,317.38,14672962
2022-06-15,TSLA,235.85,248.93,227.8,240.72,119333493
2022-06-16,AAPL,190.82,195.9,186.41,191.47,82393433
2022-06-16,AMZN,167.02,170.55,164.15,167.67,40819831
2022-06-16,GOOGL,146.59,150.17,141.88,145.43,23329368
2022-06-16,MSFT,331.51,341.51,318.53,328.43,27003054
2022-06-16,TSLA,249.69,258.92,238.06,247.2,56357046
2022-06-17,AAPL,186.25,189.23,181.48,184.44,85668251
2022-06-17,AMZN,172.73,177.75,168.47,173.48,49487362
2022-06-17,GOOGL,145.77,149.49,142.4,146.12,30955000
2022-06-17,MSFT,330.75,337.52,324.84,331.59,34466444
2022-06-17,TSLA,236.96,246.57,230.69,240.22,65824104
2022-06-20,AAPL,189.4,191.07,184.6,186.24,63199295
2022-06-20,AMZN,171.85,175.25,168.07,171.46,39216848
2022-06-20,GOOGL,142.32,145.33,139.34,142.35,21651120
2022-06-20,MSFT,338.75,345.95,328.18,335.31,24647711
2022-06-20,TSLA,247.65,256.63,236.68,245.59,106270675
2022-06-21,AAPL,182.89,185.27,178.04,180.39,58691050
2022-06-21,AMZN,170.51,174.57,164.87,168.9,29613455
2022-06-21,GOOGL,144.78,149.04,141.12,145.37,26616600
2022-06-21,MSFT,337.81,349.67,331.17,342.92,17885542
2022-06-21,TSLA,241.18,255.43,232.44,246.5,112468993
2022-06-22,AAPL,177.73,183.23,173.03,178.51,64091292
2022-06-22,AMZN,166.72,171.2,162.19,166.67,51648866
2022-06-22,GOOGL,147.17,151.08,143.51,147.41,24190519
2022-06-22,MSFT,352.57,358.89,339.83,346.04,23873449
2022-06-22,TSLA,239.65,245.07,230.57,235.9,101635929
2022-06-23,AAPL,179.92,184.76,176.95,181.75,70491809
2022-06-23,AMZN,166.02,170.1,161.95,166.02,53890346
2022-06-23,GOOGL,150.33,154.08,145.61,149.33,45099670
2022-06-23,MSFT,341.9,347.32,336.32,341.74,30283112
2022-06-23,TSLA,228.48,243.46,218.94,233.7,50286001
2022-06-24,AAPL,181.81,184.84,178.55,181.58,79483684
2022-06-24,AMZN,168.39,176.41,164.5,172.43,43685796
2022-06-24,GOOGL,148.31,151.03,142.96,145.63,28052497
2022-06-24,MSFT,335.16,336.07,331.24,332.13,36697061
2022-06-24,TSLA,243.4,258.16,239.23,253.8,69769555
2022-06-27,AAPL,174.89,180.63,172.02,177.72,65068735
2022-06-27,AMZN,179.9,183.9,173.5,177.44,30182076
2022-06-27,GOOGL,143.07,148.18,140.45,145.51,17865895
2022-06-27,MSFT,328.24,332.04,323.84,327.63,26203134
2022-06-27,TSLA,262.11,271.79,247.08,256.55,104894056
2022-06-28,AAPL,175.7,180.67,170.24,175.19,75056902
2022-06-28,AMZN,176.29,179.68,173.22,176.6,31222727
2022-06-28,GOOGL,142.87,147.42,140.19,144.7,35951319
2022-06-28,MSFT,320.07,328.35,314.09,322.33,35384246
2022-06-28,TSLA,274.82,293.93,260.1,279.0,152628716
2022-06-29,AAPL,176.94,181.92,172.2,177.17,91623345
2022-06-29,AMZN,174.43,177.08,171.32,173.96,16315655
2022-06-29,GOOGL,145.14,147.82,142.67,145.34,31518710
2022-06-29,MSFT,326.82,327.95,325.8,326.93,34608295
2022-06-29,TSLA,273.63,285.17,254.28,265.47,123925425
2022-06-30,AAPL,173.9,179.87,168.69,174.63,71196281
2022-06-30,AMZN,167.91,172.87,162.51,167.46,34078725
2022-06-30,GOOGL,147.29,150.33,144.18,147.22,25281011
2022-06-30,MSFT,326.85,338.01,321.17,332.24,19763343
2022-06-30,TSLA,275.88,287.49,261.69,273.18,132460977
2022-07-01,AAPL,172.65,178.17,169.69,175.16,70064358
2022-07-01,AMZN,162.97,168.57,158.73,164.29,50655794
2022-07-01,GOOGL,145.67,148.91,142.77,145.99,22266701
2022-07-01,MSFT,335.88,342.73,327.13,333.93,36754956
2022-07-01,TSLA,253.83,260.32,243.97,250.37,103068478
2022-07-04,AAPL,175.95,179.4,171.71,175.14,40317699
2022-07-04,AMZN,157.32,160.25,154.8,157.72,33160316
2022-07-04,GOOGL,144.12,149.26,139.81,144.92,16710145
2022-07-04,MSFT,327.98,334.95,320.48,327.44,30065789
2022-07-04,TSLA,256.0,269.72,237.94,251.4,102896660
2022-07-05,AAPL,172.12,174.64,170.43,172.94,22250635
2022-07-05,AMZN,159.19,163.93,155.78,160.5,30440673
2022-07-05,GOOGL,145.44,149.76,142.97,147.26,27690861
2022-07-05,MSFT,337.85,345.19,331.08,338.4,19553218
2022-07-05,TSLA,258.56,271.35,245.29,258.06,70454720
2022-07-06,AAPL,177.76,184.32,173.15,179.66,71311105
2022-07-06,AMZN,167.69,169.74,163.27,165.29,109380030
2022-07-06,GOOGL,143.37,146.28,141.35,144.25,20780272
2022-07-06,MSFT,338.71,346.12,329.19,336.55,40325819
2022-07-06,TSLA,267.18,274.16,259.63,266.6,117605773
2022-07-07,AAPL,176.73,183.54,174.66,181.42,63459106
2022-07-07,AMZN,160.25,167.03,157.37,164.08,51512796
2022-07-07,GOOGL,143.64,147.07,139.07,142.47,41540567
2022-07-07,MSFT,340.73,349.32,332.05,340.63,59217524
2022-07-07,TSLA,265.66,273.64,252.04,259.84,93261934
2022-07-08,AAPL,174.55,177.94,171.2,174.59,56634781
2022-07-08,AMZN,163.88,169.57,159.88,165.53,34638688
2022-07-08,GOOGL,143.04,145.97,139.99,142.91,29846309
2022-07-08,MSFT,343.16,350.91,333.69,341.4,14395897
2022-07-08,TSLA,270.81,283.86,257.27,270.29,111452393
2022-07-11,AAPL,177.84,179.98,172.93,175.04,68957365
2022-07-11,AMZN,161.33,165.54,157.67,161.87,45094489
2022-07-11,GOOGL,146.91,149.24,143.61,145.92,34655654
2022-07-11,MSFT,345.89,352.12,336.91,343.08,23056135
2022-07-11,TSLA,262.4,280.1,248.27,265.79,95728800
2022-07-12,AAPL,175.41,178.01,170.27,172.83,64018439
2022-07-12,AMZN,158.04,161.48,152.22,155.6,31322479
2022-07-12,GOOGL,141.72,146.99,138.22,143.45,22023293
2022-07-12,MSFT,345.23,352.5,339.59,346.85,21332820
2022-07-12,TSLA,267.62,273.43,259.15,264.9,101629062
2022-07-13,AAPL,174.71,177.79,172.35,175.43,83326429
2022-07-13,AMZN,157.31,159.74,153.74,156.15,36573678
2022-07-13,GOOGL,151.24,154.01,146.36,149.09,30036834
2022-07-13,MSFT,340.65,349.12,334.66,343.09,23227820
2022-07-13,TSLA,251.9,267.97,245.74,261.57,92916457
2022-07-14,AAPL,171.86,175.34,169.33,172.8,66399301
2022-07-14,AMZN,155.06,160.01,152.87,157.78,21798896
2022-07-14,GOOGL,144.54,149.59,140.32,145.35,26326369
2022-07-14,MSFT,346.09,356.71,340.7,351.24,24883702
2022-07-14,TSLA,257.93,266.57,243.66,252.11,100334836
2022-07-15,AAPL,173.1,175.71,169.77,172.37,52862496
2022-07-15,AMZN,163.66,168.28,159.24,163.86,43601021
2022-07-15,GOOGL,151.01,153.17,148.15,150.29,27242678
2022-07-15,MSFT,342.49,350.26,334.37,342.13,26198275
2022-07-15,TSLA,273.69,277.03,264.16,267.42,118751818
2022-07-18,AAPL,172.33,176.51,169.74,173.9,209002245
2022-07-18,AMZN,172.56,178.03,165.84,171.27,38970864
2022-07-18,GOOGL,153.97,156.71,151.43,154.16,19883618
2022-07-18,MSFT,337.91,344.64,329.91,336.62,25934981
2022-07-18,TSLA,274.11,283.75,259.03,268.48,64927048
2022-07-19,AAPL,177.01,180.99,172.56,176.53,61471620
2022-07-19,AMZN,174.18,178.44,166.03,170.2,33280726
2022-07-19,GOOGL,149.11,153.03,146.01,149.92,23672819
2022-07-19,MSFT,340.87,349.94,335.74,344.75,27317603
2022-07-19,TSLA,285.17,298.7,266.23,279.49,59543092
2022-07-20,AAPL,173.78,175.87,170.51,172.59,73556221
2022-07-20,AMZN,172.83,176.91,169.39,173.45,39079699
2022-07-20,GOOGL,145.96,150.07,141.24,145.33,18146015
2022-07-20,MSFT,352.86,361.24,340.37,348.65,32111753
2022-07-20,TSLA,289.76,295.96,283.99,290.18,105114283
2022-07-21,AAPL,173.4,176.73,168.21,171.5,57242076
2022-07-21,AMZN,172.3,179.48,167.35,174.47,37849490
2022-07-21,GOOGL,148.69,151.03,145.48,147.8,17358766
2022-07-21,MSFT,361.81,370.01,356.2,364.36,22774945
2022-07-21,TSLA,279.95,290.67,269.78,280.48,129213639
2022-07-22,AAPL,169.88,174.21,165.7,170.03,54440313
2022-07-22,AMZN,174.91,177.65,171.58,174.32,31727539
2022-07-22,GOOGL,150.93,154.29,143.71,146.98,28239220
2022-07-22,MSFT,358.11,369.07,353.75,364.63,36267003
2022-07-22,TSLA,286.63,301.39,278.35,292.93,135202684
2022-07-25,AAPL,167.77,170.64,165.21,168.08,66367733
2022-07-25,AMZN,173.95,178.84,169.14,174.03,43985507
2022-07-25,GOOGL,145.29,147.18,142.49,144.37,21723194
2022-07-25,MSFT,379.93,386.37,368.81,375.17,19423715
2022-07-25,TSLA,307.13,323.17,282.45,298.02,65920257
2022-07-26,AAPL,172.23,176.05,169.79,173.6,65208465
2022-07-26,AMZN,174.2,177.21,170.37,173.36,37020508
2022-07-26,GOOGL,151.04,154.89,146.27,150.1,19280731
2022-07-26,MSFT,356.96,367.69,352.39,363.05,32305831
2022-07-26,TSLA,284.66,295.42,276.4,287.09,85431746
2022-07-27,AAPL,173.5,177.73,170.59,174.8,72797189
2022-07-27,AMZN,174.12,177.18,169.84,172.87,38657197
2022-07-27,GOOGL,148.47,150.86,144.43,146.79,17440569
2022-07-27,MSFT,357.24,365.02,346.62,354.34,39502899
2022-07-27,TSLA,293.44,308.39,276.84,291.7,59868637
2022-07-28,AAPL,170.43,174.94,166.28,170.78,60634506
2022-07-28,AMZN,179.49,182.88,175.51,178.89,25393386
2022-07-28,GOOGL,145.77,149.23,141.56,145.0,15539140
2022-07-28,MSFT,362.15,366.75,355.38,359.95,26758504
2022-07-28,TSLA,282.62,290.74,273.29,281.37,81922973
2022-07-29,AAPL,174.22,177.54,170.34,173.64,35159153
2022-07-29,AMZN,180.41,184.08,175.76,179.41,38743824
2022-07-29,GOOGL,143.57,147.07,140.12,143.62,12772453
2022-07-29,MSFT,350.42,356.17,343.73,349.47,29354257
2022-07-29,TSLA,290.91,310.74,278.37,297.9,121667642
2022-08-01,AAPL,181.82,184.57,177.61,180.34,57967424
2022-08-01,AMZN,188.98,194.04,180.81,185.79,38206700
2022-08-01,GOOGL,136.65,137.89,134.96,136.2,25693404
2022-08-01,MSFT,347.08,356.22,339.51,348.62,21224193
2022-08-01,TSLA,296.89,317.77,285.72,306.24,94693820
2022-08-02,AAPL,182.13,187.23,178.37,183.45,77899550
2022-08-02,AMZN,181.27,184.15,178.95,181.83,31743859
2022-08-02,GOOGL,138.24,141.18,134.16,137.07,8578594
2022-08-02,MSFT,357.5,362.28,351.22,355.98,24417527
2022-08-02,TSLA,305.0,315.23,294.74,304.97,86120490
2022-08-03,AAPL,180.54,182.72,176.0,178.15,60167638
2022-08-03,AMZN,168.78,173.92,165.88,170.98,45315437
2022-08-03,GOOGL,137.07,139.39,132.89,135.19,27945744
2022-08-03,MSFT,362.38,369.3,352.32,359.18,38973749
2022-08-03,TSLA,315.76,326.78,307.33,318.28,107945786
2022-08-04,AAPL,175.98,180.24,172.17,176.41,60996269
2022-08-04,AMZN,169.85,173.65,165.52,169.3,18921914
2022-08-04,GOOGL,135.97,141.23,132.84,138.06,27901716
2022-08-04,MSFT,356.29,363.63,352.01,359.31,33239376
2022-08-04,TSLA,299.83,311.82,288.31,300.3,76117512
2022-08-05,AAPL,180.31,183.99,176.67,180.34,81028618
2022-08-05,AMZN,164.14,170.45,160.11,166.37,35178016
2022-08-05,GOOGL,138.6,143.35,136.55,141.27,24380470
2022-08-05,MSFT,359.6,366.16,350.13,356.64,30929810
2022-08-05,TSLA,297.66,306.7,283.34,292.21,132833236
2022-08-08,AAPL,176.61,180.71,173.73,177.81,53430435
2022-08-08,AMZN,159.45,163.0,157.81,161.35,43099544
2022-08-08,GOOGL,144.34,146.73,140.07,142.42,25463337
2022-08-08,MSFT,360.85,368.03,350.89,358.01,28600162
2022-08-08,TSLA,290.72,298.79,281.54,289.58,95173018
2022-08-09,AAPL,175.15,181.47,172.79,179.06,39929447
2022-08-09,AMZN,164.65,168.75,162.01,166.09,60985091
2022-08-09,GOOGL,142.44,147.49,138.57,143.59,23216499
2022-08-09,MSFT,362.56,368.65,355.59,361.66,22984689
2022-08-09,TSLA,317.33,333.34,297.37,313.17,85457386
2022-08-10,AAPL,182.8,185.22,178.97,181.36,62389744
2022-08-10,AMZN,159.49,163.23,157.9,161.61,26343270
2022-08-10,GOOGL,142.1,148.36,138.3,144.5,26407452
2022-08-10,MSFT,356.0,363.78,349.89,357.63,40172942
2022-08-10,TSLA,303.31,315.67,288.7,300.97,108937669
2022-08-11,AAPL,179.27,183.01,174.37,178.09,57132173
2022-08-11,AMZN,165.88,168.63,161.15,163.87,40886274
2022-08-11,GOOGL,140.39,144.9,138.42,142.9,26334793
2022-08-11,MSFT,362.9,369.9,353.11,360.04,30875823
2022-08-11,TSLA,281.64,295.03,269.88,283.21,117308046
2022-08-12,AAPL,177.27,182.1,172.9,177.72,49298497
2022-08-12,AMZN,171.24,174.37,168.03,171.16,45479027
2022-08-12,GOOGL,144.16,148.6,137.25,141.61,33134446
2022-08-12,MSFT,368.36,374.1,361.07,366.78,31749167
2022-08-12,TSLA,264.73,277.77,256.55,269.45,132904411
2022-08-15,AAPL,167.6,170.04,165.06,167.5,62150100
2022-08-15,AMZN,168.3,172.37,163.02,167.06,40633479
2022-08-15,GOOGL,147.2,147.86,145.26,145.92,34580181
2022-08-15,MSFT,362.12,373.14,354.32,365.27,29193886
2022-08-15,TSLA,280.06,289.31,269.55,278.76,90013238
2022-08-16,AAPL,165.35,168.74,161.22,164.59,72986966
2022-08-16,AMZN,167.25,168.35,165.27,166.36,27676564
2022-08-16,GOOGL,147.29,151.63,144.15,148.47,34388713
2022-08-16,MSFT,364.48,374.4,355.74,365.63,23709073
2022-08-16,TSLA,273.77,282.64,264.52,273.37,120793842
2022-08-17,AAPL,161.77,165.18,160.68,164.08,64849060
2022-08-17,AMZN,170.92,175.6,166.62,171.29,35163274
2022-08-17,GOOGL,148.27,151.23,146.45,149.4,20014163
2022-08-17,MSFT,371.14,375.69,364.04,368.57,30327791
2022-08-17,TSLA,276.72,287.39,261.86,272.36,97403775
2022-08-18,AAPL,159.91,163.06,157.54,160.68,69988442
2022-08-18,AMZN,171.51,174.56,166.78,169.8,15583514
2022-08-18,GOOGL,151.58,154.95,148.13,151.49,29735782
2022-08-18,MSFT,372.24,381.93,362.21,371.88,17288500
2022-08-18,TSLA,279.54,291.98,267.88,280.28,80479724
2022-08-19,AAPL,167.02,170.0,162.88,165.83,94467875
2022-08-19,AMZN,170.16,174.25,166.95,171.02,40038659
2022-08-19,GOOGL,152.84,155.66,148.75,151.54,28162900
2022-08-19,MSFT,380.7,386.59,371.39,377.22,16761817
2022-08-19,TSLA,277.6,288.73,267.97,279.05,76550726
2022-08-22,AAPL,159.99,163.94,157.9,161.82,59428218
2022-08-22,AMZN,173.04,178.04,168.34,173.34,25841072
2022-08-22,GOOGL,151.89,154.46,149.78,152.34,20944032
2022-08-22,MSFT,369.29,380.43,359.26,370.37,22853076
2022-08-22,TSLA,280.28,288.92,272.8,281.41,68946643
2022-08-23,AAPL,161.29,163.38,158.79,160.87,69523165
2022-08-23,AMZN,172.62,179.04,167.53,173.91,44556609
2022-08-23,GOOGL,153.16,156.78,150.78,154.38,19460290
2022-08-23,MSFT,363.75,372.56,358.1,366.86,29345149
2022-08-23,TSLA,282.41,299.37,270.28,287.03,77384767
2022-08-24,AAPL,159.63,163.93,157.33,161.6,56725282
2022-08-24,AMZN,174.74,177.69,169.3,172.21,33465776
2022-08-24,GOOGL,149.94,152.23,145.99,148.26,22645621
2022-08-24,MSFT,370.51,378.15,356.24,363.73,17012288
2022-08-24,TSLA,290.03,300.28,272.86,282.86,121498032
2022-08-25,AAPL,166.89,170.16,162.94,166.19,51246654
2022-08-25,AMZN,169.19,172.23,166.35,169.38,32524851
2022-08-25,GOOGL,151.27,154.4,148.17,151.31,18369478
2022-08-25,MSFT,353.09,365.58,345.82,358.21,28889298
2022-08-25,TSLA,287.09,292.79,275.88,281.48,111784353
2022-08-26,AAPL,162.1,164.91,159.35,162.16,55495250
2022-08-26,AMZN,166.64,169.76,162.49,165.6,41665502
2022-08-26,GOOGL,153.81,158.09,149.84,154.11,16316992
2022-08-26,MSFT,346.13,352.83,340.93,347.61,21038085
2022-08-26,TSLA,278.14,287.75,274.64,284.17,65521223
2022-08-29,AAPL,163.51,166.9,162.54,165.92,57220173
2022-08-29,AMZN,166.84,170.69,164.04,167.87,42602565
2022-08-29,GOOGL,152.79,157.64,147.07,151.89,28108638
2022-08-29,MSFT,330.16,335.89,323.65,329.38,21981221
2022-08-29,TSLA,297.29,308.63,281.99,293.17,53523215
2022-08-30,AAPL,167.91,169.01,165.08,166.17,70841481
2022-08-30,AMZN,167.15,169.15,163.7,165.68,48712843
2022-08-30,GOOGL,152.63,158.92,149.73,155.96,25204577
2022-08-30,MSFT,340.0,348.28,328.97,337.18,37097119
2022-08-30,TSLA,275.9,292.61,268.65,285.11,68583037
2022-08-31,AAPL,162.39,165.88,160.0,163.47,103172481
2022-08-31,AMZN,171.46,175.02,166.54,170.08,85028025
2022-08-31,GOOGL,150.02,153.29,146.06,149.31,25172414
2022-08-31,MSFT,330.99,336.07,324.12,329.18,28261058
2022-08-31,TSLA,261.12,271.44,246.54,256.69,76552515
2022-09-01,AAPL,163.93,168.52,160.58,165.14,53364294
2022-09-01,AMZN,172.9,178.87,169.99,175.91,38942185
2022-09-01,GOOGL,151.31,155.41,146.6,150.69,30791854
2022-09-01,MSFT,345.79,350.93,334.08,339.13,21673362
2022-09-01,TSLA,260.67,270.97,253.67,263.89,87797439
2022-09-02,AAPL,166.28,166.81,165.46,165.98,58229838
2022-09-02,AMZN,171.58,175.29,167.86,171.57,26136759
2022-09-02,GOOGL,149.0,153.7,146.42,151.09,23775785
2022-09-02,MSFT,343.85,348.02,340.03,344.19,29307834
2022-09-02,TSLA,275.15,285.17,263.48,273.43,122855508
2022-09-05,AAPL,166.13,168.67,161.91,164.43,63974251
2022-09-05,AMZN,174.48,180.02,168.73,174.27,54483994
2022-09-05,GOOGL,147.5,152.72,145.25,150.42,30189793
2022-09-05,MSFT,339.92,351.02,331.42,342.46,17712671
2022-09-05,TSLA,266.59,284.46,258.31,275.9,81991724
2022-09-06,AAPL,163.4,167.41,160.93,164.91,71431731
2022-09-06,AMZN,181.33,185.6,177.64,181.9,30655595
2022-09-06,GOOGL,149.92,155.55,145.17,150.77,20381395
2022-09-06,MSFT,346.11,351.81,341.08,346.76,30676312
2022-09-06,TSLA,273.14,293.89,258.55,278.99,134911874
2022-09-07,AAPL,164.13,168.31,159.85,164.04,69282700
2022-09-07,AMZN,180.97,183.91,175.48,178.38,47248346
2022-09-07,GOOGL,153.1,156.0,149.93,152.82,20342391
2022-09-07,MSFT,348.9,357.94,340.83,349.85,35751227
2022-09-07,TSLA,276.17,288.59,261.6,273.92,55095252
2022-09-08,AAPL,165.3,167.93,162.04,164.67,85866556
2022-09-08,AMZN,180.41,186.27,176.93,182.74,123094792
2022-09-08,GOOGL,148.04,151.2,144.48,147.62,25087425
2022-09-08,MSFT,343.64,348.63,338.86,343.84,32632101
2022-09-08,TSLA,275.89,293.04,262.33,279.31,86719977
2022-09-09,AAPL,167.96,171.33,163.57,166.92,25571128
2022-09-09,AMZN,183.73,188.62,179.72,184.59,43999026
2022-09-09,GOOGL,153.56,155.16,149.42,150.99,38258224
2022-09-09,MSFT,341.55,352.33,333.71,344.42,43104000
2022-09-09,TSLA,283.95,298.34,273.94,288.18,113656780
2022-09-12,AAPL,172.25,175.48,168.75,171.98,26212389
2022-09-12,AMZN,186.3,191.73,182.58,187.98,37626096
2022-09-12,GOOGL,150.31,152.85,147.51,150.04,33033764
2022-09-12,MSFT,341.64,348.86,332.21,339.38,14431262
2022-09-12,TSLA,295.95,308.86,276.29,288.89,115121124
2022-09-13,AAPL,167.7,169.35,166.61,168.26,56941979
2022-09-13,AMZN,186.54,189.8,181.32,184.55,36372642
2022-09-13,GOOGL,151.29,158.24,146.55,153.44,31862647
2022-09-13,MSFT,345.07,350.54,338.54,343.99,28888783
2022-09-13,TSLA,327.54,339.32,304.0,315.34,87026793
2022-09-14,AAPL,173.73,178.91,169.88,175.03,82831128
2022-09-14,AMZN,189.63,193.72,187.63,191.7,39359236
2022-09-14,GOOGL,155.25,159.19,151.72,155.64,16425366
2022-09-14,MSFT,336.85,345.02,332.38,340.51,18595494
2022-09-14,TSLA,302.78,318.05,282.87,297.89,118791644
2022-09-15,AAPL,169.11,172.35,165.74,168.98,105006755
2022-09-15,AMZN,184.81,193.15,180.19,188.44,20961114
2022-09-15,GOOGL,152.46,157.53,149.43,154.46,25906898
2022-09-15,MSFT,343.53,348.23,336.07,340.73,26787449
2022-09-15,TSLA,293.73,309.7,283.67,299.45,114289665
2022-09-16,AAPL,167.05,172.18,163.59,168.68,19500000
2022-09-16,AMZN,191.36,194.31,187.57,190.5,39739009
2022-09-16,GOOGL,154.13,158.79,149.76,154.41,30131917
2022-09-16,MSFT,338.35,345.34,333.75,340.7,28010807
2022-09-16,TSLA,296.08,302.1,281.38,287.21,78799776
2022-09-19,AAPL,166.17,177.35,159.66,170.66,74281665
2022-09-19,AMZN,189.43,195.43,183.7,189.7,54857509
2022-09-19,GOOGL,156.72,158.31,152.98,154.54,38033298
2022-09-19,MSFT,338.76,349.88,331.16,342.2,43958918
2022-09-19,TSLA,288.29,300.54,284.25,296.38,102479551
2022-09-20,AAPL,172.32,173.48,170.49,171.65,68959429
2022-09-20,AMZN,193.42,197.03,187.76,191.33,37741485
2022-09-20,GOOGL,160.53,163.34,156.99,159.79,14476701
2022-09-20,MSFT,353.05,359.34,346.5,352.79,27581560
2022-09-20,TSLA,278.85,295.07,264.2,280.34,111710815
2022-09-21,AAPL,171.21,175.89,165.19,169.83,47284113
2022-09-21,AMZN,188.46,191.8,183.55,186.86,39672598
2022-09-21,GOOGL,155.11,161.49,149.89,156.23,29568496
2022-09-21,MSFT,346.55,355.79,342.63,351.81,27450988
2022-09-21,TSLA,268.18,278.92,257.2,267.93,80499799
2022-09-22,AAPL,165.75,172.13,163.02,169.35,48984981
2022-09-22,AMZN,181.62,184.98,178.34,181.7,29758824
2022-09-22,GOOGL,155.94,159.01,151.96,155.02,31652334
2022-09-22,MSFT,361.48,367.16,354.02,359.68,35036113
2022-09-22,TSLA,271.62,282.68,252.08,262.78,135240229
2022-09-23,AAPL,166.49,171.3,163.24,168.02,49241664
2022-09-23,AMZN,179.78,186.55,175.83,182.54,41856873
2022-09-23,GOOGL,149.2,153.33,146.27,150.37,27823388
2022-09-23,MSFT,354.14,368.83,348.36,362.9,27630247
2022-09-23,TSLA,270.37,284.07,252.65,266.12,75160153
2022-09-26,AAPL,167.38,170.35,163.5,166.46,66796198
2022-09-26,AMZN,178.59,183.68,175.82,180.87,32220308
2022-09-26,GOOGL,146.89,155.16,142.92,151.07,16560513
2022-09-26,MSFT,368.7,374.22,366.45,371.95,40818029
2022-09-26,TSLA,259.29,266.03,254.71,261.41,98422205
2022-09-27,AAPL,172.42,175.13,166.62,169.28,54822376
2022-09-27,AMZN,175.8,182.13,172.85,179.13,48498565
2022-09-27,GOOGL,147.65,153.61,143.6,149.5,26582866
2022-09-27,MSFT,374.69,380.69,363.83,369.74,32687791
2022-09-27,TSLA,252.77,265.04,244.87,257.02,65317788
2022-09-28,AAPL,170.59,173.13,168.01,170.55,73028538
2022-09-28,AMZN,180.77,185.54,176.26,181.03,51413282
2022-09-28,GOOGL,149.03,150.85,146.54,148.35,27680140
2022-09-28,MSFT,371.96,381.88,364.26,374.14,33799521
2022-09-28,TSLA,260.93,269.41,248.09,256.43,97454804
2022-09-29,AAPL,167.48,171.92,164.17,168.58,19500000
2022-09-29,AMZN,174.01,177.78,171.47,175.22,53595966
2022-09-29,GOOGL,154.4,157.89,149.76,153.22,26111153
2022-09-29,MSFT,372.01,379.72,365.95,373.63,14927052
2022-09-29,TSLA,252.93,266.24,242.11,255.32,69657011
2022-09-30,AAPL,171.26,173.23,169.58,171.54,51076157
2022-09-30,AMZN,179.34,184.07,174.95,179.68,25564571
2022-09-30,GOOGL,153.56,158.25,146.36,150.97,20718959
2022-09-30,MSFT,358.86,365.43,348.52,355.02,41896489
2022-09-30,TSLA,271.14,278.65,262.62,270.11,88014432
2022-10-03,AAPL,174.75,178.61,168.81,172.62,46701623
2022-10-03,AMZN,180.29,185.01,175.24,179.96,47227104
2022-10-03,GOOGL,151.31,153.76,148.37,150.8,19944717
2022-10-03,MSFT,346.59,355.74,339.84,348.94,23404787
2022-10-03,TSLA,270.74,283.6,264.68,277.39,57318307
2022-10-04,AAPL,174.24,178.02,171.49,175.26,60834463
2022-10-04,AMZN,186.33,191.02,178.08,182.69,46469899
2022-10-04,GOOGL,151.76,154.46,147.08,149.74,27851038
2022-10-04,MSFT,355.34,360.76,347.66,353.05,27931888
2022-10-04,TSLA,277.49,283.68,268.63,274.76,113995568
2022-10-05,AAPL,176.0,179.38,173.9,177.27,56256723
2022-10-05,AMZN,185.58,189.75,180.31,184.46,35849293
2022-10-05,GOOGL,149.85,152.88,145.91,148.92,20772714
2022-10-05,MSFT,360.24,367.71,349.29,356.68,23431072
2022-10-05,TSLA,298.84,312.9,282.36,296.3,103461651
2022-10-06,AAPL,173.85,177.32,171.14,174.6,77964961
2022-10-06,AMZN,186.55,188.35,184.62,186.41,51926775
2022-10-06,GOOGL,159.29,163.14,153.99,157.81,20915309
2022-10-06,MSFT,350.75,359.32,340.79,349.33,20830240
2022-10-06,TSLA,294.85,309.6,286.83,301.4,120826000
2022-10-07,AAPL,171.41,177.18,167.16,172.89,34785777
2022-10-07,AMZN,178.44,183.85,176.05,181.42,44144454
2022-10-07,GOOGL,154.23,155.99,150.81,152.55,24127227
2022-10-07,MSFT,346.96,354.52,343.76,351.28,19584821
2022-10-07,TSLA,296.42,305.07,282.66,291.16,86739627
2022-10-10,AAPL,175.53,178.18,172.68,175.33,65739236
2022-10-10,AMZN,185.75,188.06,183.38,185.7,53731158
2022-10-10,GOOGL,155.57,155.78,154.61,154.82,25998563
2022-10-10,MSFT,353.06,360.29,347.68,354.89,28722691
2022-10-10,TSLA,296.76,309.12,281.66,293.9,121928874
2022-10-11,AAPL,179.89,183.47,173.76,177.3,74072966
2022-10-11,AMZN,188.15,191.65,182.95,186.42,27323798
2022-10-11,GOOGL,164.5,168.0,159.28,162.75,31492092
2022-10-11,MSFT,363.36,373.85,344.91,355.17,14210722
2022-10-11,TSLA,303.38,311.77,291.22,299.5,95932891
2022-10-12,AAPL,177.71,180.21,174.71,177.2,95170520
2022-10-12,AMZN,184.97,188.89,180.31,184.21,32859446
2022-10-12,GOOGL,165.13,170.78,160.67,166.29,17524635
2022-10-12,MSFT,358.59,366.52,352.18,360.09,26300383
2022-10-12,TSLA,290.32,297.25,285.35,292.26,97687727
2022-10-13,AAPL,177.15,181.47,173.23,177.55,57171302
2022-10-13,AMZN,181.42,185.91,178.97,183.44,40937235
2022-10-13,GOOGL,162.3,169.35,159.35,166.33,16907089
2022-10-13,MSFT,373.33,379.61,357.97,364.09,35404380
2022-10-13,TSLA,282.66,287.86,276.59,281.77,145208766
2022-10-14,AAPL,181.17,185.59,177.24,181.65,70272452
2022-10-14,AMZN,183.85,188.25,180.19,184.58,51725905
2022-10-14,GOOGL,163.42,166.09,159.71,162.37,22611908
2022-10-14,MSFT,369.41,375.2,358.41,364.12,32423595
2022-10-14,TSLA,283.35,293.09,273.29,283.03,83488945
2022-10-17,AAPL,177.04,184.59,172.09,179.57,35687229
2022-10-17,AMZN,185.12,189.81,180.3,184.98,44547994
2022-10-17,GOOGL,167.29,170.47,163.5,166.67,13748850
2022-10-17,MSFT,362.81,371.33,352.73,361.21,31027047
2022-10-17,TSLA,279.13,291.11,267.9,279.85,124152151
2022-10-18,AAPL,182.7,185.81,178.17,181.26,26130711
2022-10-18,AMZN,186.21,189.76,183.47,187.01,30516620
2022-10-18,GOOGL,168.22,174.72,163.24,169.7,28665995
2022-10-18,MSFT,368.95,373.45,363.52,368.02,21732308
2022-10-18,TSLA,296.09,305.82,285.5,295.21,106392517
2022-10-19,AAPL,180.33,184.36,176.44,180.46,78727583
2022-10-19,AMZN,191.99,196.3,188.94,193.24,57763423
2022-10-19,GOOGL,162.31,167.02,159.71,164.39,12540135
2022-10-19,MSFT,369.61,379.13,361.58,371.07,16897333
2022-10-19,TSLA,309.65,321.88,291.01,302.99,81417258
2022-10-20,AAPL,179.35,182.97,176.03,179.65,64909645
2022-10-20,AMZN,184.27,193.89,179.03,188.53,37052928
2022-10-20,GOOGL,163.51,167.34,159.47,163.29,29421084
2022-10-20,MSFT,362.25,368.17,356.6,362.52,35292558
2022-10-20,TSLA,301.63,307.07,290.71,296.06,63752341
2022-10-21,AAPL,188.41,193.12,178.57,183.15,84150831
2022-10-21,AMZN,189.56,194.0,186.69,191.11,30836654
2022-10-21,GOOGL,160.53,162.63,157.31,159.39,31931296
2022-10-21,MSFT,362.07,369.01,357.3,364.21,24857281
2022-10-21,TSLA,294.29,306.14,288.76,300.5,70464230
2022-10-24,AAPL,186.2,188.83,183.08,185.7,42682203
2022-10-24,AMZN,190.69,195.11,185.78,190.19,32249026
2022-10-24,GOOGL,151.42,153.44,148.62,150.64,26623176
2022-10-24,MSFT,357.23,363.08,351.58,357.42,27418450
2022-10-24,TSLA,319.41,338.15,295.57,313.99,121853526
2022-10-25,AAPL,186.9,192.32,182.78,188.17,73448409
2022-10-25,AMZN,196.13,201.78,188.74,194.34,26677594
2022-10-25,GOOGL,145.83,151.02,142.17,147.33,13391756
2022-10-25,MSFT,348.0,357.98,342.17,352.08,26616838
2022-10-25,TSLA,304.75,319.36,284.21,298.52,136191988
2022-10-26,AAPL,191.56,195.56,188.32,192.3,95368289
2022-10-26,AMZN,200.64,203.36,197.77,200.48,17526968
2022-10-26,GOOGL,146.92,152.51,142.54,148.1,25663277
2022-10-26,MSFT,344.63,353.88,339.65,348.83,32706750
2022-10-26,TSLA,287.2,300.37,274.83,287.96,97171697
2022-10-27,AAPL,193.89,197.31,188.52,191.91,71820216
2022-10-27,AMZN,202.75,205.59,197.71,200.52,38834065
2022-10-27,GOOGL,151.27,155.1,146.46,150.26,20020373
2022-10-27,MSFT,353.7,361.72,341.9,349.84,40903212
2022-10-27,TSLA,290.67,298.83,280.02,288.1,98417191
2022-10-28,AAPL,194.02,197.6,190.23,193.82,69494449
2022-10-28,AMZN,202.19,206.31,198.24,202.35,24453965
2022-10-28,GOOGL,149.78,150.93,148.52,149.67,17487479
2022-10-28,MSFT,347.95,357.45,343.36,352.79,38236619
2022-10-28,TSLA,291.21,300.68,279.33,288.71,113440769
2022-10-31,AAPL,189.74,195.95,186.07,192.23,65139036
2022-10-31,AMZN,204.82,211.15,200.43,206.72,43136676
2022-10-31,GOOGL,155.89,158.61,151.55,154.25,28621456
2022-10-31,MSFT,353.62,359.89,344.76,350.98,11674330
2022-10-31,TSLA,284.13,298.51,274.19,288.42,96740923
2022-11-01,AAPL,194.49,197.87,189.54,192.9,39473176
2022-11-01,AMZN,209.04,213.65,205.5,210.09,49842826
2022-11-01,GOOGL,157.23,161.12,153.86,157.74,29792880
2022-11-01,MSFT,343.87,356.4,337.08,349.5,25840227
2022-11-01,TSLA,283.64,299.49,269.8,285.55,121117875
2022-11-02,AAPL,190.82,195.65,187.16,191.97,87028060
2022-11-02,AMZN,215.69,222.9,207.4,214.57,43766200
2022-11-02,GOOGL,158.68,161.91,154.31,157.51,33035577
2022-11-02,MSFT,349.11,355.28,341.12,347.26,18572795
2022-11-02,TSLA,286.36,297.59,271.55,282.64,290544930
2022-11-03,AAPL,195.1,200.27,186.77,191.86,55073563
2022-11-03,AMZN,211.38,217.15,206.22,211.98,40439876
2022-11-03,GOOGL,156.84,158.23,155.51,156.9,23220059
2022-11-03,MSFT,353.69,361.74,346.29,354.32,34569002
2022-11-03,TSLA,284.41,298.52,272.88,286.9,98219106
2022-11-04,AAPL,195.37,199.92,188.97,193.49,73197852
2022-11-04,AMZN,207.13,211.86,203.83,208.54,24591442
2022-11-04,GOOGL,157.17,160.25,155.25,158.31,26074633
2022-11-04,MSFT,341.93,346.99,333.14,338.14,28027884
2022-11-04,TSLA,303.93,314.03,288.89,298.83,78393694
2022-11-07,AAPL,189.41,194.5,185.12,190.18,39600692
2022-11-07,AMZN,199.29,205.11,196.82,202.6,48460493
2022-11-07,GOOGL,159.89,162.32,156.01,158.42,35408492
2022-11-07,MSFT,336.48,344.24,329.69,337.43,32243063
2022-11-07,TSLA,300.5,313.52,281.07,293.79,72549906
2022-11-08,AAPL,199.36,202.46,194.03,197.09,45833780
2022-11-08,AMZN,199.06,205.08,194.96,200.94,59465639
2022-11-08,GOOGL,152.6,157.14,149.61,154.12,38095553
2022-11-08,MSFT,341.6,354.6,334.66,347.54,25241128
2022-11-08,TSLA,326.49,338.95,307.87,320.09,28500000
2022-11-09,AAPL,193.08,195.63,190.42,192.97,88320170
2022-11-09,AMZN,198.98,204.56,194.25,199.82,155398128
2022-11-09,GOOGL,153.62,154.91,152.21,153.5,31752316
2022-11-09,MSFT,350.88,359.15,343.18,351.44,20724398
2022-11-09,TSLA,353.92,366.47,329.94,342.07,124310273
2022-11-10,AAPL,189.79,194.18,183.98,188.34,59356337
2022-11-10,AMZN,197.27,204.95,190.84,198.48,26694647
2022-11-10,GOOGL,156.15,159.83,152.19,155.87,22812760
2022-11-10,MSFT,360.32,362.98,357.18,359.84,21922034
2022-11-10,TSLA,356.3,366.57,346.61,356.87,91518082
2022-11-11,AAPL,192.83,197.22,187.63,192.0,88615726
2022-11-11,AMZN,197.81,204.15,193.56,199.85,79007404
2022-11-11,GOOGL,160.08,163.39,156.97,160.28,25045344
2022-11-11,MSFT,347.69,354.9,340.88,348.08,17268911
2022-11-11,TSLA,363.88,376.18,350.49,362.75,85490563
2022-11-14,AAPL,192.84,199.37,187.84,194.32,63728751
2022-11-14,AMZN,204.6,208.58,197.39,201.31,37172699
2022-11-14,GOOGL,165.12,167.39,161.26,163.5,23886278
2022-11-14,MSFT,343.29,350.71,334.24,341.62,19154561
2022-11-14,TSLA,389.04,398.25,377.71,386.87,48646951
2022-11-15,AAPL,194.88,198.91,192.01,196.02,35069161
2022-11-15,AMZN,201.52,204.51,197.28,200.26,36019633
2022-11-15,GOOGL,165.57,169.07,161.14,164.63,29410195
2022-11-15,MSFT,343.99,350.79,338.86,345.64,17679948
2022-11-15,TSLA,379.57,393.11,366.44,379.97,79797321
2022-11-16,AAPL,199.53,202.87,194.38,197.69,79496098
2022-11-16,AMZN,205.61,210.4,196.29,200.98,40270780
2022-11-16,GOOGL,170.26,172.19,167.56,169.49,55344514
2022-11-16,MSFT,351.99,360.87,346.99,355.81,20750081
2022-11-16,TSLA,369.86,383.15,353.21,366.38,76672446
2022-11-17,AAPL,196.46,198.85,194.66,197.05,55414249
2022-11-17,AMZN,200.3,209.32,194.81,203.73,61650822
2022-11-17,GOOGL,170.9,174.26,167.42,170.78,27008332
2022-11-17,MSFT,346.63,354.29,341.97,349.6,20354052
2022-11-17,TSLA,346.78,360.97,343.39,357.48,76124139
2022-11-18,AAPL,192.63,196.4,189.57,193.33,76353693
2022-11-18,AMZN,200.17,202.12,197.57,199.51,41073573
2022-11-18,GOOGL,173.45,175.05,168.72,170.29,27039864
2022-11-18,MSFT,346.58,352.19,342.51,348.11,30758651
2022-11-18,TSLA,344.51,355.74,332.1,343.28,102904858
2022-11-21,AAPL,191.48,197.66,187.01,193.14,65409676
2022-11-21,AMZN,201.82,207.1,197.49,202.75,35556568
2022-11-21,GOOGL,177.79,179.58,173.46,175.22,27398440
2022-11-21,MSFT,349.79,358.53,342.66,351.36,30484031
2022-11-21,TSLA,335.03,351.08,327.44,343.3,97903403
2022-11-22,AAPL,191.09,194.05,187.42,190.37,39924328
2022-11-22,AMZN,199.41,202.31,196.46,199.37,42979033
2022-11-22,GOOGL,179.07,182.16,174.37,177.44,18610029
2022-11-22,MSFT,350.57,360.61,333.71,343.55,30751029
2022-11-22,TSLA,339.65,359.37,325.99,345.47,62669221
2022-11-23,AAPL,196.97,201.2,189.23,193.38,67669789
2022-11-23,AMZN,208.75,211.35,202.22,204.77,26866929
2022-11-23,GOOGL,183.09,185.96,178.86,181.72,26545021
2022-11-23,MSFT,351.32,356.3,342.69,347.62,36224967
2022-11-23,TSLA,350.84,365.46,331.95,346.39,64176273
2022-11-24,AAPL,190.58,195.69,187.35,192.43,100688626
2022-11-24,AMZN,200.88,211.1,194.52,204.62,32839240
2022-11-24,GOOGL,175.87,180.88,171.95,176.94,36058110
2022-11-24,MSFT,334.96,339.85,328.14,333.01,27451634
2022-11-24,TSLA,343.51,355.23,333.02,344.71,64132634
2022-11-25,AAPL,189.23,192.97,185.45,189.19,73011029
2022-11-25,AMZN,202.81,209.46,197.42,204.04,49862320
2022-11-25,GOOGL,173.47,177.01,170.02,173.55,22144046
2022-11-25,MSFT,338.39,344.17,331.36,337.11,22534297
2022-11-25,TSLA,349.05,363.28,330.78,344.84,137999994
2022-11-28,AAPL,190.18,192.43,185.58,187.79,129036608
2022-11-28,AMZN,194.17,199.07,190.83,195.71,101257255
2022-11-28,GOOGL,171.57,177.16,164.92,170.48,26623360
2022-11-28,MSFT,333.48,336.42,329.69,332.63,43479825
2022-11-28,TSLA,363.47,379.92,348.49,364.88,130452162
2022-11-29,AAPL,188.8,192.42,185.32,188.94,82474330
2022-11-29,AMZN,196.68,201.82,192.75,197.87,61017300
2022-11-29,GOOGL,172.74,175.92,167.79,170.94,13487289
2022-11-29,MSFT,332.27,336.74,326.95,331.41,34339521
2022-11-29,TSLA,377.84,390.16,358.59,370.67,74757898
2022-11-30,AAPL,187.5,187.85,186.4,186.74,68423362
2022-11-30,AMZN,193.26,201.39,189.59,197.64,42676804
2022-11-30,GOOGL,178.69,178.73,177.08,177.11,26580590
2022-11-30,MSFT,336.94,342.57,330.85,336.47,29066238
2022-11-30,TSLA,378.79,399.82,359.43,380.38,48055884
2022-12-01,AAPL,182.03,186.91,178.93,183.78,68404931
2022-12-01,AMZN,200.42,203.21,195.0,197.75,27541754
2022-12-01,GOOGL,173.77,175.12,171.42,172.77,26353558
2022-12-01,MSFT,340.39,344.62,336.04,340.27,28580121
2022-12-01,TSLA,367.18,390.6,357.12,380.18,98041050
2022-12-02,AAPL,185.18,186.88,182.77,184.47,89583670
2022-12-02,AMZN,199.49,203.0,193.29,196.75,24149405
2022-12-02,GOOGL,179.21,181.51,173.44,175.69,25727962
2022-12-02,MSFT,335.29,349.24,327.54,341.35,30027574
2022-12-02,TSLA,358.13,376.19,338.72,356.72,96114827
2022-12-05,AAPL,184.83,189.68,180.3,185.14,68800030
2022-12-05,AMZN,199.98,205.17,193.61,198.77,50016454
2022-12-05,GOOGL,170.98,178.11,164.09,171.21,29564778
2022-12-05,MSFT,347.06,351.77,343.45,348.15,26585291
2022-12-05,TSLA,320.39,343.89,309.93,333.03,102526778
2022-12-06,AAPL,184.93,189.03,179.23,183.3,81825955
2022-12-06,AMZN,198.76,205.11,195.3,201.6,29584733
2022-12-06,GOOGL,180.24,183.81,174.91,178.44,23256020
2022-12-06,MSFT,338.44,346.46,331.13,339.13,28897571
2022-12-06,TSLA,348.0,366.41,338.9,357.08,112607629
2022-12-07,AAPL,183.6,187.36,177.93,181.65,51413990
2022-12-07,AMZN,203.51,208.38,198.06,202.92,28688765
2022-12-07,GOOGL,173.98,178.62,167.85,172.44,32352509
2022-12-07,MSFT,339.32,349.86,331.01,341.5,31495657
2022-12-07,TSLA,343.27,359.57,332.52,348.66,105727968
2022-12-08,AAPL,186.62,191.51,177.59,182.37,88148057
2022-12-08,AMZN,209.71,213.37,204.18,207.82,34850154
2022-12-08,GOOGL,175.58,180.15,170.25,174.81,19480430
2022-12-08,MSFT,336.45,344.45,330.07,338.04,22914246
2022-12-08,TSLA,333.68,347.64,325.86,339.67,68484561
2022-12-09,AAPL,178.54,180.84,175.32,177.61,63509777
2022-12-09,AMZN,204.61,207.38,201.02,203.78,49962580
2022-12-09,GOOGL,178.48,180.69,175.43,177.63,34020522
2022-12-09,MSFT,345.48,351.11,338.98,344.6,16561189
2022-12-09,TSLA,338.08,356.09,323.46,341.33,101983475
2022-12-12,AAPL,173.75,178.52,168.49,173.24,50573745
2022-12-12,AMZN,200.37,206.2,194.66,200.48,36322760
2022-12-12,GOOGL,180.3,181.97,177.82,179.48,26329094
2022-12-12,MSFT,351.99,358.42,343.33,349.71,13470500
2022-12-12,TSLA,340.31,352.93,334.12,346.63,115278309
2022-12-13,AAPL,171.52,175.48,167.28,171.23,81211521
2022-12-13,AMZN,204.5,206.05,199.99,201.51,31583884
2022-12-13,GOOGL,174.69,180.14,170.53,175.94,24552247
2022-12-13,MSFT,355.87,361.12,349.73,354.96,34215291
2022-12-13,TSLA,344.72,370.94,327.62,353.41,77804959
2022-12-14,AAPL,170.29,173.69,167.45,170.84,60339593
2022-12-14,AMZN,202.1,210.18,195.58,203.61,52126070
2022-12-14,GOOGL,172.65,173.81,170.81,171.96,16051246
2022-12-14,MSFT,368.14,370.58,363.41,365.83,16919530
2022-12-14,TSLA,384.32,394.0,364.8,374.23,102123966
2022-12-15,AAPL,172.61,176.77,167.93,172.08,77342116
2022-12-15,AMZN,204.69,210.64,199.1,205.05,50419498
2022-12-15,GOOGL,177.53,182.12,171.65,176.21,18064381
2022-12-15,MSFT,375.8,380.31,368.91,373.39,31257407
2022-12-15,TSLA,387.17,408.97,370.22,391.82,81871457
2022-12-16,AAPL,176.5,179.1,174.38,176.97,60258922
2022-12-16,AMZN,200.09,204.52,194.38,198.78,56670661
2022-12-16,GOOGL,180.21,183.69,176.16,179.63,27192746
2022-12-16,MSFT,371.7,378.97,365.41,372.65,19919508
2022-12-16,TSLA,363.09,391.16,350.29,377.84,142409030
2022-12-19,AAPL,180.11,182.55,177.4,179.84,64027825
2022-12-19,AMZN,193.87,197.4,189.71,193.23,53513305
2022-12-19,GOOGL,179.59,187.3,175.34,182.96,20519949
2022-12-19,MSFT,374.6,379.17,368.39,372.94,20032278
2022-12-19,TSLA,385.75,402.89,371.15,388.2,63487855
2022-12-20,AAPL,181.48,184.15,176.71,179.35,73020353
2022-12-20,AMZN,193.19,196.79,188.47,192.06,50589160
2022-12-20,GOOGL,183.75,190.78,179.74,186.71,31219079
2022-12-20,MSFT,371.46,382.67,365.93,377.06,22972608
2022-12-20,TSLA,372.61,391.04,361.88,380.09,354165356
2022-12-21,AAPL,177.71,182.05,175.02,179.34,69727077
2022-12-21,AMZN,185.64,189.77,180.49,184.6,32487582
2022-12-21,GOOGL,178.96,184.43,175.0,180.44,26796473
2022-12-21,MSFT,376.87,385.46,369.54,378.11,29358925
2022-12-21,TSLA,369.81,390.17,355.5,375.63,55318196
2022-12-22,AAPL,177.99,180.17,174.01,176.18,32572608
2022-12-22,AMZN,186.49,190.63,181.36,185.47,46590286
2022-12-22,GOOGL,174.26,178.05,170.66,174.45,16093660
2022-12-22,MSFT,381.19,389.61,374.42,382.82,18979858
2022-12-22,TSLA,363.59,376.83,346.04,359.12,137585001
2022-12-23,AAPL,178.35,182.74,171.93,176.27,46779789
2022-12-23,AMZN,184.3,187.77,181.54,185.01,52146352
2022-12-23,GOOGL,170.57,175.62,166.87,171.89,29756791
2022-12-23,MSFT,373.39,381.75,360.34,368.59,23681472
2022-12-23,TSLA,334.04,343.31,327.46,336.68,67888209
2022-12-26,AAPL,175.31,178.41,172.4,175.5,80102912
2022-12-26,AMZN,180.01,185.22,176.15,181.34,58557982
2022-12-26,GOOGL,171.19,174.66,166.64,170.09,23984930
2022-12-26,MSFT,382.12,389.19,373.98,381.02,27819966
2022-12-26,TSLA,328.42,343.53,320.25,335.19,99504699
2022-12-27,AAPL,173.32,180.21,169.87,176.69,62852780
2022-12-27,AMZN,179.47,183.53,175.15,179.21,41711246
2022-12-27,GOOGL,170.01,172.01,166.03,168.01,24714000
2022-12-27,MSFT,377.18,388.68,370.09,381.5,19528167
2022-12-27,TSLA,325.65,335.19,313.65,323.12,56306661
2022-12-28,AAPL,173.26,176.82,170.68,174.22,56489366
2022-12-28,AMZN,182.5,185.99,176.22,179.65,35080404
2022-12-28,GOOGL,171.16,174.18,165.93,168.91,31528660
2022-12-28,MSFT,373.08,378.06,366.24,371.2,37997639
2022-12-28,TSLA,339.8,349.0,324.08,333.09,62937948
2022-12-29,AAPL,178.13,179.58,174.63,176.07,42923172
2022-12-29,AMZN,174.08,180.23,167.97,174.12,31158683
2022-12-29,GOOGL,173.24,178.96,166.95,172.66,16285626
2022-12-29,MSFT,368.69,372.45,362.12,365.86,15942235
2022-12-29,TSLA,331.94,347.93,313.02,328.85,116321492
2022-12-30,AAPL,181.13,184.69,177.6,181.16,47454284
2022-12-30,AMZN,173.19,176.68,168.64,172.11,49794303
2022-12-30,GOOGL,173.33,177.12,167.72,171.47,17971034
2022-12-30,MSFT,353.11,358.64,347.85,353.38,26472815
2022-12-30,TSLA,317.33,343.19,306.2,331.56,119418854
2023-01-02,AAPL,179.2,182.21,177.82,180.82,32145772
2023-01-02,AMZN,171.61,173.3,169.71,171.4,33332692
2023-01-02,GOOGL,167.62,173.09,163.12,168.57,27034872
2023-01-02,MSFT,349.82,354.46,343.15,347.77,36907784
2023-01-02,TSLA,340.07,356.14,330.95,346.84,100684774
2023-01-03,AAPL,181.34,185.38,178.14,182.16,63354188
2023-01-03,AMZN,174.24,176.79,168.1,170.59,41072433
2023-01-03,GOOGL,171.03,173.7,168.62,171.29,14382691
2023-01-03,MSFT,340.61,353.61,335.11,347.99,18728734
2023-01-03,TSLA,328.18,337.97,318.12,327.9,112600689
2023-01-04,AAPL,185.83,187.8,182.48,184.43,55275389
2023-01-04,AMZN,169.67,174.24,165.36,169.92,31197343
2023-01-04,GOOGL,168.22,172.58,165.86,170.2,21205327
2023-01-04,MSFT,349.94,362.3,345.9,358.16,27232619
2023-01-04,TSLA,317.54,328.38,308.11,318.91,119815870
2023-01-05,AAPL,183.93,189.22,177.77,183.03,49292946
2023-01-05,AMZN,176.27,179.17,172.28,175.16,38410783
2023-01-05,GOOGL,172.54,174.74,168.3,170.48,67516728
2023-01-05,MSFT,357.84,369.16,350.22,361.46,28930010
2023-01-05,TSLA,318.58,330.66,308.39,320.41,78750799
2023-01-06,AAPL,183.35,187.95,179.14,183.74,63892994
2023-01-06,AMZN,177.51,181.49,174.89,178.86,44389857
2023-01-06,GOOGL,172.59,174.66,167.23,169.26,24320443
2023-01-06,MSFT,364.06,368.9,358.78,363.6,22352606
2023-01-06,TSLA,317.81,331.04,310.27,323.37,61774665
2023-01-09,AAPL,183.13,187.15,179.73,183.74,70914522
2023-01-09,AMZN,174.44,181.78,169.25,176.52,42692505
2023-01-09,GOOGL,169.77,172.11,168.02,170.36,16409811
2023-01-09,MSFT,361.94,367.43,351.88,357.29,27457620
2023-01-09,TSLA,327.18,344.3,318.52,335.43,94674544
2023-01-10,AAPL,183.37,188.58,178.81,184.01,99014466
2023-01-10,AMZN,172.83,176.66,169.02,172.85,47379489
2023-01-10,GOOGL,163.24,170.43,159.74,166.86,26181860
2023-01-10,MSFT,349.76,359.11,343.85,353.14,31930111
2023-01-10,TSLA,356.81,372.17,329.86,344.69,81291471
2023-01-11,AAPL,179.92,183.86,177.5,181.42,40431894
2023-01-11,AMZN,173.72,176.71,168.64,171.59,26259075
2023-01-11,GOOGL,167.71,172.35,164.71,169.32,22469477
2023-01-11,MSFT,347.09,357.57,339.2,349.62,24730015
2023-01-11,TSLA,344.68,357.42,331.79,344.52,104229760
2023-01-12,AAPL,184.17,188.03,177.73,181.53,83839941
2023-01-12,AMZN,177.54,178.17,175.74,176.36,75437748
2023-01-12,GOOGL,168.06,173.44,163.82,169.16,20610681
2023-01-12,MSFT,346.76,355.76,337.5,346.49,33350307
2023-01-12,TSLA,350.75,362.46,335.26,346.85,108015679
2023-01-13,AAPL,182.67,186.69,179.18,183.2,80812900
2023-01-13,AMZN,165.1,173.0,160.99,168.8,35297995
2023-01-13,GOOGL,164.35,169.58,161.37,166.56,47227862
2023-01-13,MSFT,344.12,354.66,335.06,345.57,30749116
2023-01-13,TSLA,349.5,361.75,337.22,349.47,78810793
2023-01-16,AAPL,190.09,193.78,184.38,188.03,52339742
2023-01-16,AMZN,170.77,174.37,165.89,169.46,30176480
2023-01-16,GOOGL,166.64,169.32,165.71,168.38,28592674
2023-01-16,MSFT,343.51,348.73,339.92,345.12,23919698
2023-01-16,TSLA,330.79,342.21,319.11,330.52,111722577
2023-01-17,AAPL,193.76,198.57,186.38,191.14,68302584
2023-01-17,AMZN,166.01,173.64,161.16,168.72,32504862
2023-01-17,GOOGL,166.15,169.91,162.05,165.81,23228362
2023-01-17,MSFT,343.09,349.52,337.91,344.32,35892180
2023-01-17,TSLA,327.51,338.62,316.77,327.87,110535786
2023-01-18,AAPL,200.21,204.61,194.07,198.43,57563459
2023-01-18,AMZN,174.93,177.4,170.96,173.4,31059181
2023-01-18,GOOGL,164.58,165.86,162.22,163.5,30614409
2023-01-18,MSFT,345.44,350.32,336.8,341.63,22813440
2023-01-18,TSLA,323.49,343.29,310.41,329.95,112178792
2023-01-19,AAPL,194.47,199.05,190.67,195.23,68017439
2023-01-19,AMZN,178.28,181.6,173.96,177.26,43499308
2023-01-19,GOOGL,156.45,163.15,153.12,159.75,23181332
2023-01-19,MSFT,346.97,353.53,337.22,343.71,33991253
2023-01-19,TSLA,325.58,347.71,312.67,334.45,85314931
2023-01-20,AAPL,198.65,200.45,196.14,197.93,89523378
2023-01-20,AMZN,171.74,175.95,167.81,172.01,44001388
2023-01-20,GOOGL,153.82,157.02,151.45,154.64,21761651
2023-01-20,MSFT,343.19,349.57,336.75,343.12,22938890
2023-01-20,TSLA,325.04,331.05,316.88,322.86,113523151
2023-01-23,AAPL,198.08,200.66,195.54,198.12,74841101
2023-01-23,AMZN,178.04,183.18,171.58,176.69,48756242
2023-01-23,GOOGL,156.76,160.11,153.35,156.7,26871537
2023-01-23,MSFT,339.89,344.66,330.48,335.18,25787486
2023-01-23,TSLA,309.27,319.67,297.9,308.26,107350054
2023-01-24,AAPL,203.93,209.17,200.4,205.61,73264886
2023-01-24,AMZN,167.92,172.2,164.12,168.39,43280628
2023-01-24,GOOGL,159.03,162.56,157.22,160.74,28179313
2023-01-24,MSFT,338.32,342.93,332.27,336.86,26861489
2023-01-24,TSLA,310.62,316.58,299.74,305.6,110204385
2023-01-25,AAPL,202.53,206.28,198.2,201.94,58007473
2023-01-25,AMZN,171.24,174.07,168.14,170.97,41588039
2023-01-25,GOOGL,159.9,163.85,155.59,159.52,30785903
2023-01-25,MSFT,340.95,345.01,333.61,337.64,30370081
2023-01-25,TSLA,331.54,345.36,313.69,327.33,134847478
2023-01-26,AAPL,196.23,200.69,193.9,198.34,40884079
2023-01-26,AMZN,171.22,178.91,166.22,173.84,40788911
2023-01-26,GOOGL,157.07,160.44,153.89,157.26,33897909
2023-01-26,MSFT,327.67,331.23,326.54,330.09,11105862
2023-01-26,TSLA,312.88,331.03,299.4,317.37,263954037
2023-01-27,AAPL,197.84,203.98,189.68,195.75,61612391
2023-01-27,AMZN,179.88,183.8,176.45,180.36,46756578
2023-01-27,GOOGL,151.29,154.7,148.58,151.98,32421909
2023-01-27,MSFT,326.58,331.81,323.19,328.4,31206108
2023-01-27,TSLA,336.8,346.43,320.81,330.25,80584647
2023-01-30,AAPL,187.26,192.97,182.35,188.04,84607382
2023-01-30,AMZN,183.05,187.1,177.28,181.29,18931442
2023-01-30,GOOGL,144.71,147.4,143.28,145.97,30353563
2023-01-30,MSFT,331.56,340.59,324.46,333.45,27282645
2023-01-30,TSLA,352.89,364.8,336.46,348.22,68626704
2023-01-31,AAPL,186.48,190.44,182.19,186.14,40183522
2023-01-31,AMZN,176.31,183.41,171.78,178.81,39408689
2023-01-31,GOOGL,149.16,153.76,144.16,148.75,30995421
2023-01-31,MSFT,328.35,336.64,320.32,328.6,30000181
2023-01-31,TSLA,351.57,356.08,342.91,347.37,121788483
2023-02-01,AAPL,184.01,187.4,180.17,183.55,47854797
2023-02-01,AMZN,176.68,182.14,169.78,175.18,43172022
2023-02-01,GOOGL,142.44,145.63,140.37,143.54,32404375
2023-02-01,MSFT,323.55,331.27,315.66,323.38,31517418
2023-02-01,TSLA,351.16,367.03,322.58,337.86,103486057
2023-02-02,AAPL,183.62,187.15,180.53,184.05,67051850
2023-02-02,AMZN,177.03,185.08,172.9,180.86,57896306
2023-02-02,GOOGL,138.54,144.02,135.55,140.98,29436412
2023-02-02,MSFT,324.3,331.32,316.41,323.41,30756661
2023-02-02,TSLA,355.17,370.25,328.35,342.9,134663022
2023-02-03,AAPL,186.16,188.56,182.8,185.19,48999359
2023-02-03,AMZN,185.15,194.48,178.24,187.49,28884245
2023-02-03,GOOGL,142.59,144.63,140.52,142.56,15091246
2023-02-03,MSFT,334.21,338.17,324.81,328.7,13948474
2023-02-03,TSLA,348.18,364.57,327.83,344.03,46798135
2023-02-06,AAPL,190.69,195.04,187.18,191.51,52121493
2023-02-06,AMZN,184.98,189.39,181.2,185.59,28531403
2023-02-06,GOOGL,141.77,149.67,135.72,143.55,28110280
2023-02-06,MSFT,342.82,346.58,336.99,340.73,20572925
2023-02-06,TSLA,335.91,352.91,315.79,332.62,116628343
2023-02-07,AAPL,196.11,199.92,190.81,194.59,58116523
2023-02-07,AMZN,185.9,190.15,181.36,185.6,17290347
2023-02-07,GOOGL,142.81,148.23,139.82,145.2,33606107
2023-02-07,MSFT,344.47,348.67,341.8,345.99,30329711
2023-02-07,TSLA,330.33,337.64,317.01,324.19,88797988
2023-02-08,AAPL,189.93,194.43,187.79,192.26,42808717
2023-02-08,AMZN,189.77,194.18,186.53,190.92,26092193
2023-02-08,GOOGL,146.08,148.46,143.51,145.89,19982380
2023-02-08,MSFT,353.71,358.68,348.75,353.72,29397873
2023-02-08,TSLA,325.41,343.34,310.99,328.77,86603876
2023-02-09,AAPL,189.15,192.9,185.2,188.94,49170519
2023-02-09,AMZN,192.57,198.25,188.13,193.79,38486954
2023-02-09,GOOGL,145.26,148.94,141.83,145.5,22549655
2023-02-09,MSFT,361.45,367.75,350.66,356.88,22473124
2023-02-09,TSLA,335.55,356.05,318.59,338.93,76835813
2023-02-10,AAPL,193.81,197.13,187.21,190.48,76430703
2023-02-10,AMZN,194.95,199.41,188.3,192.71,32759668
2023-02-10,GOOGL,141.64,146.38,138.17,142.88,24624356
2023-02-10,MSFT,356.08,360.3,349.53,353.73,33163474
2023-02-10,TSLA,338.0,344.53,327.62,334.07,116364811
2023-02-13,AAPL,184.16,187.26,182.74,185.83,43755241
2023-02-13,AMZN,191.75,197.04,184.16,189.38,32546184
2023-02-13,GOOGL,142.13,145.31,138.63,141.8,26188150
2023-02-13,MSFT,363.31,370.29,351.88,358.76,26205023
2023-02-13,TSLA,327.38,343.39,316.51,332.36,109571484
2023-02-14,AAPL,190.85,194.59,188.3,192.02,39034577
2023-02-14,AMZN,185.06,190.32,180.66,185.89,40229289
2023-02-14,GOOGL,142.35,144.92,139.18,141.74,21530617
2023-02-14,MSFT,357.72,366.49,350.45,359.19,34200084
2023-02-14,TSLA,342.89,353.58,328.78,339.36,67868426
2023-02-15,AAPL,196.82,199.92,192.83,195.91,54762094
2023-02-15,AMZN,188.8,192.93,185.46,189.58,45823060
2023-02-15,GOOGL,137.55,140.67,134.12,137.22,25357888
2023-02-15,MSFT,360.26,367.73,355.01,362.45,36470149
2023-02-15,TSLA,337.18,352.01,321.47,336.26,98916884
2023-02-16,AAPL,194.24,199.72,188.46,193.93,225183078
2023-02-16,AMZN,187.39,192.2,183.15,187.95,40125050
2023-02-16,GOOGL,136.23,138.82,133.36,135.95,28207826
2023-02-16,MSFT,355.4,361.15,351.78,357.52,29948114
2023-02-16,TSLA,326.83,335.08,323.61,331.8,111770215
2023-02-17,AAPL,188.36,192.32,183.83,187.77,61800020
2023-02-17,AMZN,190.57,193.76,183.11,186.23,40266984
2023-02-17,GOOGL,133.66,138.54,131.01,135.85,12435785
2023-02-17,MSFT,360.14,370.06,351.48,361.37,31888867
2023-02-17,TSLA,322.5,339.94,304.92,322.35,99227749
2023-02-20,AAPL,193.16,195.25,190.24,192.32,57450557
2023-02-20,AMZN,188.61,193.22,183.96,188.57,44036092
2023-02-20,GOOGL,136.63,138.72,132.83,134.89,25467355
2023-02-20,MSFT,358.27,367.75,352.11,361.54,23740779
2023-02-20,TSLA,320.41,331.25,302.66,313.26,121311207
2023-02-21,AAPL,192.8,196.77,187.75,191.7,65720830
2023-02-21,AMZN,191.87,195.22,185.46,188.75,21672909
2023-02-21,GOOGL,135.65,137.18,133.39,134.9,22608890
2023-02-21,MSFT,364.78,374.59,354.08,363.87,34245469
2023-02-21,TSLA,344.18,359.54,328.35,343.69,88111584
2023-02-22,AAPL,197.77,199.68,193.93,195.82,36632254
2023-02-22,AMZN,191.63,193.96,187.85,190.17,41289945
2023-02-22,GOOGL,136.36,140.89,133.18,137.67,14332002
2023-02-22,MSFT,365.16,371.54,357.83,364.19,29526870
2023-02-22,TSLA,340.66,352.37,328.46,340.15,41459005
2023-02-23,AAPL,190.66,195.21,185.43,189.96,73038966
2023-02-23,AMZN,188.49,191.32,185.87,188.7,39250673
2023-02-23,GOOGL,140.75,144.09,137.42,140.76,28526248
2023-02-23,MSFT,367.45,374.0,356.84,363.32,71906861
2023-02-23,TSLA,357.72,372.09,341.38,355.67,99434542
2023-02-24,AAPL,187.38,190.69,184.48,187.79,71230819
2023-02-24,AMZN,185.85,189.67,183.33,187.12,39928998
2023-02-24,GOOGL,146.17,150.23,141.86,145.91,26945572
2023-02-24,MSFT,361.71,371.64,357.34,367.21,19468271
2023-02-24,TSLA,378.6,382.62,371.59,375.58,99289862
2023-02-27,AAPL,188.87,192.18,184.45,187.74,58348737
2023-02-27,AMZN,185.69,188.97,180.93,184.18,34159402
2023-02-27,GOOGL,142.18,145.12,139.3,142.24,26030807
2023-02-27,MSFT,362.52,370.87,357.14,365.45,24601910
2023-02-27,TSLA,368.75,382.38,357.34,370.9,102390679
2023-02-28,AAPL,191.04,195.85,183.11,187.83,81346273
2023-02-28,AMZN,185.41,189.89,182.51,186.96,37945272
2023-02-28,GOOGL,144.36,147.06,139.16,141.81,28815533
2023-02-28,MSFT,358.96,362.21,353.29,356.52,20233671
2023-02-28,TSLA,375.86,392.36,357.17,373.57,121290753
2023-03-01,AAPL,186.03,188.31,183.97,186.25,46678188
2023-03-01,AMZN,186.46,191.13,182.57,187.22,44026464
2023-03-01,GOOGL,143.3,147.83,141.65,146.14,27007812
2023-03-01,MSFT,346.93,350.45,342.87,346.39,33330428
2023-03-01,TSLA,365.86,386.87,351.94,372.7,48628997
2023-03-02,AAPL,186.69,190.31,184.73,188.34,83328521
2023-03-02,AMZN,189.61,193.12,184.82,188.31,56090477
2023-03-02,GOOGL,139.69,144.59,136.93,141.79,20388135
2023-03-02,MSFT,348.97,356.22,341.59,348.84,36543009
2023-03-02,TSLA,345.3,356.44,339.15,350.2,89336021
2023-03-03,AAPL,186.52,189.29,181.94,184.68,67510522
2023-03-03,AMZN,183.75,188.68,179.29,184.22,23086291
2023-03-03,GOOGL,136.06,142.35,133.05,139.26,29518642
2023-03-03,MSFT,351.22,356.68,342.08,347.48,34413884
2023-03-03,TSLA,326.49,342.15,314.86,330.37,73086877
2023-03-06,AAPL,184.05,188.6,179.7,184.25,59531020
2023-03-06,AMZN,186.18,191.33,181.82,186.95,45717838
2023-03-06,GOOGL,138.51,139.77,137.15,138.4,30588984
2023-03-06,MSFT,335.81,343.75,330.83,338.72,45402141
2023-03-06,TSLA,332.93,341.72,321.49,330.21,66309278
2023-03-07,AAPL,181.09,186.51,179.31,184.7,64677053
2023-03-07,AMZN,187.52,191.69,183.96,188.12,52178635
2023-03-07,GOOGL,145.88,149.74,141.26,145.09,18213703
2023-03-07,MSFT,338.8,345.42,334.32,340.91,24777151
2023-03-07,TSLA,325.54,333.84,316.35,324.63,93282898
2023-03-08,AAPL,187.88,188.39,185.96,186.46,63256947
2023-03-08,AMZN,189.57,196.45,184.1,190.94,58283003
2023-03-08,GOOGL,143.51,145.77,140.74,142.99,30503216
2023-03-08,MSFT,339.43,347.03,334.32,341.89,32176006
2023-03-08,TSLA,345.46,352.87,338.89,346.28,111668273
2023-03-09,AAPL,187.95,191.8,185.03,188.86,84829597
2023-03-09,AMZN,193.07,195.99,189.25,192.16,38205874
2023-03-09,GOOGL,146.49,149.68,143.73,146.91,23227875
2023-03-09,MSFT,334.66,348.24,327.04,340.49,19730515
2023-03-09,TSLA,346.33,360.7,328.0,342.2,208600618
2023-03-10,AAPL,184.85,188.88,180.97,185.0,47503964
2023-03-10,AMZN,193.18,198.46,187.83,193.11,42757755
2023-03-10,GOOGL,148.1,151.6,144.03,147.5,28830131
2023-03-10,MSFT,343.86,349.96,337.38,343.47,26619245
2023-03-10,TSLA,367.62,384.79,348.15,365.2,78671342
2023-03-13,AAPL,180.54,184.96,175.6,180.01,52609062
2023-03-13,AMZN,183.0,189.73,178.98,185.64,60089465
2023-03-13,GOOGL,144.38,147.7,141.5,144.81,25949699
2023-03-13,MSFT,351.18,356.62,347.32,352.75,17658555
2023-03-13,TSLA,355.51,377.78,335.15,357.32,91545049
2023-03-14,AAPL,184.71,187.57,181.53,184.39,81839921
2023-03-14,AMZN,189.16,193.65,185.66,190.13,61733276
2023-03-14,GOOGL,155.06,159.47,149.54,153.92,23924849
2023-03-14,MSFT,359.55,369.85,351.54,361.8,31977360
2023-03-14,TSLA,373.45,387.77,366.16,380.34,117085040
2023-03-15,AAPL,186.75,189.7,182.64,185.57,55322557
2023-03-15,AMZN,184.09,190.0,178.91,184.8,27292967
2023-03-15,GOOGL,156.73,160.46,151.33,155.02,28370063
2023-03-15,MSFT,360.87,373.07,351.56,363.69,25511558
2023-03-15,TSLA,379.18,401.26,362.85,384.69,111224319
2023-03-16,AAPL,182.4,187.55,177.98,183.12,79633662
2023-03-16,AMZN,188.16,193.53,183.55,188.9,36977676
2023-03-16,GOOGL,155.2,159.65,152.24,156.66,22917910
2023-03-16,MSFT,364.07,371.23,356.96,364.12,13617925
2023-03-16,TSLA,379.74,406.79,363.13,389.74,81871712
2023-03-17,AAPL,189.29,190.78,186.93,188.42,92615834
2023-03-17,AMZN,189.71,192.41,185.84,188.52,41994909
2023-03-17,GOOGL,158.32,158.98,158.12,158.78,31751829
2023-03-17,MSFT,363.57,373.94,355.73,366.05,23204870
2023-03-17,TSLA,381.07,392.08,369.14,380.13,80334461
2023-03-20,AAPL,188.32,191.77,185.33,188.77,58470830
2023-03-20,AMZN,180.85,186.44,176.64,182.2,45564545
2023-03-20,GOOGL,160.41,164.78,156.24,160.61,32779569
2023-03-20,MSFT,369.58,378.17,360.32,368.89,40551800
2023-03-20,TSLA,379.64,395.23,370.01,385.45,54233501
2023-03-21,AAPL,194.04,197.74,189.09,192.76,76072137
2023-03-21,AMZN,187.15,191.51,177.75,181.98,42007979
2023-03-21,GOOGL,170.4,172.6,165.84,168.01,21580788
2023-03-21,MSFT,369.47,372.63,364.89,368.04,30873009
2023-03-21,TSLA,402.72,415.83,393.22,406.24,84801480
2023-03-22,AAPL,193.89,197.85,188.89,192.83,46252500
2023-03-22,AMZN,179.03,183.93,171.64,176.46,30518860
2023-03-22,GOOGL,172.81,178.61,168.48,174.23,23954825
2023-03-22,MSFT,369.07,379.8,359.28,369.99,90531595
2023-03-22,TSLA,399.97,412.67,388.18,400.86,53775012
2023-03-23,AAPL,198.25,202.98,195.23,199.94,77264416
2023-03-23,AMZN,183.54,188.07,176.45,180.91,30076898
2023-03-23,GOOGL,172.82,176.79,167.02,170.95,22661595
2023-03-23,MSFT,359.91,369.18,351.77,361.02,28878816
2023-03-23,TSLA,400.21,415.07,378.44,393.03,144092905
2023-03-24,AAPL,207.96,211.75,202.21,205.95,68240639
2023-03-24,AMZN,177.18,183.63,172.73,179.13,24587485
2023-03-24,GOOGL,175.41,181.37,172.11,178.02,27345345
2023-03-24,MSFT,363.16,370.24,355.52,362.59,26729087
2023-03-24,TSLA,393.12,412.49,367.77,386.83,74690943
2023-03-27,AAPL,203.47,205.39,202.54,204.45,72686872
2023-03-27,AMZN,171.72,178.66,168.6,175.47,19794054
2023-03-27,GOOGL,177.54,182.11,170.85,175.36,33187851
2023-03-27,MSFT,366.49,372.58,360.49,366.58,28109053
2023-03-27,TSLA,406.25,425.59,387.32,406.64,121338295
2023-03-28,AAPL,209.03,212.05,204.52,207.52,54509453
2023-03-28,AMZN,177.61,181.76,174.12,178.25,24359480
2023-03-28,GOOGL,177.9,182.01,172.32,176.4,14577693
2023-03-28,MSFT,368.58,372.33,360.75,364.46,29718029
2023-03-28,TSLA,424.76,432.42,408.06,415.56,138180022
2023-03-29,AAPL,210.0,214.3,205.03,209.31,38007394
2023-03-29,AMZN,178.89,182.36,174.88,178.34,51615219
2023-03-29,GOOGL,170.96,174.99,167.2,171.23,16135606
2023-03-29,MSFT,365.85,371.45,359.27,364.86,20323432
2023-03-29,TSLA,418.03,444.86,406.86,433.29,100134783
2023-03-30,AAPL,217.37,220.13,211.12,213.83,73177846
2023-03-30,AMZN,180.24,182.52,178.27,180.55,47102785
2023-03-30,GOOGL,176.45,178.16,173.15,174.85,24477964
2023-03-30,MSFT,362.34,369.33,352.07,359.0,79396309
2023-03-30,TSLA,447.9,469.69,412.56,433.65,92624661
2023-03-31,AAPL,208.91,213.17,205.09,209.34,31469698
2023-03-31,AMZN,179.3,185.56,174.09,180.31,45532781
2023-03-31,GOOGL,172.83,177.21,169.33,173.7,26162064
2023-03-31,MSFT,354.41,358.44,348.57,352.58,35852792
2023-03-31,TSLA,435.08,446.96,418.12,429.87,63593825
2023-04-03,AAPL,210.59,215.56,206.29,211.25,59843054
2023-04-03,AMZN,181.56,187.52,179.03,184.95,37772849
2023-04-03,GOOGL,168.15,171.84,166.04,169.71,19116917
2023-04-03,MSFT,351.2,361.09,345.35,355.18,26623874
2023-04-03,TSLA,432.78,447.67,417.14,432.01,83015747
2023-04-04,AAPL,214.53,218.03,211.06,214.56,80294205
2023-04-04,AMZN,182.16,187.62,178.03,183.46,39584934
2023-04-04,GOOGL,176.85,179.22,171.55,173.88,78020380
2023-04-04,MSFT,350.38,355.91,346.54,352.05,24338716
2023-04-04,TSLA,437.1,451.62,429.63,444.03,133094169
2023-04-05,AAPL,206.49,210.98,202.59,207.06,68118338
2023-04-05,AMZN,177.14,180.95,173.79,177.6,37313025
2023-04-05,GOOGL,177.94,182.1,174.77,178.91,20369020
2023-04-05,MSFT,342.75,348.05,337.6,342.9,22806637
2023-04-05,TSLA,432.13,455.98,411.77,435.47,103342249
2023-04-06,AAPL,203.57,206.18,199.53,202.12,96660567
2023-04-06,AMZN,172.94,177.23,169.56,173.84,24130647
2023-04-06,GOOGL,185.3,190.63,178.75,184.05,22207641
2023-04-06,MSFT,340.54,343.98,334.63,338.05,40314516
2023-04-06,TSLA,457.01,463.82,445.44,452.19,95673269
2023-04-07,AAPL,191.59,197.7,188.36,194.42,81658023
2023-04-07,AMZN,174.91,180.28,170.49,175.83,46476867
2023-04-07,GOOGL,180.17,184.17,174.24,178.19,32935182
2023-04-07,MSFT,339.71,342.96,331.04,334.24,24834104
2023-04-07,TSLA,457.85,465.98,444.81,452.85,126162926
2023-04-10,AAPL,191.46,197.41,187.39,193.3,54374151
2023-04-10,AMZN,172.3,176.55,169.53,173.76,48526789
2023-04-10,GOOGL,185.2,189.39,179.57,183.72,22855418
2023-04-10,MSFT,339.12,346.9,332.77,340.52,79652058
2023-04-10,TSLA,416.37,435.54,392.61,411.56,111536900
2023-04-11,AAPL,193.78,199.35,190.13,195.66,65443842
2023-04-11,AMZN,182.03,186.38,174.65,178.92,28496695
2023-04-11,GOOGL,183.38,187.9,177.8,182.29,22745469
2023-04-11,MSFT,343.4,348.23,338.42,343.24,26672984
2023-04-11,TSLA,415.53,444.11,392.61,420.89,91488012
2023-04-12,AAPL,202.52,205.53,197.83,200.8,64230226
2023-04-12,AMZN,176.13,180.35,170.64,174.83,28487524
2023-04-12,GOOGL,190.92,193.73,186.83,189.63,25823511
2023-04-12,MSFT,342.1,347.07,334.85,339.79,26294589
2023-04-12,TSLA,392.4,411.63,379.86,398.89,100136076
2023-04-13,AAPL,203.79,207.7,196.84,200.7,83011111
2023-04-13,AMZN,180.79,183.7,176.11,178.99,43517672
2023-04-13,GOOGL,193.51,195.55,189.47,191.49,31826816
2023-04-13,MSFT,337.93,342.76,333.28,338.1,22646752
2023-04-13,TSLA,409.37,423.5,393.9,407.98,76758455
2023-04-14,AAPL,206.1,210.8,201.59,206.29,49718517
2023-04-14,AMZN,178.14,182.91,172.89,177.64,43429487
2023-04-14,GOOGL,192.48,194.31,190.06,191.87,24731110
2023-04-14,MSFT,352.38,363.26,336.79,347.52,21207903
2023-04-14,TSLA,423.25,442.1,399.02,417.62,81675284
2023-04-17,AAPL,200.39,202.09,199.0,200.7,55887635
2023-04-17,AMZN,180.33,188.31,174.99,182.89,47326759
2023-04-17,GOOGL,191.24,195.41,187.15,191.32,21510993
2023-04-17,MSFT,350.58,361.77,343.54,354.65,33179445
2023-04-17,TSLA,418.75,434.68,402.8,418.73,90100407
2023-04-18,AAPL,194.41,199.13,189.57,194.29,31911416
2023-04-18,AMZN,186.44,192.73,178.76,185.01,54135730
2023-04-18,GOOGL,188.09,195.65,183.22,190.7,28619533
2023-04-18,MSFT,351.3,358.56,342.08,349.29,21049542
2023-04-18,TSLA,433.93,447.42,409.82,422.97,108239937
2023-04-19,AAPL,195.96,199.14,190.8,193.94,65771768
2023-04-19,AMZN,188.49,192.13,182.26,185.85,29420893
2023-04-19,GOOGL,188.19,192.99,182.82,187.59,30079597
2023-04-19,MSFT,359.82,364.52,353.12,357.79,31237634
2023-04-19,TSLA,435.76,448.79,422.48,435.5,65375129
2023-04-20,AAPL,193.51,199.1,189.58,195.14,60952582
2023-04-20,AMZN,191.5,195.75,184.36,188.54,39180053
2023-04-20,GOOGL,185.08,187.86,180.45,183.2,32154134
2023-04-20,MSFT,362.08,369.17,351.55,358.57,28634087
2023-04-20,TSLA,423.7,431.57,415.84,423.71,96810707
2023-04-21,AAPL,195.26,200.04,190.08,194.84,37815474
2023-04-21,AMZN,194.73,199.13,189.09,193.46,29994805
2023-04-21,GOOGL,179.58,186.69,174.53,181.58,24777108
2023-04-21,MSFT,364.95,370.73,358.98,364.76,33268469
2023-04-21,TSLA,436.68,453.03,415.45,431.61,85740773
2023-04-24,AAPL,189.21,191.22,185.58,187.57,71568459
2023-04-24,AMZN,193.11,197.98,188.24,193.11,30715087
2023-04-24,GOOGL,185.29,191.7,179.31,185.71,27969844
2023-04-24,MSFT,367.61,372.39,360.1,364.84,23730322
2023-04-24,TSLA,454.65,470.12,430.0,445.15,73602931
2023-04-25,AAPL,188.17,190.83,184.67,187.32,76632932
2023-04-25,AMZN,185.52,191.46,179.58,185.52,35702035
2023-04-25,GOOGL,181.0,185.28,175.98,180.24,29939947
2023-04-25,MSFT,372.61,383.42,362.61,373.4,35561009
2023-04-25,TSLA,457.32,482.62,443.42,468.38,85868325
2023-04-26,AAPL,183.35,186.37,180.03,183.04,68689310
2023-04-26,AMZN,191.39,196.0,185.77,190.35,54403559
2023-04-26,GOOGL,187.73,193.16,179.59,184.94,26136643
2023-04-26,MSFT,364.47,374.28,357.21,366.97,27011665
2023-04-26,TSLA,436.4,456.01,425.72,445.11,39866672
2023-04-27,AAPL,187.13,189.71,182.91,185.46,59733892
2023-04-27,AMZN,185.97,193.82,181.46,189.23,51048182
2023-04-27,GOOGL,182.98,189.8,178.36,185.13,33246508
2023-04-27,MSFT,363.49,373.64,356.34,366.44,46141863
2023-04-27,TSLA,444.26,458.12,432.91,446.71,77007268
2023-04-28,AAPL,182.27,191.93,177.28,186.82,74610934
2023-04-28,AMZN,201.02,203.85,196.86,199.68,39251765
2023-04-28,GOOGL,189.18,192.71,184.2,187.69,29071151
2023-04-28,MSFT,370.6,379.72,366.14,375.2,16700765
2023-04-28,TSLA,450.9,469.61,409.55,427.28,68887186
2023-05-01,AAPL,184.89,187.37,181.32,183.77,76053580
2023-05-01,AMZN,195.84,203.52,189.2,196.85,18438982
2023-05-01,GOOGL,189.74,193.47,186.7,190.42,36767910
2023-05-01,MSFT,359.7,364.86,355.92,361.06,45002543
2023-05-01,TSLA,406.77,426.73,388.77,408.64,88351993
2023-05-02,AAPL,181.19,185.0,178.47,182.26,69995308
2023-05-02,AMZN,199.57,203.17,191.54,195.05,43927781
2023-05-02,GOOGL,192.17,195.47,190.18,193.47,30735690
2023-05-02,MSFT,362.97,369.03,355.96,362.01,27115438
2023-05-02,TSLA,409.59,423.42,396.66,410.47,40854991
2023-05-03,AAPL,176.1,182.47,172.73,179.05,51600050
2023-05-03,AMZN,197.32,198.79,196.48,197.95,43696721
2023-05-03,GOOGL,191.18,196.3,187.87,192.95,12958065
2023-05-03,MSFT,360.17,365.89,355.1,360.81,29559614
2023-05-03,TSLA,412.62,425.19,395.77,408.21,99533702
2023-05-04,AAPL,179.99,182.06,177.11,179.17,69494762
2023-05-04,AMZN,201.28,202.62,199.53,200.87,30664063
2023-05-04,GOOGL,191.31,196.15,187.75,192.57,22510174
2023-05-04,MSFT,366.92,374.31,358.93,366.31,23769973
2023-05-04,TSLA,428.69,439.85,410.51,421.49,116598803
2023-05-05,AAPL,184.86,187.8,179.71,182.61,84426560
2023-05-05,AMZN,202.62,207.29,197.65,202.31,48306963
2023-05-05,GOOGL,196.44,200.11,191.8,195.46,14888467
2023-05-05,MSFT,378.09,385.83,366.51,374.17,17017830
2023-05-05,TSLA,413.9,432.46,394.17,412.68,92214211
2023-05-08,AAPL,179.4,183.16,175.86,179.62,55304777
2023-05-08,AMZN,198.11,202.15,195.54,199.56,30471760
2023-05-08,GOOGL,190.35,194.47,186.67,190.78,21007371
2023-05-08,MSFT,378.09,386.34,371.54,379.76,24301222
2023-05-08,TSLA,415.62,430.3,392.93,407.32,106846306
2023-05-09,AAPL,183.13,186.1,178.63,181.58,99091514
2023-05-09,AMZN,195.4,199.57,190.31,194.46,48277389
2023-05-09,GOOGL,187.11,188.28,184.63,185.79,22678986
2023-05-09,MSFT,389.68,397.95,373.98,382.08,25440191
2023-05-09,TSLA,398.59,422.92,383.1,407.1,82822649
2023-05-10,AAPL,182.73,185.92,176.96,180.11,56458497
2023-05-10,AMZN,192.27,194.5,189.36,191.58,42410654
2023-05-10,GOOGL,181.67,188.26,177.19,183.73,30429537
2023-05-10,MSFT,385.51,392.44,376.16,383.05,29279611
2023-05-10,TSLA,386.62,407.07,371.64,391.88,58077748
2023-05-11,AAPL,179.97,182.69,175.17,177.86,65526613
2023-05-11,AMZN,187.52,191.82,181.28,185.53,25401850
2023-05-11,GOOGL,185.8,190.51,179.83,184.51,22252150
2023-05-11,MSFT,380.86,386.29,376.08,381.5,35847968
2023-05-11,TSLA,387.22,399.53,367.45,379.5,95040168
2023-05-12,AAPL,180.52,182.29,176.15,177.9,54072109
2023-05-12,AMZN,195.35,200.15,189.13,193.89,36385234
2023-05-12,GOOGL,192.26,196.54,187.18,191.43,33713801
2023-05-12,MSFT,382.88,389.73,376.76,383.6,29335115
2023-05-12,TSLA,392.41,401.35,383.41,392.34,111158986
2023-05-15,AAPL,176.15,179.63,171.53,174.98,68628151
2023-05-15,AMZN,190.02,194.23,185.46,189.65,41446513
2023-05-15,GOOGL,188.22,193.58,185.77,191.1,20821680
2023-05-15,MSFT,390.56,400.9,383.65,393.93,29456992
2023-05-15,TSLA,373.82,391.65,364.65,382.27,63545782
2023-05-16,AAPL,173.82,178.59,168.93,173.7,36688897
2023-05-16,AMZN,186.88,191.64,183.78,188.5,43001579
2023-05-16,GOOGL,201.36,205.84,193.97,198.38,23197011
2023-05-16,MSFT,388.71,397.24,380.26,388.79,57435965
2023-05-16,TSLA,386.87,414.59,368.75,396.04,83950852
2023-05-17,AAPL,168.02,173.57,164.98,170.48,56126820
2023-05-17,AMZN,189.74,196.4,184.7,191.32,50331771
2023-05-17,GOOGL,200.36,204.4,195.66,199.68,17251811
2023-05-17,MSFT,379.58,393.7,372.69,386.68,15715488
2023-05-17,TSLA,396.0,412.7,385.16,401.7,89130985
2023-05-18,AAPL,176.83,180.63,173.44,177.23,47253030
2023-05-18,AMZN,194.65,198.25,187.78,191.32,51577739
2023-05-18,GOOGL,198.62,203.15,192.6,197.11,34028425
2023-05-18,MSFT,390.93,396.43,381.35,386.8,16362328
2023-05-18,TSLA,377.71,389.3,366.1,377.69,162720931
2023-05-19,AAPL,176.4,181.61,172.56,177.75,67199248
2023-05-19,AMZN,189.11,192.86,185.19,188.94,37613752
2023-05-19,GOOGL,203.3,209.25,195.08,200.97,88074048
2023-05-19,MSFT,384.63,402.7,376.19,394.06,17521077
2023-05-19,TSLA,385.75,394.66,373.79,382.62,100305065
2023-05-22,AAPL,179.35,181.35,173.95,175.91,81159769
2023-05-22,AMZN,192.51,195.94,185.05,188.4,45593218
2023-05-22,GOOGL,201.11,204.92,195.41,199.18,24174219
2023-05-22,MSFT,396.12,403.62,388.48,395.98,25387082
2023-05-22,TSLA,385.13,395.97,376.56,387.36,49742627
2023-05-23,AAPL,176.76,181.85,171.95,177.04,75497600
2023-05-23,AMZN,184.48,189.68,180.92,186.08,56079359
2023-05-23,GOOGL,199.18,203.63,194.98,199.43,15745838
2023-05-23,MSFT,399.1,413.05,389.17,403.02,14897994
2023-05-23,TSLA,393.28,403.87,380.13,390.65,43869791
2023-05-24,AAPL,177.3,180.68,173.72,177.1,26460535
2023-05-24,AMZN,189.5,195.71,179.16,185.23,29813357
2023-05-24,GOOGL,194.83,197.72,190.56,193.43,23698830
2023-05-24,MSFT,407.89,417.5,400.78,410.34,23171487
2023-05-24,TSLA,383.21,406.53,363.0,386.16,214508263
2023-05-25,AAPL,177.69,182.46,172.08,176.82,98183631
2023-05-25,AMZN,185.08,190.85,181.2,186.93,33920397
2023-05-25,GOOGL,183.75,191.91,179.06,187.14,26450967
2023-05-25,MSFT,412.43,419.3,407.6,414.44,18422255
2023-05-25,TSLA,379.3,395.2,355.78,371.35,154019509
2023-05-26,AAPL,179.29,181.81,176.7,179.22,69798299
2023-05-26,AMZN,182.19,185.41,179.82,183.03,23448650
2023-05-26,GOOGL,189.61,194.2,184.29,188.86,21032110
2023-05-26,MSFT,413.51,423.03,397.5,406.85,31414007
2023-05-26,TSLA,404.6,416.52,375.89,387.31,88326855
2023-05-29,AAPL,184.83,189.97,176.99,182.05,52381888
2023-05-29,AMZN,188.35,191.17,184.67,187.48,33685677
2023-05-29,GOOGL,196.0,200.18,188.56,192.66,39692825
2023-05-29,MSFT,414.66,424.47,408.83,418.58,31063589
2023-05-29,TSLA,380.88,401.29,363.21,383.51,86905534
2023-05-30,AAPL,179.6,184.62,175.61,180.61,67553328
2023-05-30,AMZN,189.85,193.5,184.26,187.88,42057814
2023-05-30,GOOGL,198.37,202.5,195.66,199.76,36408384
2023-05-30,MSFT,431.8,439.79,420.54,428.47,25895491
2023-05-30,TSLA,372.72,385.17,357.27,369.62,105230886
2023-05-31,AAPL,179.39,183.15,175.32,179.08,67863084
2023-05-31,AMZN,187.02,190.01,182.73,185.7,18838537
2023-05-31,GOOGL,197.6,200.74,192.7,195.81,14069867
2023-05-31,MSFT,432.59,440.35,420.67,428.36,14700273
2023-05-31,TSLA,376.36,394.89,355.36,373.76,76040460
2023-06-01,AAPL,177.38,182.01,173.96,178.57,54163708
2023-06-01,AMZN,180.93,189.63,176.05,184.64,44370449
2023-06-01,GOOGL,204.55,206.39,199.17,200.98,17788726
2023-06-01,MSFT,409.56,425.07,402.5,417.87,26339992
2023-06-01,TSLA,363.16,384.31,341.19,362.28,34576327
2023-06-02,AAPL,169.66,174.56,166.84,171.7,68216145
2023-06-02,AMZN,188.3,191.73,186.03,189.44,35276556
2023-06-02,GOOGL,206.94,210.22,202.27,205.52,27867017
2023-06-02,MSFT,404.58,413.26,398.05,406.7,30300382
2023-06-02,TSLA,352.95,369.12,332.98,348.96,119635029
2023-06-05,AAPL,166.73,171.76,162.65,167.65,55128575
2023-06-05,AMZN,190.48,196.7,186.62,192.79,39373262
2023-06-05,GOOGL,204.66,209.62,197.66,202.58,18300760
2023-06-05,MSFT,413.73,417.28,405.08,408.58,83063265
2023-06-05,TSLA,346.22,358.68,330.98,343.34,80436924
2023-06-06,AAPL,172.49,175.78,169.25,172.54,165004751
2023-06-06,AMZN,190.93,199.04,185.71,193.74,28311280
2023-06-06,GOOGL,204.16,212.06,199.59,207.42,26143157
2023-06-06,MSFT,399.28,408.6,394.54,403.8,40273832
2023-06-06,TSLA,331.8,348.73,317.75,334.56,119940299
2023-06-07,AAPL,177.63,179.63,176.32,178.31,53847964
2023-06-07,AMZN,191.23,194.52,187.97,191.26,38977392
2023-06-07,GOOGL,208.38,214.75,204.01,210.35,25066902
2023-06-07,MSFT,396.38,405.39,383.47,392.39,35829487
2023-06-07,TSLA,330.91,342.55,312.09,323.46,76926563
2023-06-08,AAPL,176.82,180.06,174.71,177.93,41719091
2023-06-08,AMZN,189.29,198.19,184.79,193.58,56791996
2023-06-08,GOOGL,217.14,223.41,207.89,214.08,24752701
2023-06-08,MSFT,382.47,389.87,375.13,382.53,29153435
2023-06-08,TSLA,333.63,338.87,327.23,332.45,97892254
2023-06-09,AAPL,177.94,183.28,174.91,180.22,67369842
2023-06-09,AMZN,195.63,199.69,189.58,193.6,36001958
2023-06-09,GOOGL,224.41,229.3,217.42,222.27,31367499
2023-06-09,MSFT,380.12,390.48,369.95,380.32,26003310
2023-06-09,TSLA,328.38,339.9,319.14,330.6,115302258
2023-06-12,AAPL,181.47,185.17,177.89,181.6,74511115
2023-06-12,AMZN,202.36,206.57,196.61,200.79,17870630
2023-06-12,GOOGL,226.78,230.53,221.93,225.66,36296371
2023-06-12,MSFT,382.71,387.19,378.01,382.49,22799461
2023-06-12,TSLA,359.67,368.66,336.3,344.92,120420835
2023-06-13,AAPL,189.7,195.7,186.34,192.3,73366858
2023-06-13,AMZN,203.78,208.72,195.52,200.38,52137722
2023-06-13,GOOGL,214.07,218.03,210.69,214.64,27475484
2023-06-13,MSFT,393.75,400.39,386.0,392.61,37489633
2023-06-13,TSLA,333.18,343.17,323.89,333.86,100533480
2023-06-14,AAPL,197.58,202.44,191.41,196.24,78323785
2023-06-14,AMZN,205.02,209.27,203.11,207.34,45424478
2023-06-14,GOOGL,215.39,219.4,210.78,214.78,17424504
2023-06-14,MSFT,393.21,405.52,384.2,396.43,29166134
2023-06-14,TSLA,315.14,332.1,296.85,313.74,99351928
2023-06-15,AAPL,195.84,197.3,194.23,195.69,70270528
2023-06-15,AMZN,205.62,213.67,199.74,207.73,40940427
2023-06-15,GOOGL,210.54,214.18,203.36,206.94,25899285
2023-06-15,MSFT,393.47,399.9,387.91,394.34,32413809
2023-06-15,TSLA,316.4,331.2,300.67,315.43,109718021
2023-06-16,AAPL,189.76,195.9,186.2,192.29,56343210
2023-06-16,AMZN,205.04,206.9,200.97,202.8,45680521
2023-06-16,GOOGL,206.39,211.91,201.08,206.6,21349055
2023-06-16,MSFT,398.69,404.48,391.66,397.44,23868461
2023-06-16,TSLA,335.84,349.95,322.54,336.61,106024026
2023-06-19,AAPL,186.32,188.37,184.79,186.84,78644537
2023-06-19,AMZN,219.58,225.76,210.9,217.01,40825161
2023-06-19,GOOGL,207.47,212.15,201.39,206.03,37451709
2023-06-19,MSFT,400.46,406.67,393.66,399.86,19313636
2023-06-19,TSLA,344.96,359.97,327.37,342.27,186423940
2023-06-20,AAPL,186.45,191.87,182.33,187.72,42940339
2023-06-20,AMZN,212.75,217.8,204.8,209.78,56432662
2023-06-20,GOOGL,204.09,207.78,199.06,202.72,29332259
2023-06-20,MSFT,406.52,412.51,399.35,405.32,25197635
2023-06-20,TSLA,376.47,387.9,370.77,382.12,64788044
2023-06-21,AAPL,185.88,189.13,182.11,185.35,50364090
2023-06-21,AMZN,203.18,208.05,195.93,200.75,47519995
2023-06-21,GOOGL,196.48,201.42,192.89,197.8,27515746
2023-06-21,MSFT,402.81,413.27,394.87,405.28,25879502
2023-06-21,TSLA,388.41,404.97,368.0,384.39,44909846
2023-06-22,AAPL,183.09,186.8,177.24,180.9,49331748
2023-06-22,AMZN,192.41,198.41,185.98,191.97,92954273
2023-06-22,GOOGL,193.93,199.8,189.23,195.07,29060036
2023-06-22,MSFT,414.96,418.24,409.47,412.74,29342407
2023-06-22,TSLA,373.45,402.6,356.7,385.31,113204565
2023-06-23,AAPL,176.16,181.57,173.81,179.18,82550910
2023-06-23,AMZN,202.4,209.17,196.64,203.38,54919549
2023-06-23,GOOGL,196.16,201.28,188.18,193.21,24760229
2023-06-23,MSFT,419.05,429.68,407.98,418.6,22837962
2023-06-23,TSLA,347.14,359.28,343.15,355.2,85601417
2023-06-26,AAPL,176.32,180.72,171.75,176.14,80320313
2023-06-26,AMZN,213.97,219.56,206.79,212.33,58199848
2023-06-26,GOOGL,193.31,195.04,190.5,192.22,32825344
2023-06-26,MSFT,413.42,424.13,408.42,419.05,28174789
2023-06-26,TSLA,370.8,386.75,343.85,359.32,114479684
2023-06-27,AAPL,181.84,186.4,177.54,182.1,206811297
2023-06-27,AMZN,211.4,216.45,207.35,212.38,49103639
2023-06-27,GOOGL,190.86,195.81,187.24,192.17,21431943
2023-06-27,MSFT,416.18,420.66,413.59,418.06,36243944
2023-06-27,TSLA,352.16,367.29,345.1,360.07,104588126
2023-06-28,AAPL,186.49,190.43,181.45,185.37,82418860
2023-06-28,AMZN,213.97,217.98,209.73,213.74,44069295
2023-06-28,GOOGL,193.37,197.96,189.4,193.97,31000235
2023-06-28,MSFT,421.31,431.74,414.17,424.55,16289268
2023-06-28,TSLA,341.48,358.67,336.59,353.61,71192366
2023-06-29,AAPL,185.95,189.17,182.39,185.6,50711654
2023-06-29,AMZN,213.37,219.87,207.76,214.23,31459031
2023-06-29,GOOGL,190.37,196.74,185.93,192.26,34950017
2023-06-29,MSFT,415.9,425.46,409.63,419.14,13181681
2023-06-29,TSLA,343.2,367.92,326.41,350.76,92144717
2023-06-30,AAPL,189.58,194.9,185.57,190.87,70664670
2023-06-30,AMZN,206.37,211.29,200.88,205.79,46856590
2023-06-30,GOOGL,198.88,203.0,192.72,196.79,19912821
2023-06-30,MSFT,406.77,414.99,400.22,408.42,36721396
2023-06-30,TSLA,359.49,368.27,340.34,348.86,84197976
2023-07-03,AAPL,190.69,193.95,187.99,191.24,62965915
2023-07-03,AMZN,214.58,219.49,206.97,211.82,43880261
2023-07-03,GOOGL,195.55,200.44,191.16,196.04,27110354
2023-07-03,MSFT,400.33,407.78,390.85,398.26,48818263
2023-07-03,TSLA,334.84,355.18,325.64,345.68,80530942
2023-07-04,AAPL,187.04,192.66,182.81,188.39,78761834
2023-07-04,AMZN,216.44,221.72,211.97,217.24,39731972
2023-07-04,GOOGL,198.65,202.82,194.96,199.12,27603461
2023-07-04,MSFT,391.31,401.38,383.37,393.4,25339496
2023-07-04,TSLA,364.74,387.79,348.19,370.95,116738073
2023-07-05,AAPL,195.7,200.96,188.6,193.82,172150693
2023-07-05,AMZN,209.87,214.87,206.0,210.98,46992681
2023-07-05,GOOGL,198.91,201.93,194.26,197.26,18284282
2023-07-05,MSFT,399.26,409.49,388.3,398.5,32259357
2023-07-05,TSLA,355.15,376.04,343.86,364.45,154630157
2023-07-06,AAPL,195.77,200.43,191.08,195.73,58744678
2023-07-06,AMZN,211.67,214.5,209.07,211.9,40870575
2023-07-06,GOOGL,204.26,212.88,199.21,207.75,16443865
2023-07-06,MSFT,396.37,401.71,390.82,396.16,68648877
2023-07-06,TSLA,363.35,377.19,351.32,365.1,121509836
2023-07-07,AAPL,195.37,198.12,189.39,192.09,73789763
2023-07-07,AMZN,208.42,216.32,203.19,211.03,45487830
2023-07-07,GOOGL,208.66,213.94,203.47,208.74,19275013
2023-07-07,MSFT,395.5,406.47,387.21,398.13,27486984
2023-07-07,TSLA,355.74,370.26,344.04,358.47,94359786
2023-07-10,AAPL,191.41,195.33,187.59,191.51,79237748
2023-07-10,AMZN,211.04,215.23,205.42,209.58,50358287
2023-07-10,GOOGL,214.64,219.8,209.51,214.67,24674530
2023-07-10,MSFT,394.17,403.48,386.05,395.33,28506776
2023-07-10,TSLA,364.01,381.29,349.94,367.1,124913309
2023-07-11,AAPL,187.42,190.7,185.35,188.62,54139390
2023-07-11,AMZN,206.41,210.42,202.14,206.15,26689055
2023-07-11,GOOGL,209.94,215.8,204.69,210.54,27617918
2023-07-11,MSFT,395.58,396.98,391.31,392.69,45630998
2023-07-11,TSLA,379.73,392.12,355.78,367.78,135681437
2023-07-12,AAPL,181.66,188.05,177.83,184.17,64007520
2023-07-12,AMZN,205.24,207.28,203.27,205.31,29753246
2023-07-12,GOOGL,206.49,210.58,203.57,207.63,22689867
2023-07-12,MSFT,387.1,392.03,381.67,386.6,40464374
2023-07-12,TSLA,355.0,375.73,342.15,362.61,61931193
2023-07-13,AAPL,184.55,191.43,180.78,187.59,47800339
2023-07-13,AMZN,203.44,207.83,198.36,202.74,30877781
2023-07-13,GOOGL,204.2,209.15,200.74,205.66,37066512
2023-07-13,MSFT,388.69,392.75,382.85,386.89,23143922
2023-07-13,TSLA,337.03,347.67,327.02,337.64,231633820
2023-07-14,AAPL,191.61,195.92,190.1,194.39,24406508
2023-07-14,AMZN,203.87,209.64,201.34,207.07,59400094
2023-07-14,GOOGL,215.79,221.55,209.43,215.18,31413599
2023-07-14,MSFT,390.8,398.34,379.16,386.62,35356217
2023-07-14,TSLA,341.93,355.16,326.76,339.92,113279947
2023-07-17,AAPL,190.04,192.27,187.36,189.58,68257469
2023-07-17,AMZN,209.62,213.45,202.81,206.58,46334747
2023-07-17,GOOGL,210.93,217.8,206.26,213.08,27829244
2023-07-17,MSFT,391.69,399.03,382.94,390.25,31538554
2023-07-17,TSLA,329.83,348.44,317.2,335.59,123217827
2023-07-18,AAPL,192.57,195.74,188.53,191.69,74894712
2023-07-18,AMZN,202.14,208.53,196.89,203.25,47266192
2023-07-18,GOOGL,208.84,213.09,204.26,208.5,22309704
2023-07-18,MSFT,386.56,400.37,379.28,392.97,27863396
2023-07-18,TSLA,337.19,355.72,315.98,334.35,114315577
2023-07-19,AAPL,186.88,192.68,183.82,189.57,69258585
2023-07-19,AMZN,202.1,207.24,197.77,202.9,51294380
2023-07-19,GOOGL,211.84,216.96,207.93,213.02,25436447
2023-07-19,MSFT,393.3,399.37,386.33,392.39,21644918
2023-07-19,TSLA,318.08,330.25,308.22,320.32,89591436
2023-07-20,AAPL,189.61,191.79,185.94,188.1,33319622
2023-07-20,AMZN,203.9,208.05,197.96,202.07,29533455
2023-07-20,GOOGL,211.13,218.02,205.3,212.17,31884716
2023-07-20,MSFT,381.2,389.33,375.12,383.21,31159576
2023-07-20,TSLA,338.95,350.16,325.61,336.75,143280677
2023-07-21,AAPL,185.52,190.07,181.79,186.33,59298696
2023-07-21,AMZN,202.38,205.7,197.79,201.09,19617195
2023-07-21,GOOGL,210.59,212.56,208.2,210.17,30750086
2023-07-21,MSFT,397.32,404.01,384.7,391.29,25857681
2023-07-21,TSLA,345.77,359.42,332.8,346.43,103065466
2023-07-24,AAPL,183.97,187.53,180.17,183.73,28951848
2023-07-24,AMZN,208.07,211.73,200.22,203.8,39371378
2023-07-24,GOOGL,205.61,211.13,201.13,206.64,30682489
2023-07-24,MSFT,392.86,398.74,385.68,391.53,25343079
2023-07-24,TSLA,350.27,379.7,334.47,363.31,84684733
2023-07-25,AAPL,186.92,190.09,181.12,184.25,87257642
2023-07-25,AMZN,200.32,208.64,194.11,202.37,48975719
2023-07-25,GOOGL,210.41,214.54,203.71,207.78,23102088
2023-07-25,MSFT,390.87,401.11,382.68,392.87,22630500
2023-07-25,TSLA,385.33,394.4,367.85,376.72,107016977
2023-07-26,AAPL,183.32,185.87,179.32,181.85,47351613
2023-07-26,AMZN,197.79,204.93,192.67,199.76,38024070
2023-07-26,GOOGL,211.02,213.95,208.38,211.31,21731911
2023-07-26,MSFT,406.45,411.14,399.83,404.5,34998764
2023-07-26,TSLA,396.56,410.87,368.89,382.7,118094402
2023-07-27,AAPL,182.71,187.49,178.39,183.16,85400308
2023-07-27,AMZN,191.58,197.53,188.12,194.02,26300616
2023-07-27,GOOGL,215.86,222.27,207.28,213.62,16078906
2023-07-27,MSFT,411.57,416.93,405.9,411.25,22625833
2023-07-27,TSLA,364.57,368.87,361.41,365.7,97250575
2023-07-28,AAPL,181.9,188.31,177.0,183.37,80370381
2023-07-28,AMZN,194.32,198.27,190.1,194.04,30947721
2023-07-28,GOOGL,208.88,211.3,208.08,210.49,28303406
2023-07-28,MSFT,408.59,421.95,401.39,414.65,22668483
2023-07-28,TSLA,382.39,400.98,370.09,388.49,104336989
2023-07-31,AAPL,179.42,185.78,176.66,182.96,50365406
2023-07-31,AMZN,198.68,203.74,194.2,199.25,28207419
2023-07-31,GOOGL,203.78,209.65,199.56,205.39,15509226
2023-07-31,MSFT,417.84,424.16,408.53,414.8,33445564
2023-07-31,TSLA,383.73,401.48,356.58,373.88,97098718
2023-08-01,AAPL,179.22,183.03,176.58,180.38,46592244
2023-08-01,AMZN,197.19,203.36,192.5,198.64,33876355
2023-08-01,GOOGL,185.63,193.15,181.33,188.77,24903060
2023-08-01,MSFT,413.46,419.59,408.77,414.89,26989686
2023-08-01,TSLA,380.84,391.26,358.55,368.64,79323201
2023-08-02,AAPL,178.64,182.68,174.95,178.98,70693516
2023-08-02,AMZN,196.35,200.58,192.26,196.49,28406195
2023-08-02,GOOGL,184.06,187.58,181.45,184.97,22373355
2023-08-02,MSFT,421.79,430.11,408.55,416.76,27178070
2023-08-02,TSLA,375.15,390.13,361.33,376.26,75481669
2023-08-03,AAPL,180.33,184.87,177.43,181.95,51279734
2023-08-03,AMZN,191.29,195.29,189.41,193.39,41467790
2023-08-03,GOOGL,183.02,187.42,179.05,183.44,26390405
2023-08-03,MSFT,419.34,425.69,413.43,419.78,35230254
2023-08-03,TSLA,383.01,395.8,371.73,384.48,61683113
2023-08-04,AAPL,183.81,187.2,180.64,184.03,66665375
2023-08-04,AMZN,189.63,193.57,182.72,186.6,34524185
2023-08-04,GOOGL,183.27,186.68,179.71,183.13,32284709
2023-08-04,MSFT,437.51,443.06,426.73,432.22,37195904
2023-08-04,TSLA,389.56,400.23,379.44,390.1,131052975
2023-08-07,AAPL,181.31,185.3,177.2,181.19,57154051
2023-08-07,AMZN,190.16,195.48,186.28,191.57,46334322
2023-08-07,GOOGL,183.32,188.07,177.33,182.05,33460316
2023-08-07,MSFT,452.07,459.35,443.18,450.44,13105079
2023-08-07,TSLA,371.19,399.68,354.41,382.4,89693840
2023-08-08,AAPL,181.6,183.37,180.2,181.97,36056175
2023-08-08,AMZN,192.52,200.26,185.98,193.68,30235220
2023-08-08,GOOGL,193.68,201.64,184.57,192.48,29389910
2023-08-08,MSFT,455.52,461.19,446.15,451.78,27098580
2023-08-08,TSLA,370.47,381.32,361.57,372.37,28500000
2023-08-09,AAPL,183.81,189.53,179.19,184.89,28754894
2023-08-09,AMZN,192.0,204.41,184.71,196.94,42553468
2023-08-09,GOOGL,196.2,200.52,189.72,194.0,20223416
2023-08-09,MSFT,432.83,441.96,425.55,434.65,18128148
2023-08-09,TSLA,417.23,433.12,389.65,405.08,104417660
2023-08-10,AAPL,180.04,183.35,176.46,179.76,68683619
2023-08-10,AMZN,194.56,202.94,189.68,197.98,39624008
2023-08-10,GOOGL,187.17,193.3,182.74,188.84,24860413
2023-08-10,MSFT,428.58,435.08,420.82,427.3,25292446
2023-08-10,TSLA,400.5,417.04,385.18,401.68,103925893
2023-08-11,AAPL,182.76,185.65,179.17,182.04,55874686
2023-08-11,AMZN,193.43,197.89,190.19,194.63,43960289
2023-08-11,GOOGL,191.13,193.84,188.37,191.07,19538974
2023-08-11,MSFT,434.05,446.85,427.81,440.52,27952846
2023-08-11,TSLA,389.5,407.06,379.35,396.72,50669017
2023-08-14,AAPL,178.55,183.48,175.42,180.32,56012290
2023-08-14,AMZN,192.8,198.31,187.92,193.42,45367135
2023-08-14,GOOGL,190.33,196.34,186.27,192.25,20911174
2023-08-14,MSFT,444.9,451.8,438.49,445.38,25516017
2023-08-14,TSLA,387.81,402.02,370.39,384.47,75230590
2023-08-15,AAPL,185.0,188.29,179.43,182.68,76307787
2023-08-15,AMZN,192.96,194.94,189.54,191.51,46436446
2023-08-15,GOOGL,188.68,192.03,184.57,187.9,28015113
2023-08-15,MSFT,442.27,457.81,432.51,447.93,20823071
2023-08-15,TSLA,381.17,395.39,371.57,385.68,74188135
2023-08-16,AAPL,180.45,182.18,178.89,180.62,84068436
2023-08-16,AMZN,187.03,193.36,183.73,190.01,48307571
2023-08-16,GOOGL,192.18,196.92,184.11,188.77,53202726
2023-08-16,MSFT,441.57,454.32,433.23,445.9,20467953
2023-08-16,TSLA,385.77,401.86,370.16,386.22,77371142
2023-08-17,AAPL,175.35,179.92,170.75,175.32,60571148
2023-08-17,AMZN,189.49,191.53,186.57,188.6,45422910
2023-08-17,GOOGL,188.26,192.72,186.1,190.54,22159959
2023-08-17,MSFT,433.0,439.91,429.41,436.3,33095589
2023-08-17,TSLA,375.34,392.0,367.39,383.87,123803426
2023-08-18,AAPL,171.96,175.1,167.76,170.87,59465271
2023-08-18,AMZN,194.56,199.32,188.57,193.3,42978660
2023-08-18,GOOGL,195.52,198.17,191.55,194.18,18313839
2023-08-18,MSFT,451.05,460.75,438.89,448.53,38743668
2023-08-18,TSLA,379.93,399.12,367.99,386.95,91464158
2023-08-21,AAPL,172.14,175.65,168.28,171.78,73127324
2023-08-21,AMZN,203.25,205.97,199.12,201.82,33332763
2023-08-21,GOOGL,188.97,194.09,181.95,187.01,29114357
2023-08-21,MSFT,441.0,450.22,432.34,441.55,13576661
2023-08-21,TSLA,414.58,427.99,396.06,409.3,84853171
2023-08-22,AAPL,174.81,178.85,169.31,173.32,42949796
2023-08-22,AMZN,200.19,204.03,194.24,198.04,48507370
2023-08-22,GOOGL,187.58,193.29,183.59,189.27,22746568
2023-08-22,MSFT,446.64,455.28,437.89,446.53,25706669
2023-08-22,TSLA,398.77,417.39,379.39,397.96,121656761
2023-08-23,AAPL,171.65,173.8,169.07,171.21,68626237
2023-08-23,AMZN,194.92,201.42,190.89,197.33,33031157
2023-08-23,GOOGL,195.27,200.73,188.99,194.43,11147819
2023-08-23,MSFT,435.45,445.49,426.08,436.1,33123748
2023-08-23,TSLA,390.64,410.46,376.4,396.02,106764508
2023-08-24,AAPL,173.0,177.53,169.44,173.95,73968147
2023-08-24,AMZN,199.38,203.53,194.13,198.25,37080866
2023-08-24,GOOGL,200.76,205.95,196.3,201.48,35210256
2023-08-24,MSFT,438.15,445.63,426.75,434.16,27771773
2023-08-24,TSLA,385.54,402.9,367.41,384.73,53651766
2023-08-25,AAPL,170.05,172.86,166.69,169.5,76053740
2023-08-25,AMZN,197.81,201.38,190.71,194.21,31383467
2023-08-25,GOOGL,195.74,200.5,191.23,195.98,31333607
2023-08-25,MSFT,441.28,450.18,432.37,441.27,20204193
2023-08-25,TSLA,382.53,402.43,366.92,386.64,80355188
2023-08-28,AAPL,168.35,173.94,164.55,170.1,33527768
2023-08-28,AMZN,197.41,201.97,190.05,194.55,31175186
2023-08-28,GOOGL,194.19,198.5,190.67,194.96,12404344
2023-08-28,MSFT,439.84,446.28,432.49,438.91,24655474
2023-08-28,TSLA,371.78,392.31,356.62,376.95,102646599
2023-08-29,AAPL,167.37,168.46,166.11,167.2,52627976
2023-08-29,AMZN,200.0,202.62,193.54,196.11,36829985
2023-08-29,GOOGL,193.91,198.01,190.26,194.35,29592695
2023-08-29,MSFT,433.65,445.06,424.41,435.77,30115051
2023-08-29,TSLA,375.84,387.68,356.72,368.33,72820109
2023-08-30,AAPL,166.06,169.01,163.16,166.11,50728222
2023-08-30,AMZN,196.35,202.63,189.6,195.86,37669710
2023-08-30,GOOGL,198.87,204.0,191.53,196.6,34516856
2023-08-30,MSFT,439.8,447.76,427.65,435.54,25849655
2023-08-30,TSLA,353.36,369.51,332.65,348.58,143201926
2023-08-31,AAPL,166.84,169.62,164.38,167.15,66623163
2023-08-31,AMZN,197.3,201.41,194.44,198.54,31864443
2023-08-31,GOOGL,195.33,199.23,191.59,195.49,23834625
2023-08-31,MSFT,429.91,434.2,421.23,425.48,27664140
2023-08-31,TSLA,348.83,359.86,337.92,348.95,97680870
2023-09-01,AAPL,165.25,168.81,161.89,165.44,72812099
2023-09-01,AMZN,193.27,202.76,189.16,198.54,40219632
2023-09-01,GOOGL,191.13,197.5,185.95,192.29,25931444
2023-09-01,MSFT,414.49,423.86,405.25,414.62,27865876
2023-09-01,TSLA,354.29,360.26,347.45,353.4,77107311
2023-09-04,AAPL,162.42,168.61,159.08,165.21,89321544
2023-09-04,AMZN,184.52,191.62,179.91,186.95,41567606
2023-09-04,GOOGL,192.94,196.67,189.08,192.81,23008024
2023-09-04,MSFT,417.95,426.9,411.12,420.04,24330028
2023-09-04,TSLA,376.09,388.46,363.77,376.14,68330088
2023-09-05,AAPL,168.34,171.58,165.95,169.18,56956810
2023-09-05,AMZN,182.55,188.21,177.93,183.56,34551211
2023-09-05,GOOGL,187.12,193.65,184.7,191.18,28248370
2023-09-05,MSFT,411.5,423.76,405.07,417.23,33715983
2023-09-05,TSLA,383.86,399.13,365.49,380.62,117028780
2023-09-06,AAPL,168.39,170.78,165.87,168.25,56914446
2023-09-06,AMZN,188.94,194.54,184.05,189.63,62896391
2023-09-06,GOOGL,191.48,195.44,189.11,193.06,31457336
2023-09-06,MSFT,419.45,428.8,413.27,422.57,24657558
2023-09-06,TSLA,367.61,379.58,360.94,372.83,79613278
2023-09-07,AAPL,171.92,174.91,168.68,171.67,83682170
2023-09-07,AMZN,190.4,194.1,188.31,192.0,43326982
2023-09-07,GOOGL,191.99,195.63,186.03,189.62,17555667
2023-09-07,MSFT,422.89,437.33,416.49,430.82,20961724
2023-09-07,TSLA,359.31,368.55,344.87,353.97,104023199
2023-09-08,AAPL,167.41,171.2,165.21,168.97,69819375
2023-09-08,AMZN,181.68,184.45,178.28,181.04,41182648
2023-09-08,GOOGL,185.29,190.3,180.57,185.56,20586486
2023-09-08,MSFT,436.19,447.58,428.26,439.59,43607476
2023-09-08,TSLA,340.32,347.83,330.76,338.22,67651415
2023-09-11,AAPL,173.4,177.31,167.58,171.44,85599337
2023-09-11,AMZN,176.26,180.11,172.05,175.9,33240440
2023-09-11,GOOGL,189.5,193.46,186.47,190.41,25635294
2023-09-11,MSFT,428.59,433.71,422.18,427.29,27455441
2023-09-11,TSLA,321.3,336.75,307.4,322.78,96667197
2023-09-12,AAPL,175.38,179.59,172.57,176.76,69691830
2023-09-12,AMZN,179.34,183.65,174.95,179.26,41378418
2023-09-12,GOOGL,199.35,204.21,194.15,199.01,26938865
2023-09-12,MSFT,422.09,426.07,418.29,422.27,20758213
2023-09-12,TSLA,341.79,362.85,323.82,344.73,172185003
2023-09-13,AAPL,171.17,171.56,169.29,169.69,46196854
2023-09-13,AMZN,179.14,184.32,172.54,177.68,42408026
2023-09-13,GOOGL,207.38,211.65,201.62,205.86,27546601
2023-09-13,MSFT,434.75,439.78,421.4,426.33,36783213
2023-09-13,TSLA,352.67,364.23,336.15,347.55,87509382
2023-09-14,AAPL,168.74,171.43,165.41,168.09,43336664
2023-09-14,AMZN,167.63,171.46,164.66,168.46,39965256
2023-09-14,GOOGL,207.55,212.45,199.98,204.83,23796748
2023-09-14,MSFT,429.07,438.58,420.94,430.42,36760702
2023-09-14,TSLA,338.9,353.59,325.15,339.8,76088330
2023-09-15,AAPL,169.74,172.85,167.64,170.73,39787925
2023-09-15,AMZN,175.13,177.81,170.49,173.14,54186510
2023-09-15,GOOGL,207.54,212.28,203.75,208.48,19487129
2023-09-15,MSFT,445.44,454.38,438.24,447.15,31200228
2023-09-15,TSLA,324.08,341.31,311.01,328.09,119358624
2023-09-18,AAPL,173.65,175.25,169.35,170.92,75758342
2023-09-18,AMZN,174.32,179.65,171.26,176.55,22985285
2023-09-18,GOOGL,203.95,209.15,199.65,204.82,31157887
2023-09-18,MSFT,443.73,453.79,429.79,439.76,32421446
2023-09-18,TSLA,316.13,334.61,299.91,318.27,83338655
2023-09-19,AAPL,171.02,174.84,169.09,172.88,84314698
2023-09-19,AMZN,173.6,180.29,167.48,174.16,36196206
2023-09-19,GOOGL,205.75,211.5,200.48,206.21,17364700
2023-09-19,MSFT,440.91,455.73,433.56,448.25,43118196
2023-09-19,TSLA,315.92,324.81,302.95,311.72,91592891
2023-09-20,AAPL,173.19,176.41,168.57,171.77,95052134
2023-09-20,AMZN,180.12,185.6,174.05,179.52,47138353
2023-09-20,GOOGL,205.18,209.26,199.05,203.09,21923272
2023-09-20,MSFT,444.85,460.12,435.37,450.52,21260387
2023-09-20,TSLA,317.58,337.48,307.2,326.79,92740370
2023-09-21,AAPL,174.39,178.78,168.48,172.83,78700461
2023-09-21,AMZN,173.57,180.67,170.11,177.14,31033373
2023-09-21,GOOGL,207.73,211.23,204.11,207.61,25111330
2023-09-21,MSFT,439.98,445.91,431.62,437.51,28932680
2023-09-21,TSLA,324.34,336.62,314.15,326.37,317813935
2023-09-22,AAPL,172.07,176.52,168.68,173.12,83896126
2023-09-22,AMZN,174.56,180.59,169.48,175.48,24533273
2023-09-22,GOOGL,216.11,218.08,209.61,211.53,28032118
2023-09-22,MSFT,432.52,439.64,426.12,433.24,41787918
2023-09-22,TSLA,316.0,327.31,299.08,310.18,116144828
2023-09-25,AAPL,179.8,182.45,174.96,177.57,55574734
2023-09-25,AMZN,175.7,178.76,171.37,174.4,34811101
2023-09-25,GOOGL,219.19,224.65,214.1,219.55,23175809
2023-09-25,MSFT,434.45,442.5,427.04,435.08,43270983
2023-09-25,TSLA,335.77,357.4,315.19,336.76,113778668
2023-09-26,AAPL,178.64,182.71,174.99,179.04,46208242
2023-09-26,AMZN,167.54,172.85,163.02,168.3,50439361
2023-09-26,GOOGL,221.2,224.6,214.02,217.36,29706722
2023-09-26,MSFT,419.16,429.39,412.35,422.53,25437353
2023-09-26,TSLA,324.77,336.24,311.81,323.22,57525192
2023-09-27,AAPL,181.23,184.04,177.95,180.76,78813789
2023-09-27,AMZN,167.4,172.77,165.34,170.66,31270400
2023-09-27,GOOGL,221.2,226.96,217.47,223.2,32817429
2023-09-27,MSFT,408.96,415.41,401.69,408.13,42071055
2023-09-27,TSLA,322.67,331.07,308.41,316.65,79410680
2023-09-28,AAPL,180.41,182.98,177.42,179.99,71787312
2023-09-28,AMZN,171.77,177.41,167.77,173.38,36435733
2023-09-28,GOOGL,221.03,227.19,218.03,224.15,39837531
2023-09-28,MSFT,394.01,401.72,389.07,396.74,33618414
2023-09-28,TSLA,336.93,344.64,324.16,331.75,123229694
2023-09-29,AAPL,178.79,181.11,176.69,179.01,66745971
2023-09-29,AMZN,170.05,177.21,165.38,172.48,44214820
2023-09-29,GOOGL,222.92,227.3,218.77,223.14,27447323
2023-09-29,MSFT,399.74,403.3,395.93,399.49,38466501
2023-09-29,TSLA,333.8,352.59,317.73,336.4,67190393
2023-10-02,AAPL,179.54,181.07,176.72,178.24,71294786
2023-10-02,AMZN,176.78,180.13,172.54,175.87,34206970
2023-10-02,GOOGL,225.89,233.25,216.07,223.35,26538565
2023-10-02,MSFT,393.22,405.16,385.27,397.13,33388746
2023-10-02,TSLA,329.81,339.15,321.24,330.56,96995321
2023-10-03,AAPL,181.45,184.33,177.3,180.16,70251764
2023-10-03,AMZN,170.99,175.24,166.53,170.78,35600488
2023-10-03,GOOGL,228.62,234.79,223.56,229.71,22868736
2023-10-03,MSFT,393.34,401.7,385.62,393.95,30138123
2023-10-03,TSLA,321.47,334.96,303.18,316.46,69700039
2023-10-04,AAPL,176.57,182.78,173.25,179.4,85862023
2023-10-04,AMZN,171.26,177.15,168.26,174.11,33479497
2023-10-04,GOOGL,226.18,231.25,222.53,227.58,13086120
2023-10-04,MSFT,397.87,403.38,385.71,391.13,43465709
2023-10-04,TSLA,311.21,319.89,297.65,306.18,72083452
2023-10-05,AAPL,183.09,186.29,177.8,180.96,86043515
2023-10-05,AMZN,173.04,180.1,169.08,176.07,34322206
2023-10-05,GOOGL,228.08,232.02,221.87,225.76,27213681
2023-10-05,MSFT,381.54,390.18,374.32,382.93,24299730
2023-10-05,TSLA,296.7,303.61,290.26,297.16,134918659
2023-10-06,AAPL,185.64,191.43,182.71,188.46,73843580
2023-10-06,AMZN,172.91,177.37,169.81,174.24,28370644
2023-10-06,GOOGL,216.82,219.29,212.85,215.3,27900404
2023-10-06,MSFT,380.93,387.52,374.78,381.36,41315981
2023-10-06,TSLA,297.76,310.37,285.45,298.04,112082677
2023-10-09,AAPL,193.6,196.1,189.35,191.82,78744296
2023-10-09,AMZN,176.59,181.21,171.91,176.53,37427163
2023-10-09,GOOGL,211.97,216.49,209.17,213.66,31795508
2023-10-09,MSFT,370.51,379.55,362.12,371.15,42424822
2023-10-09,TSLA,302.25,310.82,292.3,300.84,118349580
2023-10-10,AAPL,192.92,197.03,186.92,190.99,73353516
2023-10-10,AMZN,172.76,176.26,170.51,173.99,50642338
2023-10-10,GOOGL,212.02,216.46,209.42,213.84,22906002
2023-10-10,MSFT,381.04,384.97,376.55,380.47,37541338
2023-10-10,TSLA,307.16,319.29,288.15,299.99,113613860
2023-10-11,AAPL,193.56,197.61,191.46,195.48,57505991
2023-10-11,AMZN,179.53,182.15,176.26,178.87,55828092
2023-10-11,GOOGL,211.41,215.98,205.14,209.67,20830841
2023-10-11,MSFT,394.67,401.13,386.68,393.11,27497897
2023-10-11,TSLA,305.93,318.24,288.23,300.32,91691901
2023-10-12,AAPL,193.52,198.55,189.23,194.24,77294175
2023-10-12,AMZN,182.12,187.44,176.21,181.52,52498152
2023-10-12,GOOGL,201.35,209.34,196.79,204.69,19283969
2023-10-12,MSFT,379.81,385.87,372.94,378.98,29711047
2023-10-12,TSLA,293.71,305.67,278.37,290.19,78574578
2023-10-13,AAPL,185.6,189.83,183.26,187.47,42339455
2023-10-13,AMZN,184.53,185.54,182.49,183.5,41376956
2023-10-13,GOOGL,198.76,202.83,192.61,196.64,7500000
2023-10-13,MSFT,378.4,385.14,370.77,377.5,19076360
2023-10-13,TSLA,288.65,303.67,279.36,294.21,85450356
2023-10-16,AAPL,184.15,187.08,181.59,184.51,82125737
2023-10-16,AMZN,179.55,185.35,176.51,182.26,56588500
2023-10-16,GOOGL,195.33,199.67,189.67,193.98,22470518
2023-10-16,MSFT,375.91,385.84,366.57,376.49,24831940
2023-10-16,TSLA,307.16,321.67,294.2,308.64,90444121
2023-10-17,AAPL,178.4,180.69,176.6,178.89,45589002
2023-10-17,AMZN,185.29,189.56,181.56,185.83,63028594
2023-10-17,GOOGL,194.74,202.35,191.74,199.28,42290609
2023-10-17,MSFT,377.31,383.49,370.82,376.99,32344982
2023-10-17,TSLA,306.21,315.18,298.46,307.4,137186794
2023-10-18,AAPL,179.67,182.42,175.69,178.42,69644303
2023-10-18,AMZN,193.23,197.72,186.64,191.07,41812777
2023-10-18,GOOGL,193.05,195.58,190.49,193.02,32943382
2023-10-18,MSFT,384.4,393.11,376.41,385.1,18013013
2023-10-18,TSLA,313.59,316.49,303.17,306.0,63261534
2023-10-19,AAPL,181.27,185.49,174.99,179.16,51266248
2023-10-19,AMZN,196.58,201.54,193.04,197.98,30094356
2023-10-19,GOOGL,191.96,198.4,189.45,195.84,18798845
2023-10-19,MSFT,377.55,389.69,371.42,383.46,25914620
2023-10-19,TSLA,306.2,320.53,293.21,307.49,81850540
2023-10-20,AAPL,187.65,191.56,181.47,185.33,73992570
2023-10-20,AMZN,194.19,198.58,191.49,195.86,53119365
2023-10-20,GOOGL,196.57,201.52,194.05,198.97,21783216
2023-10-20,MSFT,392.93,401.76,375.71,384.34,41613800
2023-10-20,TSLA,327.37,339.39,308.57,320.34,73317120
2023-10-23,AAPL,185.98,191.27,181.65,186.92,64448715
2023-10-23,AMZN,198.44,205.19,192.74,199.46,27965146
2023-10-23,GOOGL,207.47,213.14,202.87,208.52,21743567
2023-10-23,MSFT,408.33,416.84,397.36,405.82,26919451
2023-10-23,TSLA,307.55,319.53,298.75,310.65,120094800
2023-10-24,AAPL,186.29,190.53,182.41,186.64,39085215
2023-10-24,AMZN,204.39,211.18,198.74,205.5,31134912
2023-10-24,GOOGL,209.44,218.94,202.72,212.13,33740826
2023-10-24,MSFT,402.54,412.13,396.38,405.92,35235398
2023-10-24,TSLA,324.52,333.73,318.17,327.33,139027471
2023-10-25,AAPL,187.04,192.21,184.79,189.92,71836369
2023-10-25,AMZN,204.63,208.44,200.57,204.37,19174658
2023-10-25,GOOGL,220.12,223.14,212.39,215.34,38903339
2023-10-25,MSFT,420.0,426.28,412.92,419.18,31965517
2023-10-25,TSLA,334.98,339.54,327.66,332.18,102333676
2023-10-26,AAPL,181.55,185.84,178.6,182.87,55608787
2023-10-26,AMZN,209.17,212.5,207.14,210.46,47274133
2023-10-26,GOOGL,217.82,221.73,212.08,215.95,25561225
2023-10-26,MSFT,418.44,431.53,410.28,423.28,25846173
2023-10-26,TSLA,341.48,353.62,320.55,332.36,104286626
2023-10-27,AAPL,185.83,188.39,181.69,184.23,79318634
2023-10-27,AMZN,206.46,215.77,201.73,210.94,16845556
2023-10-27,GOOGL,217.91,222.53,210.41,214.97,26647933
2023-10-27,MSFT,417.94,425.43,412.23,419.7,26914659
2023-10-27,TSLA,345.33,364.75,327.27,346.62,97168871
2023-10-30,AAPL,190.08,194.86,182.63,187.35,65021542
2023-10-30,AMZN,208.81,213.43,201.68,206.24,49928510
2023-10-30,GOOGL,217.39,221.69,213.41,217.7,28252453
2023-10-30,MSFT,409.85,422.54,402.49,415.08,29168056
2023-10-30,TSLA,317.11,343.14,306.47,332.0,105390125
2023-10-31,AAPL,180.85,184.99,178.76,182.88,71425591
2023-10-31,AMZN,204.19,207.62,199.7,203.11,58094423
2023-10-31,GOOGL,222.2,227.09,217.25,222.14,24900905
2023-10-31,MSFT,415.49,421.98,409.18,415.67,13642842
2023-10-31,TSLA,328.73,348.53,318.48,337.99,113362435
2023-11-01,AAPL,186.28,191.55,182.03,187.28,49439504
2023-11-01,AMZN,197.36,199.08,195.34,197.06,57277760
2023-11-01,GOOGL,225.2,228.93,218.03,221.7,26762401
2023-11-01,MSFT,402.91,416.11,395.31,408.4,34628823
2023-11-01,TSLA,344.58,356.55,330.88,342.79,105108962
2023-11-02,AAPL,188.85,193.2,184.54,188.89,55423351
2023-11-02,AMZN,196.89,200.89,193.1,197.09,27341789
2023-11-02,GOOGL,227.28,230.89,222.69,226.3,25301083
2023-11-02,MSFT,404.61,411.16,396.75,403.28,27171339
2023-11-02,TSLA,322.76,350.48,304.07,331.31,106847315
2023-11-03,AAPL,188.38,193.63,182.67,187.91,57547122
2023-11-03,AMZN,195.96,201.7,190.89,196.62,21363036
2023-11-03,GOOGL,239.77,244.31,233.81,238.31,27987312
2023-11-03,MSFT,403.7,409.14,395.97,401.37,34873420
2023-11-03,TSLA,331.49,351.02,317.27,336.59,113416091
2023-11-06,AAPL,189.13,193.53,186.15,190.52,78921415
2023-11-06,AMZN,195.96,202.91,190.71,197.62,33575147
2023-11-06,GOOGL,234.72,242.08,229.57,236.88,12489149
2023-11-06,MSFT,401.6,413.59,392.5,404.44,30717404
2023-11-06,TSLA,339.75,348.31,331.12,339.68,52765895
2023-11-07,AAPL,199.63,203.99,194.53,198.87,92257377
2023-11-07,AMZN,199.53,207.76,195.39,203.54,48791921
2023-11-07,GOOGL,233.48,242.16,227.01,235.63,22003247
2023-11-07,MSFT,418.77,426.4,410.57,418.2,69869833
2023-11-07,TSLA,322.76,349.11,311.36,337.21,95047712
2023-11-08,AAPL,198.82,205.73,192.79,199.67,51915959
2023-11-08,AMZN,206.97,210.5,200.01,203.49,52037886
2023-11-08,GOOGL,234.15,239.36,228.34,233.54,17603786
2023-11-08,MSFT,412.24,422.3,405.35,415.35,29382840
2023-11-08,TSLA,344.96,360.63,331.68,347.27,102248714
2023-11-09,AAPL,200.67,203.64,197.73,200.7,82498782
2023-11-09,AMZN,202.42,207.6,197.19,202.37,46644994
2023-11-09,GOOGL,233.45,237.76,228.28,232.58,29313092
2023-11-09,MSFT,421.14,429.2,411.28,419.31,29406376
2023-11-09,TSLA,332.89,347.94,324.93,339.82,104883519
2023-11-10,AAPL,200.12,202.07,197.21,199.15,29742741
2023-11-10,AMZN,198.17,204.37,195.43,201.58,45280052
2023-11-10,GOOGL,234.39,242.67,228.54,236.76,20089954
2023-11-10,MSFT,406.04,411.89,402.6,408.43,38333330
2023-11-10,TSLA,333.71,357.42,319.37,342.7,90941451
2023-11-13,AAPL,196.28,197.82,194.73,196.27,45594422
2023-11-13,AMZN,191.88,196.39,189.49,193.97,63610049
2023-11-13,GOOGL,236.31,242.46,229.35,235.47,15219406
2023-11-13,MSFT,419.56,431.17,405.24,416.77,28438581
2023-11-13,TSLA,335.91,349.69,327.04,340.69,98817848
2023-11-14,AAPL,198.68,203.83,194.34,199.47,49419850
2023-11-14,AMZN,197.72,201.76,193.06,197.09,35219558
2023-11-14,GOOGL,231.85,238.98,227.63,234.71,13822569
2023-11-14,MSFT,399.15,412.33,392.31,405.39,30017158
2023-11-14,TSLA,326.85,339.46,320.6,333.09,77902222
2023-11-15,AAPL,196.37,198.1,194.83,196.56,43021733
2023-11-15,AMZN,197.27,203.34,190.64,196.69,32220247
2023-11-15,GOOGL,231.97,236.41,227.5,231.94,27808603
2023-11-15,MSFT,408.42,414.81,405.56,411.93,19166771
2023-11-15,TSLA,341.65,353.89,326.74,338.87,52847437
2023-11-16,AAPL,196.89,200.2,193.75,197.05,39266688
2023-11-16,AMZN,195.71,203.37,189.65,197.26,28108691
2023-11-16,GOOGL,229.35,236.76,225.35,232.7,19195271
2023-11-16,MSFT,408.3,421.71,398.86,412.18,27670695
2023-11-16,TSLA,343.16,354.87,324.64,336.12,118349506
2023-11-17,AAPL,194.93,199.57,190.97,195.59,71711232
2023-11-17,AMZN,194.42,199.15,191.96,196.65,44329659
2023-11-17,GOOGL,231.89,237.67,223.15,228.85,24136371
2023-11-17,MSFT,412.87,418.3,406.73,412.15,38180170
2023-11-17,TSLA,316.99,330.19,305.9,319.03,68058674
2023-11-20,AAPL,197.09,201.3,193.35,197.55,61521399
2023-11-20,AMZN,196.24,201.03,192.66,197.42,38204489
2023-11-20,GOOGL,221.26,226.49,216.74,221.95,34893000
2023-11-20,MSFT,412.81,422.03,401.7,410.88,31001747
2023-11-20,TSLA,296.69,307.91,288.69,299.82,91189220
2023-11-21,AAPL,201.82,205.92,194.92,198.96,71165337
2023-11-21,AMZN,188.38,199.27,181.54,192.28,48249790
2023-11-21,GOOGL,221.25,225.37,218.69,222.8,27344889
2023-11-21,MSFT,403.7,410.81,395.64,402.73,20432915
2023-11-21,TSLA,306.85,317.88,298.12,309.09,77208171
2023-11-22,AAPL,203.91,207.83,198.99,202.89,76220181
2023-11-22,AMZN,191.69,195.86,188.49,192.65,35494505
2023-11-22,GOOGL,227.93,235.75,222.82,230.58,48377503
2023-11-22,MSFT,393.65,398.91,390.11,395.36,21183201
2023-11-22,TSLA,290.97,310.63,277.34,296.73,132691470
2023-11-23,AAPL,200.57,206.11,195.57,201.1,69316276
2023-11-23,AMZN,189.66,196.53,183.74,190.59,46287820
2023-11-23,GOOGL,224.98,234.4,218.47,227.81,17655237
2023-11-23,MSFT,392.78,409.72,385.58,402.34,22809532
2023-11-23,TSLA,293.81,312.5,282.17,300.59,93108438
2023-11-24,AAPL,201.5,204.09,197.67,200.25,75688651
2023-11-24,AMZN,194.22,199.49,185.97,191.16,36161437
2023-11-24,GOOGL,222.77,229.32,215.28,221.8,27718571
2023-11-24,MSFT,403.68,410.93,396.3,403.55,34997417
2023-11-24,TSLA,293.31,309.54,285.99,302.01,87626659
2023-11-27,AAPL,196.31,199.72,193.49,196.9,63870100
2023-11-27,AMZN,186.65,192.88,181.33,187.53,38372951
2023-11-27,GOOGL,231.6,235.57,225.37,229.3,24193108
2023-11-27,MSFT,405.24,414.51,393.33,402.54,34135783
2023-11-27,TSLA,291.97,303.27,287.73,298.93,112761814
2023-11-28,AAPL,197.64,200.37,192.87,195.58,45711357
2023-11-28,AMZN,190.46,193.92,186.5,189.95,39320097
2023-11-28,GOOGL,230.18,233.82,224.51,228.12,28616158
2023-11-28,MSFT,415.99,424.17,398.73,406.73,8533545
2023-11-28,TSLA,330.24,338.62,312.91,321.07,146216261
2023-11-29,AAPL,197.86,202.31,192.77,197.2,82189480
2023-11-29,AMZN,193.69,197.25,187.0,190.5,22996984
2023-11-29,GOOGL,234.33,241.69,223.85,231.11,10102367
2023-11-29,MSFT,406.98,412.82,402.64,408.46,27430300
2023-11-29,TSLA,319.46,335.21,307.75,323.36,104635126
2023-11-30,AAPL,199.96,204.73,195.39,200.16,55426927
2023-11-30,AMZN,183.73,188.65,180.93,185.82,38600151
2023-11-30,GOOGL,230.29,237.06,219.68,226.34,32109086
2023-11-30,MSFT,401.68,412.89,392.79,403.96,29033466
2023-11-30,TSLA,315.14,341.66,306.2,332.24,86036287
2023-12-01,AAPL,197.82,201.86,193.0,197.02,49796560
2023-12-01,AMZN,188.89,195.08,183.97,190.13,45621428
2023-12-01,GOOGL,227.27,232.45,219.98,225.11,14294952
2023-12-01,MSFT,423.53,429.84,416.1,422.38,21264995
2023-12-01,TSLA,332.06,344.75,322.92,335.51,111544107
2023-12-04,AAPL,197.56,205.28,192.74,200.4,62108834
2023-12-04,AMZN,187.48,190.56,185.48,188.55,30118884
2023-12-04,GOOGL,229.09,232.49,226.86,230.25,21973996
2023-12-04,MSFT,427.42,439.39,416.4,428.35,25266675
2023-12-04,TSLA,323.39,342.24,314.08,332.65,57648872
2023-12-05,AAPL,203.43,207.91,201.06,205.51,50166822
2023-12-05,AMZN,184.34,191.39,180.66,187.64,59101226
2023-12-05,GOOGL,229.83,233.59,225.69,229.44,33687406
2023-12-05,MSFT,434.38,440.98,423.2,429.72,37316989
2023-12-05,TSLA,332.71,344.11,320.99,332.37,96102694
2023-12-06,AAPL,204.84,212.66,199.31,207.06,58216756
2023-12-06,AMZN,190.83,197.34,184.86,191.36,40048857
2023-12-06,GOOGL,223.56,231.8,220.56,228.73,11039967
2023-12-06,MSFT,423.47,433.19,416.73,426.4,30861902
2023-12-06,TSLA,349.43,364.85,334.32,349.72,142356494
2023-12-07,AAPL,214.43,220.05,208.53,214.15,70590876
2023-12-07,AMZN,198.56,203.48,191.31,196.17,33731978
2023-12-07,GOOGL,222.12,228.98,213.9,220.71,24457476
2023-12-07,MSFT,432.97,439.44,427.42,433.88,24502921
2023-12-07,TSLA,363.05,375.76,350.0,362.7,98746500
2023-12-08,AAPL,214.24,218.95,206.32,210.95,70660553
2023-12-08,AMZN,196.28,201.65,189.24,194.56,33427459
2023-12-08,GOOGL,223.48,225.9,220.72,223.14,23282731
2023-12-08,MSFT,431.61,437.85,422.22,428.42,26688841
2023-12-08,TSLA,387.0,401.09,373.21,387.28,97559719
2023-12-11,AAPL,210.28,216.09,200.45,206.14,50410261
2023-12-11,AMZN,197.79,199.9,193.29,195.37,53705115
2023-12-11,GOOGL,222.03,228.87,211.81,218.54,24820247
2023-12-11,MSFT,423.69,429.24,417.04,422.58,26404888
2023-12-11,TSLA,385.93,401.14,373.33,388.46,95490117
2023-12-12,AAPL,200.8,202.62,197.85,199.66,57074787
2023-12-12,AMZN,197.2,201.45,194.3,198.53,31751932
2023-12-12,GOOGL,220.84,226.8,216.56,222.49,27226253
2023-12-12,MSFT,439.89,450.0,425.57,435.59,29973686
2023-12-12,TSLA,365.37,386.08,354.5,374.93,85607438
2023-12-13,AAPL,206.24,209.37,202.2,205.31,82457911
2023-12-13,AMZN,201.7,209.93,195.96,204.12,42980971
2023-12-13,GOOGL,223.43,226.29,219.43,222.28,25094231
2023-12-13,MSFT,434.48,440.55,430.04,436.09,17991885
2023-12-13,TSLA,367.34,384.15,351.04,367.82,102469153
2023-12-14,AAPL,204.42,210.7,201.55,207.79,73066501
2023-12-14,AMZN,209.43,214.0,200.13,204.58,48830361
2023-12-14,GOOGL,220.24,228.24,214.53,222.47,16624975
2023-12-14,MSFT,435.36,444.55,421.65,430.74,23311712
2023-12-14,TSLA,358.02,373.34,336.69,351.75,113412734
2023-12-15,AAPL,206.54,212.1,202.02,207.55,98719806
2023-12-15,AMZN,207.17,210.16,203.71,206.7,45542157
2023-12-15,GOOGL,224.57,230.17,219.23,224.82,25608160
2023-12-15,MSFT,425.12,440.37,416.09,431.22,35247775
2023-12-15,TSLA,372.13,393.14,340.31,360.68,87119273
2023-12-18,AAPL,207.1,211.15,204.55,208.58,84177082
2023-12-18,AMZN,199.35,207.85,194.38,202.79,34373227
2023-12-18,GOOGL,221.64,228.12,218.89,225.32,24885583
2023-12-18,MSFT,431.89,448.45,421.51,437.93,27492034
2023-12-18,TSLA,351.01,367.07,336.47,352.47,35844646
2023-12-19,AAPL,203.21,208.86,198.72,204.35,83594762
2023-12-19,AMZN,201.87,205.43,193.11,196.58,48392217
2023-12-19,GOOGL,235.11,239.78,227.36,231.97,24623663
2023-12-19,MSFT,447.64,455.35,435.2,442.82,22050642
2023-12-19,TSLA,315.44,325.57,306.05,316.16,106058415
2023-12-20,AAPL,213.31,219.06,207.89,213.63,42447136
2023-12-20,AMZN,199.02,206.58,191.66,199.21,41557764
2023-12-20,GOOGL,240.35,247.14,231.12,237.84,38037532
2023-12-20,MSFT,450.35,455.65,445.03,450.32,22339379
2023-12-20,TSLA,348.16,357.04,336.33,345.13,145661744
2023-12-21,AAPL,213.03,218.59,208.39,213.94,77412730
2023-12-21,AMZN,190.04,200.96,185.33,196.1,22800580
2023-12-21,GOOGL,229.43,234.57,225.41,230.52,33358914
2023-12-21,MSFT,444.2,451.36,433.64,440.75,33045905
2023-12-21,TSLA,346.75,362.36,322.71,337.92,86063791
2023-12-22,AAPL,210.34,218.34,206.23,214.16,64137014
2023-12-22,AMZN,195.61,198.58,189.74,192.67,52232656
2023-12-22,GOOGL,228.97,235.86,221.5,228.37,36419729
2023-12-22,MSFT,448.48,457.46,439.12,448.1,24375363
2023-12-22,TSLA,328.18,339.75,319.51,331.0,60059869
2023-12-25,AAPL,218.22,220.99,214.02,216.76,56046545
2023-12-25,AMZN,190.98,200.92,185.91,195.73,33864141
2023-12-25,GOOGL,231.0,234.59,227.33,230.91,27150590
2023-12-25,MSFT,446.68,454.5,438.9,446.71,31576323
2023-12-25,TSLA,355.24,370.7,335.72,350.99,111088558
2023-12-26,AAPL,216.26,221.3,213.35,218.36,135636619
2023-12-26,AMZN,196.07,202.18,189.38,195.48,72406588
2023-12-26,GOOGL,223.87,227.56,221.57,225.25,36158369
2023-12-26,MSFT,442.35,455.85,434.01,447.41,23612159
2023-12-26,TSLA,331.07,344.99,322.13,335.91,136416016
2023-12-27,AAPL,219.39,224.82,213.5,218.92,80359687
2023-12-27,AMZN,198.52,202.68,192.66,196.78,43094653
2023-12-27,GOOGL,217.43,221.83,212.76,217.16,19649993
2023-12-27,MSFT,456.6,467.65,445.66,456.71,20090245
2023-12-27,TSLA,351.46,365.05,335.93,349.44,107572622
2023-12-28,AAPL,219.51,224.38,210.7,215.48,73138513
2023-12-28,AMZN,193.25,196.37,188.77,191.87,34681080
2023-12-28,GOOGL,212.06,215.4,209.68,213.01,22754771
2023-12-28,MSFT,467.27,476.6,452.7,461.92,29711135
2023-12-28,TSLA,347.63,355.93,333.67,341.83,135961626
2023-12-29,AAPL,215.29,220.95,211.46,217.09,50724800
2023-12-29,AMZN,191.79,195.87,184.69,188.7,47569077
2023-12-29,GOOGL,213.85,218.28,207.38,211.77,21374092
2023-12-29,MSFT,464.49,472.86,455.9,464.27,27318332
2023-12-29,TSLA,318.72,340.17,304.96,326.09,207931776
2024-01-01,AAPL,219.17,227.81,215.72,224.28,77064957
2024-01-01,AMZN,197.95,201.34,192.5,195.86,28961595
2024-01-01,GOOGL,194.18,198.48,190.29,194.59,21900636
2024-01-01,MSFT,451.0,454.43,445.0,448.4,32795870
2024-01-01,TSLA,343.18,354.0,335.62,346.37,111787710
2024-01-02,AAPL,228.67,230.88,227.06,229.26,54639202
2024-01-02,AMZN,197.31,201.13,189.79,193.54,34256194
2024-01-02,GOOGL,194.7,197.71,187.22,190.15,25258133
2024-01-02,MSFT,450.55,456.41,442.24,448.06,34188870
2024-01-02,TSLA,363.29,377.05,343.79,357.32,82697483
2024-01-03,AAPL,237.58,240.48,232.37,235.25,68521100
2024-01-03,AMZN,192.96,195.51,190.59,193.15,135598648
2024-01-03,GOOGL,183.35,189.23,177.62,183.5,26274785
2024-01-03,MSFT,438.35,448.76,431.8,442.15,25494231
2024-01-03,TSLA,372.22,384.47,356.12,368.25,101778413
2024-01-04,AAPL,236.34,243.03,225.67,232.24,60070561
2024-01-04,AMZN,193.72,199.72,188.58,194.57,40252770
2024-01-04,GOOGL,188.15,191.91,184.19,187.94,27693695
2024-01-04,MSFT,451.0,454.12,444.64,447.74,30442536
2024-01-04,TSLA,378.65,392.3,358.49,371.9,94300064
2024-01-05,AAPL,224.89,229.93,222.4,227.4,61443423
2024-01-05,AMZN,189.96,193.27,187.34,190.65,29431858
2024-01-05,GOOGL,192.55,197.4,186.71,191.54,35904094
2024-01-05,MSFT,454.19,460.57,449.03,455.4,25278331
2024-01-05,TSLA,384.16,396.01,366.87,378.54,93486276
2024-01-08,AAPL,227.31,231.64,222.0,226.3,77451448
2024-01-08,AMZN,199.52,204.48,191.8,196.69,40787282
2024-01-08,GOOGL,194.17,199.14,187.64,192.56,15471054
2024-01-08,MSFT,451.9,459.98,444.83,452.9,32435528
2024-01-08,TSLA,359.04,372.25,348.05,361.2,88970703
2024-01-09,AAPL,225.03,231.27,219.76,225.98,48096852
2024-01-09,AMZN,195.76,200.84,192.02,197.08,126810471
2024-01-09,GOOGL,193.02,198.92,186.98,192.87,17467205
2024-01-09,MSFT,455.69,463.19,440.33,447.7,29633908
2024-01-09,TSLA,375.67,389.43,348.5,361.75,100358319
2024-01-10,AAPL,229.7,232.5,227.13,229.92,96609419
2024-01-10,AMZN,198.2,202.64,192.05,196.46,24139807
2024-01-10,GOOGL,195.89,198.39,192.42,194.9,9738027
2024-01-10,MSFT,462.12,471.17,450.78,459.79,57992142
2024-01-10,TSLA,350.18,358.75,340.79,349.34,64211806
2024-01-11,AAPL,227.67,232.0,218.16,222.38,35407351
2024-01-11,AMZN,199.48,204.92,195.89,201.3,167550258
2024-01-11,GOOGL,191.26,193.07,189.11,190.91,19737646
2024-01-11,MSFT,452.35,462.07,445.13,454.82,23046954
2024-01-11,TSLA,314.55,340.43,306.87,332.32,114278311
2024-01-12,AAPL,225.08,233.43,219.89,228.16,55287900
2024-01-12,AMZN,203.62,210.0,199.09,205.43,57894035
2024-01-12,GOOGL,194.22,201.68,188.32,195.74,22223953
2024-01-12,MSFT,445.8,453.94,437.42,445.56,29880675
2024-01-12,TSLA,335.52,347.72,325.04,337.19,74153549
2024-01-15,AAPL,227.44,231.55,222.82,226.92,71015943
2024-01-15,AMZN,216.89,222.03,209.14,214.22,41200007
2024-01-15,GOOGL,193.89,200.54,189.34,195.94,20634859
2024-01-15,MSFT,439.59,446.13,432.92,439.45,36135337
2024-01-15,TSLA,348.16,361.86,337.43,351.04,89056058
2024-01-16,AAPL,225.58,233.13,217.11,224.63,74495105
2024-01-16,AMZN,213.1,217.11,208.15,212.13,37999183
2024-01-16,GOOGL,200.8,204.97,195.27,199.41,17881573
2024-01-16,MSFT,441.92,449.53,428.18,435.68,34309073
2024-01-16,TSLA,350.67,359.24,337.41,345.86,102850797
2024-01-17,AAPL,222.26,224.26,218.13,220.11,63367269
2024-01-17,AMZN,217.02,224.3,214.83,222.06,40229440
2024-01-17,GOOGL,205.73,209.68,198.77,202.66,68619373
2024-01-17,MSFT,429.95,438.25,421.51,429.8,21398934
2024-01-17,TSLA,340.25,358.29,325.04,342.96,72977256
2024-01-18,AAPL,213.52,218.58,208.27,213.33,64067401
2024-01-18,AMZN,222.7,229.91,217.55,224.71,48930509
2024-01-18,GOOGL,201.13,208.17,197.48,204.46,22583210
2024-01-18,MSFT,444.88,455.78,425.98,436.68,22135096
2024-01-18,TSLA,335.66,346.23,318.95,329.32,48296502
2024-01-19,AAPL,217.0,220.7,212.7,216.4,71671438
2024-01-19,AMZN,226.09,237.82,220.79,232.36,44526093
2024-01-19,GOOGL,202.37,210.49,197.28,205.32,19470407
2024-01-19,MSFT,416.46,427.16,410.48,421.1,23166656
2024-01-19,TSLA,332.79,343.64,318.82,329.57,85902641
2024-01-22,AAPL,215.71,221.27,210.93,216.47,61245120
2024-01-22,AMZN,235.58,239.34,232.76,236.51,42392282
2024-01-22,GOOGL,202.88,208.19,200.58,205.85,25944098
2024-01-22,MSFT,415.61,423.1,408.24,415.73,23824059
2024-01-22,TSLA,332.69,345.75,325.68,338.62,61011434
2024-01-23,AAPL,211.82,216.13,207.0,211.31,87639195
2024-01-23,AMZN,231.86,235.97,228.42,232.52,53823300
2024-01-23,GOOGL,206.72,211.45,200.44,205.13,21417526
2024-01-23,MSFT,413.75,425.38,404.88,416.45,15283379
2024-01-23,TSLA,347.16,367.77,327.46,348.02,111917384
2024-01-24,AAPL,205.76,209.29,202.87,206.39,78639423
2024-01-24,AMZN,226.67,232.09,222.41,227.8,51309387
2024-01-24,GOOGL,208.46,213.92,201.27,206.68,32228300
2024-01-24,MSFT,417.23,423.04,413.2,419.0,33530302
2024-01-24,TSLA,349.51,375.75,328.37,354.32,67604290
2024-01-25,AAPL,206.4,210.37,201.31,205.25,79183395
2024-01-25,AMZN,221.59,223.04,217.38,218.82,30400863
2024-01-25,GOOGL,205.03,212.12,200.02,207.05,23977328
2024-01-25,MSFT,430.5,443.99,418.8,432.24,24808820
2024-01-25,TSLA,347.28,356.59,336.88,346.16,130272444
2024-01-26,AAPL,210.96,213.35,209.28,211.66,49299953
2024-01-26,AMZN,210.44,215.8,204.2,209.53,48873958
2024-01-26,GOOGL,209.07,213.16,200.56,204.56,22812722
2024-01-26,MSFT,441.69,454.61,431.53,444.38,31234519
2024-01-26,TSLA,333.43,354.24,317.47,338.05,94862418
2024-01-29,AAPL,211.34,215.84,206.15,210.63,63709938
2024-01-29,AMZN,212.25,216.05,203.18,206.89,51516206
2024-01-29,GOOGL,205.86,210.79,201.75,206.66,26634639
2024-01-29,MSFT,439.09,442.72,429.14,432.72,25789693
2024-01-29,TSLA,347.97,359.81,335.69,347.52,96405387
2024-01-30,AAPL,204.94,209.02,200.92,205.0,60117428
2024-01-30,AMZN,213.78,218.66,207.74,212.59,42782596
2024-01-30,GOOGL,210.32,216.15,201.6,207.34,12463711
2024-01-30,MSFT,424.59,432.61,411.59,419.51,27839238
2024-01-30,TSLA,355.46,375.68,337.03,357.16,47960005
2024-01-31,AAPL,206.32,210.74,199.87,204.25,48658977
2024-01-31,AMZN,211.55,214.58,207.32,210.33,45990334
2024-01-31,GOOGL,213.63,218.65,206.94,211.92,32584705
2024-01-31,MSFT,422.13,428.1,414.75,420.7,23203698
2024-01-31,TSLA,353.42,368.02,339.8,354.36,98440487
2024-02-01,AAPL,203.34,208.26,198.52,203.43,70852667
2024-02-01,AMZN,207.98,214.99,200.4,207.39,36925619
2024-02-01,GOOGL,201.82,209.99,195.65,203.77,29905623
2024-02-01,MSFT,415.19,423.12,408.98,416.87,27802195
2024-02-01,TSLA,361.07,374.08,335.99,348.56,93095726
2024-02-02,AAPL,190.9,197.87,187.08,193.99,56263256
2024-02-02,AMZN,209.98,213.11,207.45,210.57,27955797
2024-02-02,GOOGL,202.69,205.49,200.76,203.54,20043322
2024-02-02,MSFT,407.2,417.27,399.55,409.58,21901279
2024-02-02,TSLA,360.41,365.87,357.25,362.69,185274387
2024-02-05,AAPL,196.49,200.19,190.63,194.29,75650312
2024-02-05,AMZN,205.41,210.51,201.74,206.82,58872785
2024-02-05,GOOGL,198.51,205.35,193.46,200.26,17933396
2024-02-05,MSFT,413.58,422.83,401.8,410.99,27854123
2024-02-05,TSLA,345.24,366.55,336.34,357.34,97072623
2024-02-06,AAPL,192.37,196.52,189.83,193.95,47609387
2024-02-06,AMZN,214.58,221.26,208.45,215.11,26605380
2024-02-06,GOOGL,195.28,200.94,192.33,197.94,18687526
2024-02-06,MSFT,414.93,421.0,407.82,413.87,38200561
2024-02-06,TSLA,372.63,385.75,353.23,366.12,85549328
2024-02-07,AAPL,195.74,199.68,192.97,196.89,92934409
2024-02-07,AMZN,213.4,216.77,210.47,213.83,56812587
2024-02-07,GOOGL,199.48,203.9,195.58,199.99,16187834
2024-02-07,MSFT,408.69,415.2,402.68,409.19,31644233
2024-02-07,TSLA,369.86,383.58,349.97,363.45,89851289
2024-02-08,AAPL,202.89,208.96,197.94,203.98,50434594
2024-02-08,AMZN,217.77,222.69,213.07,217.98,39347509
2024-02-08,GOOGL,191.77,199.58,186.35,194.1,14395400
2024-02-08,MSFT,408.05,415.76,398.51,406.18,30037363
2024-02-08,TSLA,337.45,357.33,329.95,349.56,95614691
2024-02-09,AAPL,210.95,216.39,203.01,208.38,191029455
2024-02-09,AMZN,218.33,223.78,211.47,216.88,52474396
2024-02-09,GOOGL,194.22,197.28,191.5,194.56,15984950
2024-02-09,MSFT,405.4,413.48,394.34,402.35,18761814
2024-02-09,TSLA,364.9,379.54,354.93,369.44,83802962
2024-02-12,AAPL,203.47,210.92,200.07,207.45,77867713
2024-02-12,AMZN,217.53,220.03,214.35,216.84,40229159
2024-02-12,GOOGL,198.37,204.85,188.24,194.61,8455549
2024-02-12,MSFT,400.54,405.82,395.79,401.06,31970794
2024-02-12,TSLA,372.79,388.0,354.87,369.96,216284556
2024-02-13,AAPL,209.22,213.04,199.76,203.48,55727093
2024-02-13,AMZN,220.68,225.61,216.98,221.89,49374107
2024-02-13,GOOGL,191.83,196.93,185.42,190.5,22727436
2024-02-13,MSFT,403.63,416.83,393.22,406.35,32651173
2024-02-13,TSLA,363.16,370.6,352.49,359.86,92944307
2024-02-14,AAPL,215.4,218.22,210.57,213.37,78852615
2024-02-14,AMZN,220.93,227.6,216.03,222.66,44488544
2024-02-14,GOOGL,190.1,195.65,185.63,191.16,24146521
2024-02-14,MSFT,395.88,405.87,390.45,400.38,29877859
2024-02-14,TSLA,342.06,354.55,329.61,342.09,106228251
2024-02-15,AAPL,213.97,219.18,208.35,213.54,45025766
2024-02-15,AMZN,229.97,235.45,223.95,229.43,68609464
2024-02-15,GOOGL,187.11,191.03,184.42,188.31,33006727
2024-02-15,MSFT,398.47,407.2,388.91,397.62,29499977
2024-02-15,TSLA,326.95,342.64,311.16,326.85,82443978
2024-02-16,AAPL,213.44,218.15,208.83,213.54,88596912
2024-02-16,AMZN,222.97,228.72,219.44,225.16,41341195
2024-02-16,GOOGL,196.12,200.64,192.41,196.91,31169277
2024-02-16,MSFT,403.9,411.7,388.94,396.6,27018731
2024-02-16,TSLA,317.61,335.53,305.21,322.92,69708155
2024-02-19,AAPL,213.94,220.04,207.32,213.4,65229925
2024-02-19,AMZN,217.74,225.85,210.65,218.72,38570695
2024-02-19,GOOGL,205.75,209.42,197.98,201.57,20412535
2024-02-19,MSFT,394.5,406.26,386.57,398.26,32545817
2024-02-19,TSLA,331.35,359.2,318.59,345.88,78164372
2024-02-20,AAPL,215.12,217.97,211.27,214.11,55308314
2024-02-20,AMZN,209.48,215.72,204.45,210.66,46429804
2024-02-20,GOOGL,199.38,204.12,196.87,201.58,23452152
2024-02-20,MSFT,405.57,411.18,396.26,401.82,37779073
2024-02-20,TSLA,350.77,355.61,333.96,338.63,129263098
2024-02-21,AAPL,214.73,218.16,210.09,213.49,60138296
2024-02-21,AMZN,221.86,227.6,210.74,216.35,41415412
2024-02-21,GOOGL,199.58,204.89,194.28,199.58,31894326
2024-02-21,MSFT,415.26,421.08,411.85,417.66,30313697
2024-02-21,TSLA,350.16,365.59,340.92,356.19,117704204
2024-02-22,AAPL,212.32,216.4,207.19,211.26,78144938
2024-02-22,AMZN,217.43,226.0,211.88,220.37,42861568
2024-02-22,GOOGL,202.34,205.9,197.87,201.41,22196859
2024-02-22,MSFT,421.22,430.06,414.1,422.92,21197979
2024-02-22,TSLA,355.1,375.19,333.98,354.01,123817754
2024-02-23,AAPL,209.39,213.89,204.72,209.22,151139171
2024-02-23,AMZN,217.1,221.37,214.68,218.93,29741284
2024-02-23,GOOGL,206.75,210.66,200.39,204.26,26066173
2024-02-23,MSFT,431.6,438.9,421.03,428.27,21733479
2024-02-23,TSLA,338.25,348.93,328.54,339.2,125464456
2024-02-26,AAPL,208.82,212.71,205.3,209.19,52822937
2024-02-26,AMZN,218.84,224.59,214.4,220.13,27218681
2024-02-26,GOOGL,204.28,208.91,200.35,204.97,21212848
2024-02-26,MSFT,426.3,432.4,421.13,427.23,33083679
2024-02-26,TSLA,338.83,355.19,317.49,333.59,83924946
2024-02-27,AAPL,206.97,210.0,204.22,207.25,61400030
2024-02-27,AMZN,223.84,229.61,219.16,224.91,40706278
2024-02-27,GOOGL,198.56,204.25,194.85,200.49,25245237
2024-02-27,MSFT,421.97,431.12,411.95,421.08,21254860
2024-02-27,TSLA,319.74,328.88,309.98,319.1,102025533
2024-02-28,AAPL,204.4,209.42,199.75,204.76,45874365
2024-02-28,AMZN,226.01,230.39,219.32,223.66,112846607
2024-02-28,GOOGL,200.02,204.66,194.82,199.44,25523061
2024-02-28,MSFT,419.23,426.25,411.41,418.42,29407384
2024-02-28,TSLA,311.06,321.04,300.27,310.22,96801176
2024-02-29,AAPL,207.49,212.03,200.89,205.39,94583838
2024-02-29,AMZN,214.67,220.04,209.88,215.24,29484327
2024-02-29,GOOGL,202.2,205.49,196.33,199.57,22819239
2024-02-29,MSFT,412.19,419.91,406.89,414.57,25581200
2024-02-29,TSLA,287.64,313.73,276.02,301.54,110664039
2024-03-01,AAPL,205.76,208.45,202.0,204.67,55796087
2024-03-01,AMZN,204.55,209.04,202.97,207.44,45715565
2024-03-01,GOOGL,200.01,205.79,194.78,200.55,31661936
2024-03-01,MSFT,421.84,430.27,410.29,418.65,20494348
2024-03-01,TSLA,278.96,293.29,268.9,283.09,88132254
2024-03-04,AAPL,204.96,215.86,199.77,210.53,78513772
2024-03-04,AMZN,205.95,210.45,198.48,202.91,46150446
2024-03-04,GOOGL,199.91,204.92,196.63,201.6,19598076
2024-03-04,MSFT,408.01,416.44,399.8,408.23,33825887
2024-03-04,TSLA,304.0,315.86,288.38,300.09,97208136
2024-03-05,AAPL,201.98,206.89,195.91,200.79,68403888
2024-03-05,AMZN,204.23,208.12,199.77,203.66,41561335
2024-03-05,GOOGL,204.56,208.61,200.28,204.33,25720873
2024-03-05,MSFT,408.97,419.38,403.52,413.86,32947392
2024-03-05,TSLA,306.89,315.0,295.41,303.42,96716447
2024-03-06,AAPL,205.5,209.35,201.3,205.14,49001321
2024-03-06,AMZN,200.85,202.39,198.44,199.97,40157385
2024-03-06,GOOGL,206.16,212.11,203.65,209.56,36146875
2024-03-06,MSFT,411.23,424.02,401.65,414.37,18510454
2024-03-06,TSLA,292.25,304.06,285.51,297.2,107641231
2024-03-07,AAPL,210.0,213.91,206.13,210.04,64903235
2024-03-07,AMZN,206.17,211.05,199.93,204.77,27325030
2024-03-07,GOOGL,212.89,218.99,207.26,213.35,26945616
2024-03-07,MSFT,409.77,432.89,398.12,420.92,31370104
2024-03-07,TSLA,292.4,308.43,284.89,300.71,110573284
2024-03-08,AAPL,201.73,206.69,197.5,202.44,77740045
2024-03-08,AMZN,197.06,202.35,194.38,199.64,27157365
2024-03-08,GOOGL,217.81,223.9,209.26,215.27,20021741
2024-03-08,MSFT,417.11,421.88,412.15,416.92,30346819
2024-03-08,TSLA,293.75,302.39,284.48,293.1,97224687
2024-03-11,AAPL,203.55,206.27,198.83,201.52,61940753
2024-03-11,AMZN,197.16,200.84,193.49,197.17,43947089
2024-03-11,GOOGL,211.11,216.24,204.19,209.28,27171973
2024-03-11,MSFT,416.41,423.1,405.23,411.85,80764004
2024-03-11,TSLA,254.48,276.85,246.18,268.12,97944781
2024-03-12,AAPL,202.23,205.9,196.88,200.52,84388085
2024-03-12,AMZN,191.89,195.61,186.56,190.25,31719787
2024-03-12,GOOGL,213.52,218.32,209.03,213.83,40200168
2024-03-12,MSFT,406.77,418.11,399.16,410.42,29167473
2024-03-12,TSLA,293.44,313.2,279.98,299.46,100365077
2024-03-13,AAPL,194.52,197.13,193.28,195.88,81599625
2024-03-13,AMZN,187.89,190.93,186.13,189.16,32422368
2024-03-13,GOOGL,220.33,224.69,212.45,216.74,25245170
2024-03-13,MSFT,410.92,422.69,397.18,408.89,37987852
2024-03-13,TSLA,311.92,323.12,291.73,302.6,134105596
2024-03-14,AAPL,194.37,198.79,189.26,193.66,79932366
2024-03-14,AMZN,190.52,192.44,187.99,189.91,42787871
2024-03-14,GOOGL,219.03,221.36,212.65,214.93,29960129
2024-03-14,MSFT,417.59,423.13,410.55,416.07,61206001
2024-03-14,TSLA,304.97,317.2,285.53,297.45,53912552
2024-03-15,AAPL,188.73,192.22,186.93,190.4,57530577
2024-03-15,AMZN,196.09,200.88,190.21,194.97,60376524
2024-03-15,GOOGL,215.84,218.4,211.87,214.42,25032390
2024-03-15,MSFT,420.39,428.26,415.26,423.1,26095339
2024-03-15,TSLA,281.48,291.75,268.92,279.1,71970108
2024-03-18,AAPL,194.74,202.34,189.65,197.19,47452560
2024-03-18,AMZN,193.03,199.41,189.71,196.04,36025589
2024-03-18,GOOGL,210.93,219.32,205.77,214.08,26721569
2024-03-18,MSFT,443.93,449.34,432.88,438.21,21176463
2024-03-18,TSLA,267.89,274.12,260.25,266.45,203596638
2024-03-19,AAPL,199.9,204.29,196.66,201.03,55029201
2024-03-19,AMZN,197.5,203.36,193.84,199.66,60506786
2024-03-19,GOOGL,207.63,215.61,203.7,211.61,24510904
2024-03-19,MSFT,434.26,445.38,424.17,435.26,21462406
2024-03-19,TSLA,274.71,294.42,265.04,284.41,101407379
2024-03-20,AAPL,207.68,211.18,202.61,206.08,68188915
2024-03-20,AMZN,199.48,208.76,195.2,204.38,39237437
2024-03-20,GOOGL,206.65,209.1,201.42,203.83,18637221
2024-03-20,MSFT,419.01,424.62,406.45,411.97,20828605
2024-03-20,TSLA,297.47,312.34,286.65,301.38,101240301
2024-03-21,AAPL,210.81,213.89,205.97,209.02,73869034
2024-03-21,AMZN,206.88,208.93,204.34,206.39,45638532
2024-03-21,GOOGL,199.55,201.86,196.76,199.07,27337236
2024-03-21,MSFT,404.86,415.77,399.74,410.57,29528797
2024-03-21,TSLA,308.96,323.91,295.68,310.56,110853018
2024-03-22,AAPL,205.92,209.31,201.6,204.97,29711964
2024-03-22,AMZN,206.81,210.63,199.06,202.8,49597161
2024-03-22,GOOGL,198.56,203.29,190.72,195.37,17356159
2024-03-22,MSFT,412.76,421.23,405.26,413.71,26116304
2024-03-22,TSLA,295.73,306.62,288.7,299.5,100082331
2024-03-25,AAPL,204.65,209.91,198.11,203.33,64868160
2024-03-25,AMZN,203.41,209.06,199.28,204.9,50325174
2024-03-25,GOOGL,185.31,192.56,180.63,187.82,23047249
2024-03-25,MSFT,419.69,428.03,411.89,420.22,30314852
2024-03-25,TSLA,315.04,321.28,310.76,316.98,81717041
2024-03-26,AAPL,206.42,207.36,204.52,205.46,67568949
2024-03-26,AMZN,211.3,218.53,204.51,211.73,43390647
2024-03-26,GOOGL,183.6,185.89,181.62,183.9,36948118
2024-03-26,MSFT,423.53,433.19,414.02,423.68,19535258
2024-03-26,TSLA,330.05,342.21,310.82,322.71,109934217
2024-03-27,AAPL,200.1,206.27,195.12,201.26,60489905
2024-03-27,AMZN,212.69,215.92,207.25,210.45,37703142
2024-03-27,GOOGL,190.43,194.41,184.55,188.49,24550214
2024-03-27,MSFT,423.86,431.26,413.93,421.29,22010154
2024-03-27,TSLA,327.6,343.54,314.92,330.73,95496070
2024-03-28,AAPL,205.05,209.12,200.21,204.26,85983199
2024-03-28,AMZN,213.67,219.22,207.55,213.08,48280669
2024-03-28,GOOGL,189.14,194.79,184.92,190.53,19229739
2024-03-28,MSFT,447.61,455.79,427.1,435.05,21892196
2024-03-28,TSLA,334.24,347.38,323.17,336.25,84370042
2024-03-29,AAPL,205.16,207.51,201.35,203.69,71853926
2024-03-29,AMZN,213.34,220.07,208.86,215.55,44240074
2024-03-29,GOOGL,188.91,192.03,183.93,187.01,26505535
2024-03-29,MSFT,430.0,437.08,421.29,428.34,43184895
2024-03-29,TSLA,323.24,334.65,307.85,319.11,111396064
2024-04-01,AAPL,204.03,206.52,200.18,202.65,86290618
2024-04-01,AMZN,217.33,220.33,210.94,213.9,35641342
2024-04-01,GOOGL,184.48,189.77,179.42,184.71,21540112
2024-04-01,MSFT,427.51,431.93,423.0,427.42,26840230
2024-04-01,TSLA,299.01,320.19,285.78,306.62,110462054
2024-04-02,AAPL,207.84,213.46,200.07,205.64,61490641
2024-04-02,AMZN,218.67,222.39,214.51,218.22,54090878
2024-04-02,GOOGL,189.69,193.09,186.23,189.63,25678820
2024-04-02,MSFT,416.82,427.47,410.16,420.74,27535435
2024-04-02,TSLA,297.73,311.29,288.74,302.17,100100704
2024-04-03,AAPL,208.9,211.59,204.9,207.57,80234009
2024-04-03,AMZN,215.88,222.13,210.17,216.41,44573986
2024-04-03,GOOGL,192.14,196.33,190.28,194.44,17646575
2024-04-03,MSFT,415.4,429.5,408.21,422.19,27457828
2024-04-03,TSLA,306.19,320.14,296.37,310.19,135781579
2024-04-04,AAPL,207.11,209.55,204.03,206.46,91569828
2024-04-04,AMZN,218.13,224.14,212.49,218.48,32508101
2024-04-04,GOOGL,195.25,198.92,191.09,194.76,29872968
2024-04-04,MSFT,439.38,445.85,428.64,435.05,38869805
2024-04-04,TSLA,296.71,307.34,285.8,296.42,126512134
2024-04-05,AAPL,213.12,218.27,205.99,211.09,86315018
2024-04-05,AMZN,218.67,222.55,213.47,217.32,31338416
2024-04-05,GOOGL,203.8,209.55,193.8,199.43,25778995
2024-04-05,MSFT,432.91,438.86,429.01,434.94,16706624
2024-04-05,TSLA,294.08,302.43,287.56,295.87,118794108
2024-04-08,AAPL,207.1,211.26,203.0,207.15,47252699
2024-04-08,AMZN,216.1,222.54,211.1,217.5,59589166
2024-04-08,GOOGL,197.06,200.59,192.78,196.29,18738132
2024-04-08,MSFT,444.5,449.48,430.0,434.87,27580703
2024-04-08,TSLA,293.71,305.19,283.89,295.32,155951182
2024-04-09,AAPL,208.06,212.43,205.36,209.72,60877763
2024-04-09,AMZN,225.45,228.71,218.58,221.79,35073849
2024-04-09,GOOGL,195.62,199.89,192.94,197.19,70465951
2024-04-09,MSFT,426.56,433.73,416.32,423.43,16641001
2024-04-09,TSLA,301.43,315.45,291.08,304.98,91521494
2024-04-10,AAPL,211.84,216.22,207.78,212.16,59391073
2024-04-10,AMZN,215.57,219.86,208.53,212.76,47529450
2024-04-10,GOOGL,194.1,198.71,186.88,191.43,75417252
2024-04-10,MSFT,423.86,433.09,413.44,422.64,11341300
2024-04-10,TSLA,307.47,329.7,291.42,313.34,83960992
2024-04-11,AAPL,209.68,213.72,207.06,211.09,72950386
2024-04-11,AMZN,215.69,219.63,211.72,215.67,43768538
2024-04-11,GOOGL,188.74,194.28,184.67,190.19,20025786
2024-04-11,MSFT,433.75,444.85,421.25,432.31,22860320
2024-04-11,TSLA,306.49,316.26,293.6,303.26,115433623
2024-04-12,AAPL,211.19,217.57,206.14,212.48,76153245
2024-04-12,AMZN,219.08,224.97,213.06,218.94,47189495
2024-04-12,GOOGL,193.76,197.63,186.67,190.48,29735178
2024-04-12,MSFT,432.99,439.94,424.58,431.51,30885146
2024-04-12,TSLA,318.28,332.06,306.48,320.18,88999935
2024-04-15,AAPL,207.59,212.8,202.67,207.86,51367994
2024-04-15,AMZN,214.34,221.43,209.22,216.26,59118135
2024-04-15,GOOGL,181.99,188.55,177.83,184.34,27612091
2024-04-15,MSFT,427.71,435.99,422.0,430.25,22415534
2024-04-15,TSLA,311.37,325.27,294.28,308.03,95283283
2024-04-16,AAPL,210.09,216.02,205.71,211.6,66102375
2024-04-16,AMZN,214.71,219.77,211.11,216.15,49973160
2024-04-16,GOOGL,187.41,190.38,183.94,186.9,61300620
2024-04-16,MSFT,433.0,446.18,426.46,439.55,30770356
2024-04-16,TSLA,314.81,329.47,306.56,321.06,71584400
2024-04-17,AAPL,210.46,215.25,206.26,211.04,32176180
2024-04-17,AMZN,209.28,215.49,205.65,211.81,48357707
2024-04-17,GOOGL,192.96,196.12,186.94,190.06,30626618
2024-04-17,MSFT,436.02,443.17,430.93,438.07,28745334
2024-04-17,TSLA,311.88,331.16,296.46,315.56,109408162
2024-04-18,AAPL,205.66,214.99,200.01,209.23,88431606
2024-04-18,AMZN,208.01,212.79,203.68,208.45,38031272
2024-04-18,GOOGL,192.46,198.87,187.77,194.14,23268742
2024-04-18,MSFT,448.66,458.16,439.23,448.73,27026540
2024-04-18,TSLA,316.93,335.19,299.97,318.17,60063577
2024-04-19,AAPL,213.85,217.7,209.6,213.44,56673918
2024-04-19,AMZN,210.06,214.25,205.72,209.92,33354267
2024-04-19,GOOGL,203.68,206.57,200.62,203.51,25952094
2024-04-19,MSFT,437.22,451.9,425.02,439.64,36854744
2024-04-19,TSLA,320.7,332.57,309.57,321.42,92709592
2024-04-22,AAPL,210.86,213.3,208.4,210.85,65907789
2024-04-22,AMZN,218.36,226.34,214.16,222.06,64194656
2024-04-22,GOOGL,207.39,213.54,198.93,205.01,25614118
2024-04-22,MSFT,440.75,451.63,434.82,445.62,63445028
2024-04-22,TSLA,328.57,338.21,314.78,324.29,94635301
2024-04-23,AAPL,204.24,209.95,200.06,205.75,59968192
2024-04-23,AMZN,226.69,230.94,220.83,225.06,39581638
2024-04-23,GOOGL,199.9,210.11,194.43,204.51,19651677
2024-04-23,MSFT,456.1,464.03,451.11,459.01,30664587
2024-04-23,TSLA,330.1,349.93,312.91,332.61,84644077
2024-04-24,AAPL,201.57,207.47,194.52,200.39,83622948
2024-04-24,AMZN,218.86,227.43,212.36,220.88,38933109
2024-04-24,GOOGL,199.68,202.3,195.25,197.85,58971277
2024-04-24,MSFT,471.41,481.84,456.95,467.3,15378392
2024-04-24,TSLA,341.93,356.76,322.89,337.52,53266149
2024-04-25,AAPL,204.79,207.35,200.53,203.07,19500000
2024-04-25,AMZN,225.4,229.49,220.35,224.42,42887928
2024-04-25,GOOGL,199.21,205.14,193.46,199.39,57656302
2024-04-25,MSFT,455.68,464.16,444.37,452.8,28691456
2024-04-25,TSLA,349.37,361.9,334.65,347.09,53090011
2024-04-26,AAPL,195.97,202.04,192.83,198.85,64730081
2024-04-26,AMZN,228.92,234.16,221.8,226.99,41914551
2024-04-26,GOOGL,204.48,208.75,197.36,201.57,36438865
2024-04-26,MSFT,449.1,457.5,440.06,448.45,26199487
2024-04-26,TSLA,352.02,370.31,334.43,352.68,77278405
2024-04-29,AAPL,204.37,209.95,200.23,205.78,63280445
2024-04-29,AMZN,221.66,229.7,210.73,218.66,55927762
2024-04-29,GOOGL,194.44,201.61,188.93,196.06,48311184
2024-04-29,MSFT,449.51,460.79,436.05,447.27,19724275
2024-04-29,TSLA,331.54,353.63,315.34,337.16,107802445
2024-04-30,AAPL,197.16,202.05,193.67,198.54,57628408
2024-04-30,AMZN,219.71,223.16,213.81,217.21,45396068
2024-04-30,GOOGL,192.46,199.23,188.46,195.17,16748074
2024-04-30,MSFT,451.36,460.32,446.83,455.75,30789491
2024-04-30,TSLA,345.07,355.93,329.84,340.56,101861965
2024-05-01,AAPL,203.52,207.86,200.94,205.26,93051181
2024-05-01,AMZN,220.38,225.27,211.8,216.61,26900756
2024-05-01,GOOGL,194.22,198.98,190.55,195.29,32002601
2024-05-01,MSFT,443.0,450.42,438.62,446.01,65301068
2024-05-01,TSLA,328.6,346.57,316.24,334.01,94609660
2024-05-02,AAPL,207.95,212.95,201.44,206.4,50580896
2024-05-02,AMZN,219.07,224.01,212.32,217.21,33403619
2024-05-02,GOOGL,196.33,201.06,192.73,197.44,20348462
2024-05-02,MSFT,440.27,447.39,432.0,439.11,40125292
2024-05-02,TSLA,321.46,334.79,308.27,321.58,73991023
2024-05-03,AAPL,206.02,212.68,199.73,206.38,77541687
2024-05-03,AMZN,217.5,222.06,212.58,217.12,40107094
2024-05-03,GOOGL,200.45,201.93,199.39,200.86,17416925
2024-05-03,MSFT,424.57,435.65,417.22,428.23,10963284
2024-05-03,TSLA,318.69,330.25,307.44,318.99,103101890
2024-05-06,AAPL,204.21,208.6,200.32,204.7,70789107
2024-05-06,AMZN,216.78,222.49,212.17,217.86,50256410
2024-05-06,GOOGL,197.7,203.71,192.65,198.63,27422049
2024-05-06,MSFT,423.91,430.34,417.08,423.52,29737809
2024-05-06,TSLA,320.62,328.35,314.08,321.79,52273054
2024-05-07,AAPL,202.84,209.28,200.18,206.57,85499687
2024-05-07,AMZN,213.39,216.96,210.09,213.66,24795701
2024-05-07,GOOGL,195.42,202.56,192.34,199.42,33328089
2024-05-07,MSFT,411.51,428.27,399.35,415.98,28298880
2024-05-07,TSLA,323.07,333.46,314.94,325.28,38081949
2024-05-08,AAPL,207.95,209.95,204.77,206.77,54158177
2024-05-08,AMZN,216.01,221.03,207.43,212.37,44938826
2024-05-08,GOOGL,201.49,206.88,196.3,201.68,29608423
2024-05-08,MSFT,423.08,435.71,416.55,429.09,26033953
2024-05-08,TSLA,333.26,345.13,326.35,338.12,89227050
2024-05-09,AAPL,208.9,215.35,204.85,211.26,53089255
2024-05-09,AMZN,210.96,213.39,208.97,211.4,137759010
2024-05-09,GOOGL,201.32,207.36,194.82,200.85,21426581
2024-05-09,MSFT,428.32,434.4,419.62,425.66,24295350
2024-05-09,TSLA,344.14,368.39,330.32,354.16,82031279
2024-05-10,AAPL,212.02,217.1,206.82,211.9,82811135
2024-05-10,AMZN,216.85,223.87,209.84,216.86,48823664
2024-05-10,GOOGL,198.71,202.38,195.42,199.09,25803493
2024-05-10,MSFT,435.85,443.53,424.46,432.08,28480397
2024-05-10,TSLA,366.87,375.15,350.0,358.08,119062818
2024-05-13,AAPL,213.2,217.59,208.3,212.67,71911471
2024-05-13,AMZN,217.1,224.01,206.99,213.79,39199117
2024-05-13,GOOGL,202.51,205.78,198.66,201.93,23203927
2024-05-13,MSFT,431.09,442.93,421.63,433.42,35435339
2024-05-13,TSLA,361.08,377.7,347.71,364.22,98752114
2024-05-14,AAPL,214.05,217.9,207.66,211.46,39894768
2024-05-14,AMZN,212.35,216.9,208.33,212.87,50492398
2024-05-14,GOOGL,201.28,206.52,195.87,201.11,35380343
2024-05-14,MSFT,429.01,440.4,423.3,434.62,16294701
2024-05-14,TSLA,364.03,384.64,344.29,364.85,134204963
2024-05-15,AAPL,208.97,214.59,205.87,211.46,56236293
2024-05-15,AMZN,209.73,217.34,203.94,211.5,31849875
2024-05-15,GOOGL,193.57,199.66,190.24,196.28,22266836
2024-05-15,MSFT,423.32,438.43,416.44,431.42,22358091
2024-05-15,TSLA,373.29,392.87,354.62,374.16,81979892
2024-05-16,AAPL,207.07,215.43,204.56,212.85,71278718
2024-05-16,AMZN,221.53,225.77,214.73,218.93,49454923
2024-05-16,GOOGL,201.22,207.45,195.6,201.82,25618737
2024-05-16,MSFT,445.23,455.07,428.68,438.37,20647780
2024-05-16,TSLA,386.97,393.05,373.73,379.69,106560841
2024-05-17,AAPL,206.92,211.57,201.92,206.57,78613668
2024-05-17,AMZN,220.11,226.72,215.48,222.04,39383540
2024-05-17,GOOGL,197.62,200.76,194.27,197.4,26057801
2024-05-17,MSFT,441.01,450.87,430.73,440.59,20318954
2024-05-17,TSLA,390.69,399.12,369.75,377.9,89008418
2024-05-20,AAPL,205.25,209.96,197.35,201.98,53962501
2024-05-20,AMZN,218.6,222.26,214.04,217.68,40428855
2024-05-20,GOOGL,196.6,202.71,190.98,197.07,17748643
2024-05-20,MSFT,440.04,450.34,432.07,442.33,30399243
2024-05-20,TSLA,407.52,418.46,395.47,406.38,382464370
2024-05-21,AAPL,207.49,209.49,203.22,205.2,19500000
2024-05-21,AMZN,220.12,225.88,213.84,219.59,40317722
2024-05-21,GOOGL,195.44,202.01,191.89,198.4,23794267
2024-05-21,MSFT,437.49,451.72,424.66,438.85,32125360
2024-05-21,TSLA,395.68,405.78,386.69,396.77,90153801
2024-05-22,AAPL,206.63,212.13,200.76,206.24,73502376
2024-05-22,AMZN,215.72,219.46,211.27,215.0,46501216
2024-05-22,GOOGL,202.69,207.14,195.84,200.24,23896239
2024-05-22,MSFT,429.62,448.56,417.98,436.72,64042072
2024-05-22,TSLA,407.61,423.11,400.42,415.78,115292161
2024-05-23,AAPL,205.03,210.29,200.71,205.94,45169788
2024-05-23,AMZN,210.85,221.96,205.38,216.35,28951937
2024-05-23,GOOGL,198.94,206.09,193.79,200.89,33605235
2024-05-23,MSFT,444.6,448.97,437.92,442.27,32235684
2024-05-23,TSLA,384.4,408.12,370.99,394.36,69406549
2024-05-24,AAPL,207.91,213.22,201.13,206.41,32218244
2024-05-24,AMZN,224.61,229.27,218.16,222.78,48852905
2024-05-24,GOOGL,187.01,193.74,182.7,189.37,26219625
2024-05-24,MSFT,452.57,456.36,441.28,445.0,32802993
2024-05-24,TSLA,391.63,421.32,375.02,404.18,85138699
2024-05-27,AAPL,206.27,210.33,204.05,208.09,19500000
2024-05-27,AMZN,213.63,218.23,209.17,213.76,48708620
2024-05-27,GOOGL,187.09,192.04,182.07,187.02,22635484
2024-05-27,MSFT,443.9,456.28,434.55,446.87,52908796
2024-05-27,TSLA,417.17,442.1,398.39,423.06,93003968
2024-05-28,AAPL,207.3,209.5,204.22,206.42,78227188
2024-05-28,AMZN,210.85,213.3,207.06,209.5,36985167
2024-05-28,GOOGL,187.9,190.62,185.78,188.49,24093008
2024-05-28,MSFT,451.01,461.81,431.46,442.05,38384942
2024-05-28,TSLA,378.99,405.19,367.61,393.38,125006166
2024-05-29,AAPL,204.86,208.38,200.42,203.93,67090033
2024-05-29,AMZN,211.63,216.16,206.02,210.53,40024676
2024-05-29,GOOGL,189.54,192.87,185.1,188.41,24581504
2024-05-29,MSFT,457.51,465.22,450.26,457.96,26531697
2024-05-29,TSLA,401.24,414.14,381.15,393.81,42816810
2024-05-30,AAPL,207.07,211.36,200.87,205.12,61333083
2024-05-30,AMZN,209.79,212.68,206.21,209.09,31405542
2024-05-30,GOOGL,192.34,196.26,186.79,190.68,24756789
2024-05-30,MSFT,461.27,467.93,448.26,454.82,35230972
2024-05-30,TSLA,405.24,420.93,386.68,402.26,87099694
2024-05-31,AAPL,206.98,212.71,196.37,201.96,87571645
2024-05-31,AMZN,209.52,214.9,205.04,210.4,28396247
2024-05-31,GOOGL,196.29,199.32,191.89,194.89,30796436
2024-05-31,MSFT,456.46,462.31,449.44,455.27,18366830
2024-05-31,TSLA,402.25,417.71,388.63,404.03,86296096
2024-06-03,AAPL,204.7,209.17,199.53,203.98,75356526
2024-06-03,AMZN,209.5,217.34,202.54,210.36,41974148
2024-06-03,GOOGL,197.02,202.11,191.93,197.02,31116913
2024-06-03,MSFT,455.69,460.72,449.48,454.5,26310061
2024-06-03,TSLA,415.46,433.54,389.82,407.55,45671878
2024-06-04,AAPL,197.38,201.59,194.08,198.28,91264875
2024-06-04,AMZN,203.26,205.87,200.77,203.38,42038725
2024-06-04,GOOGL,195.33,198.64,190.97,194.26,18808107
2024-06-04,MSFT,477.97,488.86,459.86,470.59,34601111
2024-06-04,TSLA,399.9,423.64,384.09,407.54,83979150
2024-06-05,AAPL,202.59,205.16,200.06,202.63,42368048
2024-06-05,AMZN,206.96,211.12,202.44,206.59,36629372
2024-06-05,GOOGL,189.35,195.32,186.43,192.35,31674747
2024-06-05,MSFT,471.64,478.74,461.47,468.52,28195471
2024-06-05,TSLA,384.75,402.47,372.8,390.35,58409155
2024-06-06,AAPL,201.62,209.93,196.66,204.89,64438552
2024-06-06,AMZN,200.41,204.73,197.01,201.31,27502209
2024-06-06,GOOGL,201.15,206.3,193.87,198.97,29695921
2024-06-06,MSFT,467.28,475.95,457.16,465.8,22722210
2024-06-06,TSLA,408.31,429.16,401.97,422.61,39646742
2024-06-07,AAPL,205.0,208.93,202.38,206.29,38728407
2024-06-07,AMZN,204.78,207.74,199.85,202.78,44570573
2024-06-07,GOOGL,197.49,201.02,194.78,198.3,24670468
2024-06-07,MSFT,459.44,470.74,455.9,467.15,37168693
2024-06-07,TSLA,418.39,439.62,391.86,412.8,88770070
2024-06-10,AAPL,209.63,216.04,204.01,210.4,61272537
2024-06-10,AMZN,200.71,204.63,197.49,201.4,36386958
2024-06-10,GOOGL,201.88,204.71,195.21,197.98,15787723
2024-06-10,MSFT,456.12,472.26,446.04,462.04,19800099
2024-06-10,TSLA,411.06,428.56,399.63,416.97,87966553
2024-06-11,AAPL,216.1,220.7,212.54,217.12,60959992
2024-06-11,AMZN,210.26,218.88,203.9,212.45,32506585
2024-06-11,GOOGL,202.34,207.0,195.48,200.09,26329015
2024-06-11,MSFT,465.26,474.56,454.18,463.45,27857012
2024-06-11,TSLA,405.54,421.26,389.72,405.43,89182352
2024-06-12,AAPL,221.54,227.43,215.36,221.24,75182471
2024-06-12,AMZN,213.52,220.34,205.42,212.2,52759319
2024-06-12,GOOGL,204.71,210.87,198.97,205.12,22787859
2024-06-12,MSFT,489.06,494.02,478.14,483.04,32481194
2024-06-12,TSLA,379.22,384.86,367.14,372.68,101005383
2024-06-13,AAPL,212.44,218.66,207.84,214.03,65740413
2024-06-13,AMZN,218.3,221.45,210.99,214.07,30248452
2024-06-13,GOOGL,201.36,205.59,197.1,201.32,28468014
2024-06-13,MSFT,485.96,494.87,476.54,485.43,42669832
2024-06-13,TSLA,368.72,381.58,347.52,360.08,74114325
2024-06-14,AAPL,211.47,215.12,205.75,209.36,75130365
2024-06-14,AMZN,214.18,221.94,209.14,216.83,45619176
2024-06-14,GOOGL,201.68,203.76,197.26,199.32,29041271
2024-06-14,MSFT,485.03,495.77,476.77,487.48,59842199
2024-06-14,TSLA,341.78,354.28,329.45,341.95,137532830
2024-06-17,AAPL,207.37,210.52,204.22,207.37,76430902
2024-06-17,AMZN,218.27,221.88,214.95,218.55,25004616
2024-06-17,GOOGL,188.71,197.73,184.16,193.07,33244222
2024-06-17,MSFT,473.85,488.46,466.88,481.38,26064841
2024-06-17,TSLA,357.86,370.94,342.47,355.47,94209267
2024-06-18,AAPL,207.86,211.23,204.5,207.87,100017591
2024-06-18,AMZN,221.0,224.7,214.9,218.56,25637841
2024-06-18,GOOGL,191.85,195.32,188.7,192.16,18367576
2024-06-18,MSFT,492.27,496.66,491.19,495.57,24887162
2024-06-18,TSLA,342.29,370.97,319.48,347.79,125552723
2024-06-19,AAPL,209.6,214.49,205.35,210.22,59876429
2024-06-19,AMZN,215.47,217.22,212.46,214.19,44826784
2024-06-19,GOOGL,197.93,203.22,189.42,194.62,38364795
2024-06-19,MSFT,512.32,519.3,504.77,511.75,29669291
2024-06-19,TSLA,351.68,361.66,331.93,341.62,55102393
2024-06-20,AAPL,208.12,211.95,204.0,207.83,49708381
2024-06-20,AMZN,215.35,222.76,206.59,213.95,36638632
2024-06-20,GOOGL,195.03,198.49,189.97,193.4,30595545
2024-06-20,MSFT,514.52,527.9,504.98,518.29,32115497
2024-06-20,TSLA,328.38,343.7,314.05,329.33,75179920
2024-06-21,AAPL,210.49,213.6,205.84,208.93,68998858
2024-06-21,AMZN,206.06,211.81,200.24,205.99,28311522
2024-06-21,GOOGL,198.89,205.96,193.55,200.57,29464067
2024-06-21,MSFT,518.67,530.38,511.3,522.96,35653193
2024-06-21,TSLA,331.46,344.88,317.59,331.0,111299976
2024-06-24,AAPL,204.88,210.02,201.37,206.49,51962949
2024-06-24,AMZN,202.8,212.15,199.37,208.62,49499354
2024-06-24,GOOGL,201.69,205.22,197.54,201.06,36977555
2024-06-24,MSFT,519.4,527.87,511.15,519.62,33292334
2024-06-24,TSLA,321.01,332.33,312.07,323.32,89619098
2024-06-25,AAPL,203.46,208.44,199.71,204.67,89081862
2024-06-25,AMZN,222.88,227.96,217.21,222.28,43713149
2024-06-25,GOOGL,198.7,203.85,195.55,200.66,26986485
2024-06-25,MSFT,528.37,541.39,509.09,521.94,24518380
2024-06-25,TSLA,342.56,357.45,320.94,335.52,69511989
2024-06-26,AAPL,199.5,201.35,198.2,200.05,60397706
2024-06-26,AMZN,224.02,228.16,219.02,223.14,18721118
2024-06-26,GOOGL,198.6,200.97,196.91,199.28,31460294
2024-06-26,MSFT,516.39,524.96,504.87,513.4,33693597
2024-06-26,TSLA,340.68,352.02,328.2,339.5,51332539
2024-06-27,AAPL,194.98,201.41,190.99,197.37,55809384
2024-06-27,AMZN,227.42,233.55,218.7,224.76,49594015
2024-06-27,GOOGL,194.65,197.77,190.89,194.0,26061071
2024-06-27,MSFT,503.98,507.16,499.59,502.76,28640819
2024-06-27,TSLA,337.5,352.41,318.34,333.06,112413587
2024-06-28,AAPL,191.9,195.78,189.46,193.32,57341119
2024-06-28,AMZN,215.81,221.63,211.74,217.53,29361154
2024-06-28,GOOGL,194.87,198.98,189.8,193.88,30255118
2024-06-28,MSFT,490.42,498.3,481.78,489.64,33216765
2024-06-28,TSLA,345.75,364.97,324.52,343.62,110475553
2024-07-01,AAPL,189.94,193.0,187.7,190.76,76674283
2024-07-01,AMZN,217.8,222.11,209.79,214.02,22921064
2024-07-01,GOOGL,196.94,201.0,191.49,195.51,32260043
2024-07-01,MSFT,495.21,503.88,484.27,492.9,33616572
2024-07-01,TSLA,342.57,356.48,330.04,343.9,100778866
2024-07-02,AAPL,196.85,198.6,193.58,195.31,62436611
2024-07-02,AMZN,217.67,222.06,214.01,218.38,31794390
2024-07-02,GOOGL,197.65,202.33,190.62,195.24,31618300
2024-07-02,MSFT,480.78,487.39,474.63,481.23,39410880
2024-07-02,TSLA,349.94,361.15,333.3,344.34,180897811
2024-07-03,AAPL,193.22,194.82,191.16,192.76,54572914
2024-07-03,AMZN,210.94,217.27,205.71,212.01,39581977
2024-07-03,GOOGL,194.01,201.74,188.68,196.35,15550091
2024-07-03,MSFT,475.6,487.17,465.73,477.26,25517865
2024-07-03,TSLA,329.29,344.46,312.25,327.32,68564111
2024-07-04,AAPL,203.35,205.52,200.83,203.0,92061968
2024-07-04,AMZN,207.57,216.46,200.32,209.15,40773763
2024-07-04,GOOGL,193.95,197.86,189.99,193.9,22413639
2024-07-04,MSFT,479.99,484.57,472.44,477.0,24181131
2024-07-04,TSLA,321.66,343.41,305.69,327.17,93741688
2024-07-05,AAPL,206.96,209.89,202.48,205.39,51087240
2024-07-05,AMZN,214.44,218.56,208.04,212.11,23651347
2024-07-05,GOOGL,187.77,193.24,183.93,189.38,32323763
2024-07-05,MSFT,484.45,493.3,476.56,485.38,31130143
2024-07-05,TSLA,325.81,340.08,317.43,331.55,63761183
2024-07-08,AAPL,206.33,212.48,200.44,206.58,65577948
2024-07-08,AMZN,213.63,220.26,209.54,216.12,25868983
2024-07-08,GOOGL,188.6,194.4,183.56,189.35,28113351
2024-07-08,MSFT,475.78,485.2,471.27,480.64,36277618
2024-07-08,TSLA,348.87,359.42,337.44,347.97,77149878
2024-07-09,AAPL,204.61,207.71,200.8,203.89,75599974
2024-07-09,AMZN,217.31,221.84,211.38,215.88,32390942
2024-07-09,GOOGL,189.13,194.65,185.09,190.57,24691068
2024-07-09,MSFT,495.99,503.68,482.39,489.98,28406446
2024-07-09,TSLA,344.39,358.89,324.74,339.01,124954701
2024-07-10,AAPL,206.85,210.97,202.93,207.04,38490804
2024-07-10,AMZN,214.86,221.61,210.0,216.7,33029824
2024-07-10,GOOGL,191.23,193.99,187.52,190.28,28172813
2024-07-10,MSFT,489.84,508.01,479.74,497.75,36733986
2024-07-10,TSLA,378.06,390.77,355.16,367.52,51042650
2024-07-11,AAPL,205.87,210.02,201.24,205.38,72804233
2024-07-11,AMZN,217.39,221.65,213.24,217.5,47617988
2024-07-11,GOOGL,193.43,196.69,188.19,191.41,18101907
2024-07-11,MSFT,494.73,502.73,480.52,488.43,32830408
2024-07-11,TSLA,362.59,383.58,353.53,374.23,111091285
2024-07-12,AAPL,205.27,210.21,201.43,206.35,47854500
2024-07-12,AMZN,208.76,216.09,204.89,212.15,35866784
2024-07-12,GOOGL,196.9,198.32,193.34,194.75,29915490
2024-07-12,MSFT,499.93,507.86,489.88,497.78,26591491
2024-07-12,TSLA,354.32,368.74,339.76,354.17,130487153
2024-07-15,AAPL,211.85,220.42,208.13,216.61,78370220
2024-07-15,AMZN,213.96,218.56,207.64,212.21,47426299
2024-07-15,GOOGL,195.83,200.87,193.02,198.02,27321619
2024-07-15,MSFT,490.98,503.55,482.57,495.06,31943348
2024-07-15,TSLA,346.7,361.28,329.3,343.75,114386168
2024-07-16,AAPL,216.18,218.94,213.69,216.44,49356921
2024-07-16,AMZN,213.34,215.81,211.21,213.68,50958248
2024-07-16,GOOGL,201.35,203.58,199.36,201.6,25532812
2024-07-16,MSFT,490.75,499.28,482.11,490.65,24956212
2024-07-16,TSLA,363.39,374.83,350.13,361.52,104457555
2024-07-17,AAPL,224.03,229.81,215.48,221.19,76257496
2024-07-17,AMZN,214.88,218.65,209.88,213.63,45556705
2024-07-17,GOOGL,203.4,210.28,198.91,205.73,23881800
2024-07-17,MSFT,486.45,498.26,476.46,488.23,29670200
2024-07-17,TSLA,383.93,397.62,363.82,377.27,83990144
2024-07-18,AAPL,220.32,226.43,212.43,218.5,82969787
2024-07-18,AMZN,205.11,207.22,203.39,205.5,12000000
2024-07-18,GOOGL,205.29,213.38,199.69,207.71,26444112
2024-07-18,MSFT,491.54,501.65,478.14,488.19,20487885
2024-07-18,TSLA,381.03,392.06,365.81,376.71,79660158
2024-07-19,AAPL,220.42,222.39,216.58,218.53,78998343
2024-07-19,AMZN,214.01,217.84,209.02,212.83,36959831
2024-07-19,GOOGL,207.68,212.06,204.7,209.06,23285792
2024-07-19,MSFT,488.0,499.83,473.0,484.75,27522903
2024-07-19,TSLA,371.39,386.79,362.67,377.91,41606891
2024-07-22,AAPL,228.29,231.14,222.96,225.78,69083895
2024-07-22,AMZN,208.27,211.5,205.14,208.37,73209879
2024-07-22,GOOGL,217.91,221.09,214.0,217.16,22975735
2024-07-22,MSFT,479.86,488.43,469.45,477.99,34997824
2024-07-22,TSLA,355.61,372.82,345.02,362.04,95878908
2024-07-23,AAPL,223.38,227.06,219.52,223.2,61241359
2024-07-23,AMZN,210.82,216.08,203.98,209.2,39455762
2024-07-23,GOOGL,221.31,226.98,214.51,220.16,36180415
2024-07-23,MSFT,475.23,479.28,468.21,472.23,33370028
2024-07-23,TSLA,380.92,394.55,365.3,378.85,85446789
2024-07-24,AAPL,231.05,234.01,227.7,230.65,55633181
2024-07-24,AMZN,212.29,215.77,207.65,211.11,19178209
2024-07-24,GOOGL,217.38,221.14,212.23,215.96,15084202
2024-07-24,MSFT,473.38,483.97,463.26,473.85,32345892
2024-07-24,TSLA,371.5,378.75,358.05,365.17,78421682
2024-07-25,AAPL,232.12,238.26,227.31,233.42,88904313
2024-07-25,AMZN,209.97,213.89,205.62,209.54,32359144
2024-07-25,GOOGL,208.93,213.43,203.22,207.7,15212695
2024-07-25,MSFT,480.09,491.56,461.71,473.01,30012357
2024-07-25,TSLA,376.67,388.17,364.25,375.72,94523075
2024-07-26,AAPL,230.15,234.05,226.91,230.8,53633202
2024-07-26,AMZN,209.11,212.68,207.55,211.11,26377557
2024-07-26,GOOGL,204.83,211.63,199.82,206.58,29884488
2024-07-26,MSFT,482.73,497.0,463.64,477.76,29118922
2024-07-26,TSLA,382.31,407.29,368.58,393.17,96481275
2024-07-29,AAPL,234.55,241.52,226.34,233.26,48147676
2024-07-29,AMZN,207.18,213.85,201.49,208.14,30734373
2024-07-29,GOOGL,211.57,214.9,205.8,209.09,17376652
2024-07-29,MSFT,476.6,490.22,464.97,478.54,19130600
2024-07-29,TSLA,385.35,411.21,367.03,392.54,79905514
2024-07-30,AAPL,239.69,245.55,231.33,237.12,75812245
2024-07-30,AMZN,216.52,221.38,213.46,218.29,37413110
2024-07-30,GOOGL,214.69,218.1,209.6,212.98,12477934
2024-07-30,MSFT,482.82,489.82,472.56,479.51,26557402
2024-07-30,TSLA,409.66,422.65,391.92,404.76,133310668
2024-07-31,AAPL,239.12,244.0,234.54,239.42,52062776
2024-07-31,AMZN,220.61,224.57,213.45,217.35,32584473
2024-07-31,GOOGL,206.6,210.97,203.1,207.46,31339168
2024-07-31,MSFT,487.68,496.43,475.99,484.7,29278310
2024-07-31,TSLA,427.4,439.44,418.03,430.02,112351816
2024-08-01,AAPL,231.38,237.79,225.93,232.32,49561468
2024-08-01,AMZN,223.59,229.39,216.03,221.78,31469874
2024-08-01,GOOGL,209.61,212.65,207.38,210.4,32875433
2024-08-01,MSFT,495.62,504.47,487.87,496.71,20129175
2024-08-01,TSLA,432.39,446.58,417.35,431.5,116286615
2024-08-02,AAPL,229.09,234.58,223.6,229.09,41541430
2024-08-02,AMZN,216.98,222.61,211.28,216.9,38020305
2024-08-02,GOOGL,213.63,219.97,208.73,215.04,16824776
2024-08-02,MSFT,507.55,516.61,499.97,509.01,15737708
2024-08-02,TSLA,434.24,446.85,413.9,426.29,92546558
2024-08-05,AAPL,229.19,232.62,224.55,227.96,57152715
2024-08-05,AMZN,219.21,223.6,216.14,220.51,35077922
2024-08-05,GOOGL,214.53,222.47,209.47,217.34,13779198
2024-08-05,MSFT,525.56,534.19,511.65,520.19,35901829
2024-08-05,TSLA,414.0,440.15,397.11,422.9,305581183
2024-08-06,AAPL,224.62,230.67,221.57,227.58,63655880
2024-08-06,AMZN,215.61,222.7,210.37,217.41,41996899
2024-08-06,GOOGL,220.21,224.72,214.27,218.75,17382648
2024-08-06,MSFT,526.98,539.46,514.57,527.05,28355869
2024-08-06,TSLA,406.85,422.71,394.05,409.82,73727015
2024-08-07,AAPL,225.33,234.32,221.17,230.08,173483465
2024-08-07,AMZN,211.7,214.62,208.52,211.43,35801438
2024-08-07,GOOGL,219.52,225.7,211.6,217.73,20625566
2024-08-07,MSFT,546.14,551.0,540.09,544.94,29469854
2024-08-07,TSLA,393.58,399.81,391.01,397.22,110823640
2024-08-08,AAPL,229.54,235.91,224.34,230.69,80458726
2024-08-08,AMZN,211.22,215.97,202.56,207.21,24323909
2024-08-08,GOOGL,213.34,219.31,209.41,215.34,36961955
2024-08-08,MSFT,553.85,560.43,540.82,547.33,31889387
2024-08-08,TSLA,404.51,434.34,372.35,402.01,90145438
2024-08-09,AAPL,222.59,229.29,218.42,225.07,73562091
2024-08-09,AMZN,204.14,207.42,200.85,204.13,29689176
2024-08-09,GOOGL,215.73,223.59,210.61,218.42,22314080
2024-08-09,MSFT,560.44,573.45,535.89,548.63,21124831
2024-08-09,TSLA,403.56,418.29,383.64,398.17,70727891
2024-08-12,AAPL,225.6,228.79,223.46,226.64,61898326
2024-08-12,AMZN,207.87,210.91,202.28,205.28,36719493
2024-08-12,GOOGL,218.49,225.61,213.48,220.56,30199110
2024-08-12,MSFT,565.58,581.99,551.77,568.12,25175529
2024-08-12,TSLA,390.94,415.76,376.89,401.34,94459291
2024-08-13,AAPL,228.83,232.26,225.7,229.13,61779320
2024-08-13,AMZN,219.38,224.03,214.1,218.74,35520245
2024-08-13,GOOGL,218.88,222.2,215.31,218.63,29511045
2024-08-13,MSFT,539.08,547.46,531.73,540.09,38528473
2024-08-13,TSLA,379.47,386.65,372.33,379.51,88063716
2024-08-14,AAPL,230.42,235.44,226.36,231.36,73290058
2024-08-14,AMZN,233.34,237.18,228.15,231.97,25865177
2024-08-14,GOOGL,226.42,235.78,220.32,229.59,33265132
2024-08-14,MSFT,537.01,550.66,523.03,536.67,24579412
2024-08-14,TSLA,383.24,390.76,370.09,377.49,150172896
2024-08-15,AAPL,238.84,243.04,231.61,235.75,85679265
2024-08-15,AMZN,229.14,238.06,221.41,230.29,46765804
2024-08-15,GOOGL,224.52,229.18,217.4,222.01,21087620
2024-08-15,MSFT,547.3,559.32,534.83,546.85,26139012
2024-08-15,TSLA,377.93,403.9,365.06,390.61,105340613
2024-08-16,AAPL,239.73,246.6,232.18,239.03,67052605
2024-08-16,AMZN,234.43,238.94,230.42,234.92,43122234
2024-08-16,GOOGL,222.82,228.58,214.77,220.47,24936286
2024-08-16,MSFT,556.11,564.81,545.67,554.34,23313582
2024-08-16,TSLA,374.09,388.94,359.67,374.51,132518289
2024-08-19,AAPL,241.28,243.82,238.1,240.63,57376623
2024-08-19,AMZN,226.63,231.7,223.57,228.62,33992074
2024-08-19,GOOGL,217.55,220.2,213.99,216.63,23630004
2024-08-19,MSFT,574.65,579.7,572.02,577.06,22814020
2024-08-19,TSLA,366.15,389.96,350.63,374.11,121868068
2024-08-20,AAPL,241.24,246.24,234.92,239.9,48865927
2024-08-20,AMZN,219.44,222.8,215.38,218.74,38363092
2024-08-20,GOOGL,219.72,224.25,213.45,217.95,28362472
2024-08-20,MSFT,569.25,580.33,564.41,575.44,35738369
2024-08-20,TSLA,346.1,363.15,333.12,350.03,95897289
2024-08-21,AAPL,230.06,238.49,224.07,232.44,41515414
2024-08-21,AMZN,218.61,223.75,214.04,219.17,29281264
2024-08-21,GOOGL,209.37,212.98,205.64,209.25,70768627
2024-08-21,MSFT,577.14,585.01,560.9,568.66,10663229
2024-08-21,TSLA,319.86,342.07,312.65,334.53,84461668
2024-08-22,AAPL,236.27,243.42,226.99,234.08,75826882
2024-08-22,AMZN,222.82,227.66,217.16,221.98,48530678
2024-08-22,GOOGL,215.52,218.72,211.32,214.52,38615101
2024-08-22,MSFT,566.04,577.86,551.36,563.11,24800903
2024-08-22,TSLA,353.13,356.21,341.73,344.73,53669618
2024-08-23,AAPL,234.58,238.45,230.87,234.74,74392151
2024-08-23,AMZN,223.54,231.06,218.41,225.87,60689303
2024-08-23,GOOGL,215.76,224.82,209.62,218.6,22558570
2024-08-23,MSFT,561.98,575.77,550.24,563.99,29577870
2024-08-23,TSLA,339.19,352.91,327.68,341.32,74315090
2024-08-26,AAPL,237.08,241.98,230.79,235.66,74382157
2024-08-26,AMZN,232.26,238.47,224.97,231.15,33554130
2024-08-26,GOOGL,222.43,227.14,214.73,219.38,25883629
2024-08-26,MSFT,579.66,588.13,569.07,577.51,39877537
2024-08-26,TSLA,359.08,374.93,348.53,364.23,110740394
2024-08-27,AAPL,227.84,234.91,223.04,230.06,62909283
2024-08-27,AMZN,229.9,232.31,227.09,229.49,52239323
2024-08-27,GOOGL,216.54,220.03,214.13,217.61,30416987
2024-08-27,MSFT,600.28,609.78,581.72,591.07,20053422
2024-08-27,TSLA,371.63,379.71,361.47,369.51,87824403
2024-08-28,AAPL,222.39,229.84,218.15,225.55,87862689
2024-08-28,AMZN,230.16,236.38,223.62,229.83,31392077
2024-08-28,GOOGL,220.1,224.13,216.35,220.38,28823553
2024-08-28,MSFT,583.48,597.31,573.66,587.42,18860300
2024-08-28,TSLA,369.13,392.42,353.01,375.99,103925732
2024-08-29,AAPL,231.62,235.66,225.91,229.92,57133074
2024-08-29,AMZN,234.77,238.35,230.25,233.82,34680385
2024-08-29,GOOGL,226.9,232.72,215.72,221.39,35719301
2024-08-29,MSFT,588.04,597.38,577.66,586.98,21979297
2024-08-29,TSLA,354.29,368.15,347.75,361.48,46780965
2024-08-30,AAPL,230.47,235.16,225.02,229.69,80523125
2024-08-30,AMZN,239.02,245.26,233.4,239.62,54336902
2024-08-30,GOOGL,224.67,228.52,221.33,225.17,24325868
2024-08-30,MSFT,571.18,588.32,561.0,578.01,32911937
2024-08-30,TSLA,365.89,381.07,341.68,356.47,105770977
2024-09-02,AAPL,230.58,233.47,229.58,232.47,64370427
2024-09-02,AMZN,244.19,251.96,227.32,234.8,38801609
2024-09-02,GOOGL,225.69,228.91,220.83,224.03,22516013
2024-09-02,MSFT,569.89,580.07,560.29,570.46,28876998
2024-09-02,TSLA,358.42,365.66,340.41,347.42,121041436
2024-09-03,AAPL,230.63,237.49,225.63,232.45,55114300
2024-09-03,AMZN,236.85,240.63,231.93,235.69,46869836
2024-09-03,GOOGL,223.82,228.1,218.41,222.67,33601850
2024-09-03,MSFT,581.35,586.26,573.42,578.31,47275814
2024-09-03,TSLA,331.48,347.15,319.41,334.95,52825740
2024-09-04,AAPL,234.79,239.18,228.1,232.44,74628617
2024-09-04,AMZN,239.01,242.77,235.0,238.75,37305390
2024-09-04,GOOGL,223.98,232.19,218.87,227.01,26894065
2024-09-04,MSFT,586.01,601.04,576.66,591.61,28696903
2024-09-04,TSLA,349.87,365.55,328.06,343.45,103824642
2024-09-05,AAPL,233.74,240.24,229.81,236.27,71656586
2024-09-05,AMZN,241.09,244.6,235.74,239.22,21972643
2024-09-05,GOOGL,226.96,232.84,223.42,229.26,28376503
2024-09-05,MSFT,580.7,591.45,570.9,581.63,38860064
2024-09-05,TSLA,356.6,367.82,343.25,354.39,126908948
2024-09-06,AAPL,237.3,244.19,227.05,233.84,70800807
2024-09-06,AMZN,234.56,240.3,230.13,235.85,63374118
2024-09-06,GOOGL,232.39,237.58,222.66,227.75,24545732
2024-09-06,MSFT,585.28,598.19,568.51,581.33,29851362
2024-09-06,TSLA,350.54,378.39,332.05,359.43,134902057
2024-09-09,AAPL,232.18,237.44,228.85,234.08,66320774
2024-09-09,AMZN,234.32,242.52,227.53,235.69,37832268
2024-09-09,GOOGL,230.1,234.75,224.15,228.77,30794359
2024-09-09,MSFT,579.16,586.55,568.92,576.27,29151905
2024-09-09,TSLA,343.41,368.33,324.47,349.08,83041897
2024-09-10,AAPL,233.31,237.0,228.3,231.97,64384237
2024-09-10,AMZN,240.17,243.53,234.84,238.17,41561175
2024-09-10,GOOGL,228.89,233.72,224.1,228.93,19593269
2024-09-10,MSFT,576.54,592.77,566.14,582.27,29573194
2024-09-10,TSLA,362.96,376.57,340.12,353.37,113523345
2024-09-11,AAPL,229.38,236.68,222.79,230.06,103811044
2024-09-11,AMZN,236.35,240.58,229.98,234.17,32674722
2024-09-11,GOOGL,229.15,231.67,227.87,230.38,22135788
2024-09-11,MSFT,577.6,589.08,564.33,575.77,30901519
2024-09-11,TSLA,322.33,344.03,309.21,330.58,128957508
2024-09-12,AAPL,229.99,233.1,225.66,228.75,84244170
2024-09-12,AMZN,231.11,237.38,222.06,228.25,47801316
2024-09-12,GOOGL,236.31,241.06,230.82,235.55,8448517
2024-09-12,MSFT,557.48,566.54,545.83,554.85,19130289
2024-09-12,TSLA,360.9,377.55,331.03,347.05,104532808
2024-09-13,AAPL,228.54,233.12,225.11,229.67,76745937
2024-09-13,AMZN,234.85,244.36,229.0,238.42,47065863
2024-09-13,GOOGL,233.98,238.31,228.7,233.01,21077676
2024-09-13,MSFT,563.14,567.68,558.1,562.63,26376531
2024-09-13,TSLA,328.59,345.43,315.21,331.91,125520592
2024-09-16,AAPL,227.34,231.59,223.43,227.68,66816736
2024-09-16,AMZN,238.82,243.4,234.55,239.13,24427453
2024-09-16,GOOGL,229.74,234.88,224.1,229.22,30822372
2024-09-16,MSFT,562.92,575.39,545.4,557.75,26741707
2024-09-16,TSLA,328.7,341.71,307.19,319.85,94148285
2024-09-17,AAPL,233.01,238.26,227.68,232.93,81366304
2024-09-17,AMZN,244.49,249.29,238.85,243.64,41710995
2024-09-17,GOOGL,232.25,235.98,226.1,229.79,25290102
2024-09-17,MSFT,551.28,565.59,539.81,554.06,24615716
2024-09-17,TSLA,320.49,331.72,311.03,322.21,104364960
2024-09-18,AAPL,227.03,233.47,222.69,229.09,73417415
2024-09-18,AMZN,246.18,252.77,237.79,244.33,48771010
2024-09-18,GOOGL,224.68,230.68,220.69,226.65,19225510
2024-09-18,MSFT,558.43,568.57,546.37,556.48,32802851
2024-09-18,TSLA,330.09,335.79,319.91,325.53,80236780
2024-09-19,AAPL,229.85,232.39,225.82,228.33,65425827
2024-09-19,AMZN,250.75,258.52,241.65,249.37,52004368
2024-09-19,GOOGL,219.75,227.12,214.65,221.97,33934154
2024-09-19,MSFT,552.53,567.66,543.03,558.06,23562045
2024-09-19,TSLA,333.57,340.38,318.98,325.62,91090746
2024-09-20,AAPL,225.52,229.99,222.11,226.57,60067079
2024-09-20,AMZN,247.0,257.13,239.17,249.23,46464489
2024-09-20,GOOGL,228.33,234.88,219.5,225.98,25865691
2024-09-20,MSFT,552.97,565.03,548.59,560.6,25480221
2024-09-20,TSLA,321.73,341.04,295.24,314.09,105300759
2024-09-23,AAPL,232.16,236.06,228.74,232.64,63685093
2024-09-23,AMZN,253.13,260.64,244.29,251.77,47343374
2024-09-23,GOOGL,228.85,231.61,221.42,224.12,35585941
2024-09-23,MSFT,547.07,558.53,532.07,543.46,19178791
2024-09-23,TSLA,324.73,340.68,312.26,328.08,183912488
2024-09-24,AAPL,231.28,237.47,227.22,233.37,19500000
2024-09-24,AMZN,246.18,250.32,241.24,245.36,34599062
2024-09-24,GOOGL,217.23,222.24,210.44,215.41,30354298
2024-09-24,MSFT,547.41,560.86,533.86,547.31,30648173
2024-09-24,TSLA,305.44,320.15,295.54,310.09,89689823
2024-09-25,AAPL,232.16,242.46,227.44,237.64,68422263
2024-09-25,AMZN,236.82,244.5,228.37,236.03,27709612
2024-09-25,GOOGL,221.71,227.77,212.89,218.87,26176263
2024-09-25,MSFT,526.38,534.45,520.42,528.46,34593320
2024-09-25,TSLA,295.26,309.95,281.01,295.68,113070749
2024-09-26,AAPL,230.74,235.82,226.07,231.14,57062263
2024-09-26,AMZN,230.87,237.37,227.09,233.56,36891261
2024-09-26,GOOGL,216.47,221.87,211.24,216.63,36468780
2024-09-26,MSFT,529.77,547.37,517.13,534.61,25472856
2024-09-26,TSLA,289.53,304.31,281.68,296.28,143748241
2024-09-27,AAPL,237.26,239.26,230.27,232.22,90880887
2024-09-27,AMZN,224.4,229.03,222.02,226.63,27482346
2024-09-27,GOOGL,219.47,225.38,213.0,218.89,22658365
2024-09-27,MSFT,547.69,560.16,531.48,543.87,95125018
2024-09-27,TSLA,286.27,298.04,273.35,285.07,46325835
2024-09-30,AAPL,237.57,243.21,230.3,235.9,65314341
2024-09-30,AMZN,221.06,225.86,212.22,216.93,32609689
2024-09-30,GOOGL,223.92,227.67,219.61,223.35,18156935
2024-09-30,MSFT,523.32,536.04,517.47,530.12,26971302
2024-09-30,TSLA,295.29,310.32,284.71,299.59,141943695
2024-10-01,AAPL,236.04,240.66,231.47,236.08,45679344
2024-10-01,AMZN,221.03,227.72,212.13,218.76,32460227
2024-10-01,GOOGL,223.61,229.87,217.48,223.74,34995942
2024-10-01,MSFT,536.74,544.79,524.27,532.25,10307854
2024-10-01,TSLA,294.52,306.25,277.53,289.04,88828045
2024-10-02,AAPL,239.91,246.61,233.8,240.48,64189447
2024-10-02,AMZN,211.03,216.48,205.71,211.17,30592954
2024-10-02,GOOGL,217.39,220.79,211.0,214.36,28778314
2024-10-02,MSFT,543.08,548.45,535.66,541.01,27639392
2024-10-02,TSLA,304.15,316.88,294.58,307.22,117916371
2024-10-03,AAPL,238.0,242.85,233.1,237.95,48000532
2024-10-03,AMZN,215.94,220.48,211.51,216.05,45322862
2024-10-03,GOOGL,208.24,212.47,201.75,205.94,33711264
2024-10-03,MSFT,529.11,544.68,520.29,535.75,26771001
2024-10-03,TSLA,310.28,328.0,302.57,320.04,122575951
2024-10-04,AAPL,245.04,250.9,238.0,243.83,72692870
2024-10-04,AMZN,228.39,233.61,218.09,223.18,29872727
2024-10-04,GOOGL,202.46,206.72,199.02,203.27,30508527
2024-10-04,MSFT,541.51,551.95,530.5,540.93,28720969
2024-10-04,TSLA,343.55,352.61,326.49,335.33,132156798
2024-10-07,AAPL,251.02,258.92,245.87,253.72,153725075
2024-10-07,AMZN,216.9,222.18,211.52,216.8,58355804
2024-10-07,GOOGL,199.86,206.7,196.42,203.2,35271726
2024-10-07,MSFT,526.45,531.85,509.55,514.83,29772298
2024-10-07,TSLA,360.12,369.76,349.36,358.97,77710905
2024-10-08,AAPL,253.87,260.29,245.0,251.35,80564894
2024-10-08,AMZN,218.32,223.38,213.53,218.59,49891500
2024-10-08,GOOGL,208.18,210.33,206.17,208.31,21802992
2024-10-08,MSFT,529.53,539.57,514.28,524.23,23212549
2024-10-08,TSLA,360.18,372.78,347.41,360.0,89649806
2024-10-09,AAPL,250.32,255.53,243.54,248.72,52148170
2024-10-09,AMZN,225.83,232.08,221.51,227.73,51894937
2024-10-09,GOOGL,207.13,211.26,205.44,209.55,23821033
2024-10-09,MSFT,520.22,534.52,509.68,523.91,38299204
2024-10-09,TSLA,354.1,360.71,340.96,347.44,93727092
2024-10-10,AAPL,256.39,260.87,250.3,254.75,65552631
2024-10-10,AMZN,225.09,229.33,221.41,225.64,33108437
2024-10-10,GOOGL,220.85,226.83,214.83,220.8,23755186
2024-10-10,MSFT,524.23,534.88,510.46,521.05,27536869
2024-10-10,TSLA,351.84,359.54,338.96,346.55,86510946
2024-10-11,AAPL,262.37,270.31,253.42,261.33,42818395
2024-10-11,AMZN,224.75,233.75,219.87,228.79,42002965
2024-10-11,GOOGL,211.67,215.94,209.72,213.97,23839471
2024-10-11,MSFT,522.99,539.59,512.89,529.36,26602354
2024-10-11,TSLA,335.59,352.51,323.37,340.13,126320573
2024-10-14,AAPL,257.99,263.87,252.06,257.94,76399290
2024-10-14,AMZN,242.04,246.94,235.86,240.73,29571053
2024-10-14,GOOGL,217.04,221.71,209.74,214.35,15205958
2024-10-14,MSFT,538.07,550.26,532.3,544.42,33211707
2024-10-14,TSLA,329.73,343.54,318.63,332.35,93175342
2024-10-15,AAPL,256.71,262.13,249.79,255.17,73431656
2024-10-15,AMZN,235.26,240.2,227.31,232.19,42173557
2024-10-15,GOOGL,213.75,216.36,209.71,212.3,26021483
2024-10-15,MSFT,547.42,556.71,538.46,547.74,28129779
2024-10-15,TSLA,328.39,347.3,316.24,334.91,56559492
2024-10-16,AAPL,254.49,257.32,250.33,253.14,73056831
2024-10-16,AMZN,230.35,236.71,221.05,227.32,22322791
2024-10-16,GOOGL,214.62,217.82,210.04,213.21,29944221
2024-10-16,MSFT,564.24,574.84,551.05,561.6,45960891
2024-10-16,TSLA,323.49,343.46,312.32,332.0,79965921
2024-10-17,AAPL,245.65,249.16,242.94,246.43,65026309
2024-10-17,AMZN,228.53,234.7,224.08,230.22,50622968
2024-10-17,GOOGL,223.07,228.45,215.38,220.7,20746762
2024-10-17,MSFT,549.05,562.47,531.95,545.29,26530645
2024-10-17,TSLA,327.45,347.57,304.25,324.16,57512999
2024-10-18,AAPL,240.7,246.69,235.99,241.95,71740059
2024-10-18,AMZN,235.28,245.84,230.65,241.09,33551046
2024-10-18,GOOGL,229.41,234.22,223.72,228.51,19289570
2024-10-18,MSFT,554.16,563.58,540.94,550.3,30462708
2024-10-18,TSLA,324.63,336.42,310.7,322.42,89576953
2024-10-21,AAPL,237.53,242.0,232.86,237.32,91070510
2024-10-21,AMZN,238.15,243.44,232.04,237.31,43028448
2024-10-21,GOOGL,229.43,233.84,223.79,228.18,24150325
2024-10-21,MSFT,550.03,560.58,537.23,547.73,22755931
2024-10-21,TSLA,334.17,344.53,319.54,329.77,110973054
2024-10-22,AAPL,237.16,240.65,230.47,233.9,60367218
2024-10-22,AMZN,253.13,262.63,240.29,249.67,44884741
2024-10-22,GOOGL,234.89,241.2,225.34,231.57,29903405
2024-10-22,MSFT,531.81,545.81,525.3,539.21,34093748
2024-10-22,TSLA,349.59,362.19,329.59,341.92,79456179
2024-10-23,AAPL,231.1,238.09,226.76,233.71,67252984
2024-10-23,AMZN,245.68,253.42,242.21,249.89,34460359
2024-10-23,GOOGL,231.58,236.12,227.35,231.89,18276934
2024-10-23,MSFT,520.62,526.67,514.83,520.89,30161028
2024-10-23,TSLA,328.17,343.17,308.99,323.79,85427967
2024-10-24,AAPL,231.55,240.89,225.4,234.65,47350447
2024-10-24,AMZN,238.38,245.99,231.74,239.32,32017390
2024-10-24,GOOGL,227.65,233.89,220.09,226.29,39595486
2024-10-24,MSFT,530.28,535.82,520.45,525.95,25627223
2024-10-24,TSLA,326.27,337.52,310.33,321.41,88474324
2024-10-25,AAPL,241.58,246.84,235.98,241.23,50890759
2024-10-25,AMZN,248.23,252.98,242.58,247.3,38797922
2024-10-25,GOOGL,223.47,228.92,220.44,225.85,16880337
2024-10-25,MSFT,535.31,543.26,525.37,533.3,21892933
2024-10-25,TSLA,309.27,334.49,296.23,320.95,255272999
2024-10-28,AAPL,236.78,239.58,233.87,236.67,66589466
2024-10-28,AMZN,242.37,249.57,237.37,244.53,48029656
2024-10-28,GOOGL,223.28,226.16,220.24,223.11,21433078
2024-10-28,MSFT,545.68,560.7,529.85,544.84,18834043
2024-10-28,TSLA,307.37,321.13,295.33,309.03,107256965
2024-10-29,AAPL,241.15,245.35,236.59,240.78,82938920
2024-10-29,AMZN,242.07,249.69,238.99,246.55,38530145
2024-10-29,GOOGL,227.46,231.82,218.17,222.44,32088001
2024-10-29,MSFT,556.27,564.59,546.43,554.72,30931001
2024-10-29,TSLA,314.4,324.45,299.3,309.18,114172316
2024-10-30,AAPL,240.14,243.42,236.34,239.61,60835436
2024-10-30,AMZN,235.91,245.58,228.16,237.77,46029577
2024-10-30,GOOGL,220.1,224.5,213.95,218.32,31047074
2024-10-30,MSFT,547.55,557.87,535.8,546.1,18291843
2024-10-30,TSLA,305.87,323.54,294.8,312.25,148568528
2024-10-31,AAPL,238.71,243.0,234.92,239.19,61166356
2024-10-31,AMZN,232.56,239.2,227.35,233.96,47940915
2024-10-31,GOOGL,218.58,222.01,215.33,218.76,30499921
2024-10-31,MSFT,547.76,568.11,536.89,557.06,37159319
2024-10-31,TSLA,319.89,336.45,302.83,319.37,97933028
2024-11-01,AAPL,245.17,249.04,238.11,241.93,58388114
2024-11-01,AMZN,222.27,232.46,216.68,226.76,38075471
2024-11-01,GOOGL,220.44,224.49,215.83,219.86,20716027
2024-11-01,MSFT,574.52,581.09,562.43,568.94,19160083
2024-11-01,TSLA,324.36,336.54,309.37,321.44,112475085
2024-11-04,AAPL,233.42,240.48,229.82,236.83,56310204
2024-11-04,AMZN,221.97,224.54,216.96,219.5,38873234
2024-11-04,GOOGL,222.65,228.98,216.38,222.7,21902122
2024-11-04,MSFT,564.06,572.93,555.72,564.59,26751375
2024-11-04,TSLA,315.21,322.98,305.08,312.79,57295527
2024-11-05,AAPL,236.58,241.03,233.92,238.36,69793286
2024-11-05,AMZN,224.02,227.82,216.68,220.42,41388073
2024-11-05,GOOGL,224.24,228.19,219.78,223.72,19647377
2024-11-05,MSFT,566.55,577.99,551.8,563.17,21829211
2024-11-05,TSLA,339.26,350.0,326.42,337.09,85994404
2024-11-06,AAPL,238.7,243.06,234.57,238.92,40669563
2024-11-06,AMZN,223.58,228.86,218.24,223.51,51424046
2024-11-06,GOOGL,229.83,232.69,227.91,230.75,22998793
2024-11-06,MSFT,541.85,563.28,531.45,552.68,28228803
2024-11-06,TSLA,351.4,355.9,343.31,347.76,88577598
2024-11-07,AAPL,237.32,244.49,233.77,240.88,85815268
2024-11-07,AMZN,223.01,227.47,216.89,221.32,36567184
2024-11-07,GOOGL,241.65,243.95,238.16,240.46,27392164
2024-11-07,MSFT,573.43,577.35,561.59,565.45,28185550
2024-11-07,TSLA,356.11,369.09,342.05,354.99,70838771
2024-11-08,AAPL,241.54,242.45,241.01,241.92,54186887
2024-11-08,AMZN,211.81,220.28,206.77,215.15,51377505
2024-11-08,GOOGL,238.85,246.62,229.87,237.59,19617044
2024-11-08,MSFT,544.05,560.46,533.15,549.45,31113620
2024-11-08,TSLA,358.5,385.87,341.02,367.92,82270172
2024-11-11,AAPL,256.37,263.83,245.25,252.59,76730931
2024-11-11,AMZN,209.74,217.24,202.55,210.05,42551274
2024-11-11,GOOGL,241.42,248.35,234.47,241.4,14073825
2024-11-11,MSFT,565.25,573.27,545.45,553.3,17316047
2024-11-11,TSLA,374.22,382.04,363.17,370.92,92447237
2024-11-12,AAPL,249.18,255.13,243.19,249.13,44362522
2024-11-12,AMZN,211.15,217.58,206.05,212.44,32633890
2024-11-12,GOOGL,251.18,255.55,246.47,250.83,32307622
2024-11-12,MSFT,556.29,564.26,538.62,546.45,22654081
2024-11-12,TSLA,389.68,403.93,373.56,387.75,83014244
2024-11-13,AAPL,246.81,250.76,242.37,246.3,75868652
2024-11-13,AMZN,214.54,218.44,209.74,213.62,39580061
2024-11-13,GOOGL,255.45,261.8,248.25,254.58,23873961
2024-11-13,MSFT,529.19,545.43,519.11,535.22,34793832
2024-11-13,TSLA,377.91,405.33,360.77,387.75,156793561
2024-11-14,AAPL,240.43,247.59,236.08,243.19,75919099
2024-11-14,AMZN,209.91,219.68,206.36,216.03,28793659
2024-11-14,GOOGL,255.48,262.37,249.97,256.83,29675543
2024-11-14,MSFT,521.37,534.28,504.95,517.77,32609861
2024-11-14,TSLA,396.35,414.76,369.02,387.0,107166539
2024-11-15,AAPL,239.16,243.3,236.37,240.5,71243283
2024-11-15,AMZN,223.11,227.45,219.5,223.83,26539927
2024-11-15,GOOGL,247.41,254.24,239.41,246.21,23067853
2024-11-15,MSFT,511.28,523.98,503.11,515.74,10503622
2024-11-15,TSLA,398.64,417.95,375.82,394.95,142524290
2024-11-18,AAPL,236.77,244.02,230.34,237.57,48840536
2024-11-18,AMZN,228.43,232.61,222.78,226.93,46068492
2024-11-18,GOOGL,244.28,247.59,239.1,242.39,28392474
2024-11-18,MSFT,501.96,516.32,490.41,504.7,30640607
2024-11-18,TSLA,406.25,422.71,400.0,416.31,130450465
2024-11-19,AAPL,241.92,249.47,235.09,242.62,69055158
2024-11-19,AMZN,229.76,234.02,224.93,229.18,47977689
2024-11-19,GOOGL,242.94,246.28,236.14,239.43,39538681
2024-11-19,MSFT,502.81,510.33,497.95,505.46,20772745
2024-11-19,TSLA,430.89,454.76,413.53,437.14,79817904
2024-11-20,AAPL,251.52,256.26,243.96,248.65,45775336
2024-11-20,AMZN,243.1,248.39,235.87,241.12,39669762
2024-11-20,GOOGL,246.06,252.93,238.43,245.28,17854459
2024-11-20,MSFT,523.14,532.38,511.95,521.15,23857239
2024-11-20,TSLA,439.47,452.37,431.03,443.85,95892061
2024-11-21,AAPL,246.92,252.73,239.9,245.68,60892597
2024-11-21,AMZN,238.11,245.44,232.31,239.61,40476813
2024-11-21,GOOGL,239.33,243.33,236.69,240.67,20137981
2024-11-21,MSFT,524.16,531.63,515.27,522.72,26408706
2024-11-21,TSLA,444.81,460.27,433.91,449.25,84672915
2024-11-22,AAPL,239.29,246.28,234.75,241.71,81727962
2024-11-22,AMZN,244.37,257.82,238.57,251.84,34232363
2024-11-22,GOOGL,239.11,244.25,234.23,239.36,19370384
2024-11-22,MSFT,535.0,550.49,525.13,540.52,91828486
2024-11-22,TSLA,459.78,479.83,437.48,457.43,91156709
2024-11-25,AAPL,244.1,246.73,240.93,243.56,77946406
2024-11-25,AMZN,262.01,267.73,253.37,259.03,41698794
2024-11-25,GOOGL,239.77,247.33,235.04,242.54,38151120
2024-11-25,MSFT,532.78,541.03,522.58,530.8,20701118
2024-11-25,TSLA,462.21,487.49,445.27,470.25,71809700
2024-11-26,AAPL,241.98,245.79,237.1,240.9,65246722
2024-11-26,AMZN,258.79,264.55,251.03,256.74,59814787
2024-11-26,GOOGL,239.6,245.52,231.99,237.87,24887025
2024-11-26,MSFT,518.0,524.17,512.74,518.9,18172746
2024-11-26,TSLA,498.0,519.22,467.54,488.35,84513535
2024-11-27,AAPL,245.98,250.58,238.93,243.48,49159393
2024-11-27,AMZN,264.81,274.6,250.88,260.52,50096967
2024-11-27,GOOGL,233.48,243.36,228.62,238.39,30546734
2024-11-27,MSFT,501.93,516.18,495.67,509.82,31152231
2024-11-27,TSLA,488.87,501.21,467.97,480.09,103538573
2024-11-28,AAPL,247.6,251.45,240.33,244.13,75490800
2024-11-28,AMZN,258.84,263.09,254.38,258.63,39239426
2024-11-28,GOOGL,240.73,245.35,233.71,238.29,8476091
2024-11-28,MSFT,507.56,513.83,503.18,509.44,27803876
2024-11-28,TSLA,504.01,529.45,473.44,498.61,102911648
2024-11-29,AAPL,235.13,241.29,231.18,237.3,65314945
2024-11-29,AMZN,251.42,256.64,245.13,250.32,38368106
2024-11-29,GOOGL,244.45,248.78,237.4,241.69,27340367
2024-11-29,MSFT,541.32,546.91,528.27,533.78,36449022
2024-11-29,TSLA,500.3,521.42,478.8,499.91,101018337
2024-12-02,AAPL,242.17,248.22,237.93,243.95,27294871
2024-12-02,AMZN,256.02,258.52,247.47,249.91,36236089
2024-12-02,GOOGL,236.81,247.39,233.49,243.96,22744936
2024-12-02,MSFT,516.64,528.48,506.59,518.4,25530162
2024-12-02,TSLA,514.92,537.75,484.15,506.61,93582722
2024-12-03,AAPL,248.86,256.13,244.49,251.71,77717734
2024-12-03,AMZN,237.27,246.48,232.86,241.98,25889326
2024-12-03,GOOGL,249.18,253.91,241.36,246.04,33678811
2024-12-03,MSFT,515.67,532.08,507.56,523.84,36475720
2024-12-03,TSLA,523.96,538.96,511.57,526.51,115442632
2024-12-04,AAPL,247.94,253.0,243.4,248.46,64606216
2024-12-04,AMZN,244.19,247.93,239.33,243.05,35170871
2024-12-04,GOOGL,248.5,255.2,239.33,245.97,29117255
2024-12-04,MSFT,521.03,530.5,508.04,517.44,28113880
2024-12-04,TSLA,527.77,559.83,502.8,534.54,88895228
2024-12-05,AAPL,247.39,250.42,243.33,246.35,178802619
2024-12-05,AMZN,250.19,254.3,242.98,247.03,46742317
2024-12-05,GOOGL,236.16,241.17,231.84,236.84,22376804
2024-12-05,MSFT,511.41,529.01,497.98,515.48,31703805
2024-12-05,TSLA,557.04,574.69,528.39,545.68,128049368
2024-12-06,AAPL,249.5,253.03,243.81,247.31,47201854
2024-12-06,AMZN,246.21,249.54,242.33,245.66,30679817
2024-12-06,GOOGL,233.94,243.5,227.29,236.76,34873870
2024-12-06,MSFT,505.56,513.39,496.82,504.64,39367604
2024-12-06,TSLA,534.8,550.09,516.65,531.85,51119558
2024-12-09,AAPL,248.29,251.21,245.54,248.46,19500000
2024-12-09,AMZN,246.81,249.89,243.56,246.64,37199426
2024-12-09,GOOGL,234.31,242.05,228.6,236.29,72627101
2024-12-09,MSFT,511.89,523.01,501.53,512.64,26829264
2024-12-09,TSLA,547.57,577.24,524.81,554.2,110599261
2024-12-10,AAPL,250.32,256.89,244.49,251.04,69535112
2024-12-10,AMZN,243.66,252.91,238.36,247.52,28818188
2024-12-10,GOOGL,237.4,244.68,231.97,239.21,34410555
2024-12-10,MSFT,520.1,529.01,503.64,512.42,35312663
2024-12-10,TSLA,556.71,583.88,533.82,560.81,106598813
2024-12-11,AAPL,260.18,261.91,258.11,259.83,69737909
2024-12-11,AMZN,255.56,262.07,245.27,251.68,47854446
2024-12-11,GOOGL,239.51,244.06,231.9,236.4,29765580
2024-12-11,MSFT,521.41,538.41,505.2,522.17,23704809
2024-12-11,TSLA,548.94,570.63,534.61,556.11,78979044
2024-12-12,AAPL,256.33,264.53,250.12,258.28,37526586
2024-12-12,AMZN,254.6,258.7,247.71,251.77,27267683
2024-12-12,GOOGL,234.82,239.71,231.01,235.88,23266979
2024-12-12,MSFT,518.54,524.48,517.7,523.63,29592772
2024-12-12,TSLA,590.94,624.38,538.44,570.74,86563263
2024-12-13,AAPL,258.7,265.3,247.45,253.93,49099382
2024-12-13,AMZN,253.09,255.18,247.68,249.73,45926779
2024-12-13,GOOGL,237.67,244.82,228.45,235.53,26450476
2024-12-13,MSFT,504.57,513.35,497.84,506.59,17887385
2024-12-13,TSLA,616.61,649.94,583.24,616.57,106038784
2024-12-16,AAPL,243.61,251.23,239.62,247.18,109772288
2024-12-16,AMZN,253.58,259.14,248.08,253.64,50286406
2024-12-16,GOOGL,231.25,237.27,225.52,231.53,22395529
2024-12-16,MSFT,511.12,527.01,500.72,516.51,24469760
2024-12-16,TSLA,584.27,608.44,558.57,582.67,116753462
2024-12-17,AAPL,244.05,245.01,242.68,243.64,60033827
2024-12-17,AMZN,253.19,260.13,247.12,254.05,36766241
2024-12-17,GOOGL,225.85,230.17,221.4,225.72,26383155
2024-12-17,MSFT,498.34,505.8,491.78,499.23,20593753
2024-12-17,TSLA,565.71,588.07,536.59,558.66,53450249
2024-12-18,AAPL,247.73,251.71,239.39,243.3,76878083
2024-12-18,AMZN,242.46,248.6,236.34,242.48,76095681
2024-12-18,GOOGL,223.53,233.95,216.78,227.1,21283564
2024-12-18,MSFT,491.49,501.26,474.58,484.21,36545268
2024-12-18,TSLA,593.11,629.3,570.29,605.99,109920844
2024-12-19,AAPL,251.11,255.54,246.66,251.1,54426777
2024-12-19,AMZN,244.92,248.49,237.12,240.63,44751179
2024-12-19,GOOGL,228.66,236.82,223.23,231.32,54841388
2024-12-19,MSFT,482.82,490.88,469.77,477.75,40171588
2024-12-19,TSLA,617.53,629.09,594.55,605.9,84130784
2024-12-20,AAPL,247.92,251.46,244.81,248.35,31032577
2024-12-20,AMZN,237.36,242.1,233.28,238.01,56024251
2024-12-20,GOOGL,230.87,233.52,225.31,227.92,38397179
2024-12-20,MSFT,479.87,490.14,461.58,471.68,25517086
2024-12-20,TSLA,594.44,622.58,572.93,600.84,121725632
2024-12-23,AAPL,248.21,252.8,244.44,249.01,62233303
2024-12-23,AMZN,242.52,245.92,235.46,238.81,53416775
2024-12-23,GOOGL,226.17,230.47,222.22,226.52,26943377
2024-12-23,MSFT,486.43,491.89,479.02,484.46,22588732
2024-12-23,TSLA,608.5,630.43,568.36,589.62,51317213
2024-12-24,AAPL,248.19,255.12,241.67,248.59,60683925
2024-12-24,AMZN,238.68,242.96,234.78,239.05,39262395
2024-12-24,GOOGL,230.63,236.25,224.34,229.94,22313295
2024-12-24,MSFT,484.7,493.37,475.46,484.11,18802388
2024-12-24,TSLA,603.08,623.95,585.62,606.39,153075850
2024-12-25,AAPL,256.76,262.3,248.15,253.62,58501978
2024-12-25,AMZN,227.43,233.17,223.79,229.5,31168174
2024-12-25,GOOGL,237.98,244.89,226.97,233.76,18123426
2024-12-25,MSFT,491.39,505.2,481.87,495.6,83643785
2024-12-25,TSLA,666.38,687.54,633.71,654.49,73954176
2024-12-26,AAPL,259.64,268.36,256.27,264.92,63137086
2024-12-26,AMZN,217.87,226.69,214.0,222.73,37679075
2024-12-26,GOOGL,233.95,242.25,225.95,234.25,24376208
2024-12-26,MSFT,492.73,501.44,482.91,491.6,23783995
2024-12-26,TSLA,600.98,634.72,594.97,628.44,128961578
2024-12-27,AAPL,265.16,267.65,259.1,261.55,69294359
2024-12-27,AMZN,220.14,224.42,214.58,218.82,23100911
2024-12-27,GOOGL,235.15,240.33,230.41,235.59,29658493
2024-12-27,MSFT,494.61,503.96,485.83,495.16,24158985
2024-12-27,TSLA,603.62,630.77,589.45,616.3,93356865
2024-12-30,AAPL,255.22,262.73,251.07,258.53,62560599
2024-12-30,AMZN,221.52,226.33,214.98,219.75,34442948
2024-12-30,GOOGL,240.32,246.01,231.83,237.45,25854408
2024-12-30,MSFT,503.29,514.93,488.41,499.98,39407120
2024-12-30,TSLA,596.33,626.19,569.68,599.41,75556664
2024-12-31,AAPL,262.16,267.22,257.74,262.79,44459899
2024-12-31,AMZN,222.66,228.92,219.17,225.38,44505459
2024-12-31,GOOGL,240.17,244.09,236.22,240.14,24662733
2024-12-31,MSFT,501.78,510.88,497.55,506.61,25925209
2024-12-31,TSLA,584.48,638.25,553.4,606.02,101296457
2025-01-01,AAPL,264.23,270.74,258.77,265.25,72900502
2025-01-01,AMZN,221.74,226.21,213.97,218.36,36322929
2025-01-01,GOOGL,235.03,238.48,230.84,234.28,27659787
2025-01-01,MSFT,503.33,512.21,494.23,503.11,32106546
2025-01-01,TSLA,629.65,645.46,607.47,623.1,119441729
2025-01-02,AAPL,274.79,278.95,269.22,273.35,33322708
2025-01-02,AMZN,212.81,219.24,209.56,215.94,33995508
2025-01-02,GOOGL,245.24,247.67,240.42,242.82,27464309
2025-01-02,MSFT,493.79,505.91,488.44,500.48,28370727
2025-01-02,TSLA,652.68,676.78,625.16,649.13,58123260
2025-01-03,AAPL,271.15,280.82,265.52,275.11,31681691
2025-01-03,AMZN,218.05,220.22,214.29,216.44,39445113
2025-01-03,GOOGL,243.28,248.72,237.85,243.28,29408021
2025-01-03,MSFT,500.07,510.5,488.23,498.64,18513562
2025-01-03,TSLA,644.16,686.03,614.18,655.53,111662735
2025-01-06,AAPL,273.31,281.08,264.43,272.17,77011683
2025-01-06,AMZN,214.64,219.88,207.75,212.95,37306461
2025-01-06,GOOGL,247.9,254.74,239.18,245.96,29574539
2025-01-06,MSFT,488.34,494.55,479.37,485.55,15085837
2025-01-06,TSLA,703.47,724.45,682.69,703.66,94710760
2025-01-07,AAPL,279.0,285.25,267.87,274.01,73239079
2025-01-07,AMZN,216.56,220.2,210.54,214.15,47554931
2025-01-07,GOOGL,241.01,247.24,235.07,241.29,24446435
2025-01-07,MSFT,479.28,488.11,477.18,485.98,31412654
2025-01-07,TSLA,685.93,714.81,647.91,676.38,108704796
2025-01-08,AAPL,274.97,283.32,270.09,278.38,64067325
2025-01-08,AMZN,213.33,220.03,211.18,217.83,26732437
2025-01-08,GOOGL,241.94,246.9,234.67,239.59,24133785
2025-01-08,MSFT,478.42,494.09,468.38,483.93,39928773
2025-01-08,TSLA,621.31,667.39,599.78,645.05,95260664
2025-01-09,AAPL,281.72,286.51,276.45,281.24,42323961
2025-01-09,AMZN,217.48,222.82,209.8,215.07,45264675
2025-01-09,GOOGL,241.66,248.27,234.07,240.65,25005128
2025-01-09,MSFT,484.53,497.59,476.96,489.93,30204912
2025-01-09,TSLA,652.9,699.5,621.88,667.78,81418115
2025-01-10,AAPL,280.76,286.98,276.25,282.44,53496447
2025-01-10,AMZN,216.99,221.54,212.78,217.32,39538616
2025-01-10,GOOGL,230.84,240.09,222.14,231.36,28501690
2025-01-10,MSFT,490.98,500.97,481.74,491.72,32368631
2025-01-10,TSLA,654.95,673.0,640.84,658.81,68563322
2025-01-13,AAPL,287.59,294.6,279.51,286.49,60730365
2025-01-13,AMZN,216.73,222.69,211.56,217.51,44342781
2025-01-13,GOOGL,226.93,230.34,223.36,226.77,32007221
2025-01-13,MSFT,498.04,516.26,485.95,504.03,21667055
2025-01-13,TSLA,617.26,631.7,602.56,617.0,110975321
2025-01-14,AAPL,291.06,295.32,286.76,291.01,39066723
2025-01-14,AMZN,214.85,219.93,207.97,213.01,75801986
2025-01-14,GOOGL,217.72,224.4,216.54,223.18,22894540
2025-01-14,MSFT,511.19,520.85,495.73,505.27,35104260
2025-01-14,TSLA,600.26,623.67,577.48,600.87,110847709
2025-01-15,AAPL,294.9,302.02,289.52,296.61,52990784
2025-01-15,AMZN,215.35,218.39,210.2,213.2,48830463
2025-01-15,GOOGL,219.93,224.78,212.55,217.34,23976700
2025-01-15,MSFT,502.94,511.92,492.13,501.08,35017531
2025-01-15,TSLA,606.77,628.62,575.96,597.47,110728965
2025-01-16,AAPL,299.49,304.96,292.73,298.18,75600367
2025-01-16,AMZN,211.58,221.89,205.89,216.09,45430405
2025-01-16,GOOGL,215.04,223.54,209.34,217.77,19915907
2025-01-16,MSFT,504.88,513.34,493.9,502.32,23126610
2025-01-16,TSLA,580.55,600.52,555.93,575.74,105155412
2025-01-17,AAPL,300.15,304.74,290.83,295.35,88193712
2025-01-17,AMZN,220.35,225.49,218.27,223.38,56732075
2025-01-17,GOOGL,215.09,219.74,212.78,217.41,15654659
2025-01-17,MSFT,502.39,514.95,496.79,509.27,31817861
2025-01-17,TSLA,554.98,577.76,525.79,548.3,117436598
2025-01-20,AAPL,293.79,297.41,290.67,294.29,58184185
2025-01-20,AMZN,234.72,239.06,227.52,231.8,31672630
2025-01-20,GOOGL,222.69,229.26,217.12,223.66,17263540
2025-01-20,MSFT,500.1,508.05,486.8,494.66,15635075
2025-01-20,TSLA,524.84,551.49,511.6,537.92,128394145
2025-01-21,AAPL,300.86,306.8,293.02,298.92,77292935
2025-01-21,AMZN,230.52,234.69,225.23,229.38,34150238
2025-01-21,GOOGL,214.58,222.43,210.72,218.5,18726756
2025-01-21,MSFT,492.33,505.66,476.38,489.63,33067383
2025-01-21,TSLA,513.75,524.34,501.88,512.45,50435076
2025-01-22,AAPL,289.22,297.8,284.11,292.63,33896523
2025-01-22,AMZN,227.2,230.86,223.11,226.77,22158173
2025-01-22,GOOGL,220.5,225.36,214.64,219.48,20838947
2025-01-22,MSFT,482.17,492.3,474.89,484.98,23993076
2025-01-22,TSLA,516.08,534.3,500.72,518.87,39382310
2025-01-23,AAPL,290.32,298.91,284.31,292.84,147363717
2025-01-23,AMZN,225.08,233.97,218.62,227.44,31764016
2025-01-23,GOOGL,216.35,219.48,212.45,215.57,27874264
2025-01-23,MSFT,483.21,497.57,475.38,489.63,19410096
2025-01-23,TSLA,492.12,507.34,465.01,479.84,135801249
2025-01-24,AAPL,290.29,294.68,284.69,289.06,51935838
2025-01-24,AMZN,226.35,231.54,220.15,225.31,54343041
2025-01-24,GOOGL,207.32,211.28,204.39,208.33,18304132
2025-01-24,MSFT,494.85,506.77,483.27,495.17,30818479
2025-01-24,TSLA,479.09,494.43,462.33,477.63,131940115
2025-01-27,AAPL,291.47,298.63,280.55,287.62,69994366
2025-01-27,AMZN,234.63,237.48,228.86,231.66,42950628
2025-01-27,GOOGL,209.63,213.88,206.82,211.06,25110520
2025-01-27,MSFT,495.03,501.55,490.51,497.0,15597890
2025-01-27,TSLA,477.04,506.01,453.98,482.69,69201721
2025-01-28,AAPL,293.69,297.58,288.87,292.75,60974023
2025-01-28,AMZN,238.16,241.27,229.47,232.51,32736430
2025-01-28,GOOGL,212.61,219.23,207.5,214.09,30236506
2025-01-28,MSFT,475.67,487.02,466.08,477.39,30396895
2025-01-28,TSLA,484.47,505.35,456.78,477.35,88169160
2025-01-29,AAPL,291.22,300.0,283.29,292.04,86456727
2025-01-29,AMZN,232.24,241.16,224.21,233.1,41330913
2025-01-29,GOOGL,217.9,221.44,213.05,216.57,19813395
2025-01-29,MSFT,462.82,469.76,458.71,465.62,20074046
2025-01-29,TSLA,497.07,517.25,472.23,492.21,55718175
2025-01-30,AAPL,290.6,293.1,288.12,290.61,50790420
2025-01-30,AMZN,238.77,243.07,232.34,236.59,39384495
2025-01-30,GOOGL,207.6,215.53,203.11,210.96,21925751
2025-01-30,MSFT,468.38,477.3,456.66,465.53,18576067
2025-01-30,TSLA,458.5,482.55,441.38,465.18,85937315
2025-01-31,AAPL,278.82,287.73,273.15,281.99,75198602
2025-01-31,AMZN,242.24,246.11,233.81,237.61,20908688
2025-01-31,GOOGL,210.65,215.78,206.4,211.51,16749633
2025-01-31,MSFT,453.13,471.2,445.48,463.38,28418970
2025-01-31,TSLA,448.08,464.55,434.44,450.83,174208088
2025-02-03,AAPL,286.02,291.9,278.62,284.47,60458003
2025-02-03,AMZN,235.69,246.1,229.02,239.33,22718430
2025-02-03,GOOGL,210.96,217.01,208.24,214.24,19046755
2025-02-03,MSFT,470.95,480.43,455.94,465.3,53936432
2025-02-03,TSLA,440.48,454.58,429.01,443.05,89458154
2025-02-04,AAPL,288.65,292.61,282.45,286.38,62427535
2025-02-04,AMZN,245.35,247.76,238.44,240.81,51067746
2025-02-04,GOOGL,220.14,224.65,213.99,218.46,33562104
2025-02-04,MSFT,467.36,472.89,457.94,463.42,38197526
2025-02-04,TSLA,461.54,471.89,441.7,451.83,101646230
2025-02-05,AAPL,295.02,302.24,289.04,296.23,62012374
2025-02-05,AMZN,240.69,247.85,233.04,240.18,96785299
2025-02-05,GOOGL,220.46,225.95,215.74,221.21,28156199
2025-02-05,MSFT,478.45,485.28,470.78,477.6,19006391
2025-02-05,TSLA,454.23,466.82,440.08,452.62,86840967
2025-02-06,AAPL,291.56,300.09,284.3,292.8,51257812
2025-02-06,AMZN,235.99,239.76,232.03,235.8,25154700
2025-02-06,GOOGL,226.65,232.63,219.47,225.42,38434719
2025-02-06,MSFT,460.24,470.19,450.85,460.8,37625381
2025-02-06,TSLA,491.16,508.13,468.24,484.99,85641376
2025-02-07,AAPL,292.97,294.73,290.5,292.27,64770891
2025-02-07,AMZN,243.55,250.88,237.65,244.94,38731332
2025-02-07,GOOGL,232.93,239.67,223.39,230.05,20393739
2025-02-07,MSFT,469.45,476.21,458.47,465.17,20036487
2025-02-07,TSLA,463.71,478.45,453.11,467.75,101127400
2025-02-10,AAPL,290.77,297.97,284.75,291.92,63981966
2025-02-10,AMZN,239.41,244.65,235.1,240.33,32842951
2025-02-10,GOOGL,233.08,236.32,226.97,230.17,34427644
2025-02-10,MSFT,473.49,483.54,463.62,473.66,34436096
2025-02-10,TSLA,444.99,461.36,426.13,442.4,119801930
2025-02-11,AAPL,298.46,299.99,297.11,298.64,68920154
2025-02-11,AMZN,247.02,251.72,244.28,248.96,50888377
2025-02-11,GOOGL,229.73,237.24,224.65,232.11,20444856
2025-02-11,MSFT,479.89,489.72,471.22,481.03,35742647
2025-02-11,TSLA,479.22,495.01,453.09,468.53,280669623
2025-02-12,AAPL,301.85,305.71,292.47,296.26,66373208
2025-02-12,AMZN,248.13,256.18,242.64,250.64,44475691
2025-02-12,GOOGL,237.09,238.68,234.78,236.36,21867665
2025-02-12,MSFT,493.73,501.0,481.8,489.0,30250211
2025-02-12,TSLA,439.77,456.21,426.21,442.57,264157378
2025-02-13,AAPL,295.29,303.88,287.38,295.95,77967411
2025-02-13,AMZN,248.5,255.2,240.66,247.33,28953950
2025-02-13,GOOGL,240.31,246.35,231.68,237.65,42014443
2025-02-13,MSFT,506.94,514.75,490.41,498.08,22463322
2025-02-13,TSLA,451.83,473.16,429.64,450.92,138341117
2025-02-14,AAPL,296.46,301.84,292.06,297.42,80007015
2025-02-14,AMZN,253.09,254.66,248.61,250.17,41202408
2025-02-14,GOOGL,244.5,251.0,236.35,242.81,19780898
2025-02-14,MSFT,489.92,502.41,481.59,494.0,17339318
2025-02-14,TSLA,422.9,437.21,419.02,433.24,115821787
2025-02-17,AAPL,294.87,300.06,291.43,296.6,47927371
2025-02-17,AMZN,251.39,257.67,247.94,254.19,39588892
2025-02-17,GOOGL,248.28,249.26,245.34,246.32,34916677
2025-02-17,MSFT,487.71,495.45,478.24,485.96,14337564
2025-02-17,TSLA,395.77,413.56,383.51,401.14,123139485
2025-02-18,AAPL,294.41,299.4,287.5,292.45,79117553
2025-02-18,AMZN,261.33,270.83,253.81,263.25,39616280
2025-02-18,GOOGL,238.04,246.71,233.76,242.36,24800055
2025-02-18,MSFT,466.41,480.52,456.75,470.76,40966036
2025-02-18,TSLA,392.72,399.1,388.68,395.03,65046303
2025-02-19,AAPL,291.36,300.35,282.87,291.84,45722033
2025-02-19,AMZN,256.24,262.26,249.55,255.55,34898806
2025-02-19,GOOGL,236.99,240.46,231.95,235.39,18269129
2025-02-19,MSFT,471.64,478.77,462.55,469.64,25922015
2025-02-19,TSLA,399.4,422.21,384.42,406.95,81289413
2025-02-20,AAPL,294.17,298.3,291.78,295.9,74552658
2025-02-20,AMZN,251.53,260.6,245.51,254.51,40248253
2025-02-20,GOOGL,233.11,239.19,228.92,234.97,16058128
2025-02-20,MSFT,462.2,471.83,455.69,465.28,20267327
2025-02-20,TSLA,397.89,415.0,372.17,388.89,129309344
2025-02-21,AAPL,292.2,295.8,285.21,288.77,75070755
2025-02-21,AMZN,262.38,269.43,254.68,261.71,31492301
2025-02-21,GOOGL,230.53,234.39,225.17,229.01,25657397
2025-02-21,MSFT,481.45,491.87,466.23,476.54,19997875
2025-02-21,TSLA,390.5,404.56,382.37,396.31,83092526
2025-02-24,AAPL,291.65,299.26,280.46,287.97,33941100
2025-02-24,AMZN,264.61,271.71,258.27,265.36,28121920
2025-02-24,GOOGL,230.56,235.11,224.57,229.09,17978060
2025-02-24,MSFT,475.46,482.93,468.4,475.87,29175036
2025-02-24,TSLA,411.89,421.02,397.29,406.3,50056525
2025-02-25,AAPL,281.4,290.86,273.51,282.93,66510912
2025-02-25,AMZN,262.88,273.35,257.12,267.48,27534525
2025-02-25,GOOGL,230.1,236.07,222.82,228.75,23152844
2025-02-25,MSFT,469.44,476.13,462.58,469.26,25236035
2025-02-25,TSLA,388.89,395.56,380.96,387.62,89564000
2025-02-26,AAPL,282.94,292.79,278.0,287.77,57386938
2025-02-26,AMZN,276.6,284.36,267.52,275.24,29508953
2025-02-26,GOOGL,234.23,238.74,229.99,234.49,13096721
2025-02-26,MSFT,468.1,470.13,459.71,461.7,14564951
2025-02-26,TSLA,384.31,398.02,370.41,384.11,47961415
2025-02-27,AAPL,281.12,284.3,275.44,278.59,52670064
2025-02-27,AMZN,271.69,278.37,266.65,273.3,44222831
2025-02-27,GOOGL,239.52,242.89,233.08,236.4,27215076
2025-02-27,MSFT,476.73,485.34,471.16,479.72,34051784
2025-02-27,TSLA,416.11,429.18,392.82,405.56,148953545
2025-02-28,AAPL,273.0,282.75,265.0,274.69,86951350
2025-02-28,AMZN,261.87,267.34,253.67,259.08,44494718
2025-02-28,GOOGL,241.77,246.32,236.02,240.54,15359718
2025-02-28,MSFT,483.95,490.11,475.03,481.15,30344884
2025-02-28,TSLA,397.51,427.16,384.76,413.88,81058075
2025-03-03,AAPL,277.53,284.92,268.24,275.57,54377713
2025-03-03,AMZN,256.19,263.45,249.48,256.72,54605252
2025-03-03,GOOGL,238.32,242.72,233.16,237.55,24624465
2025-03-03,MSFT,473.79,483.14,467.04,476.36,40879376
2025-03-03,TSLA,407.45,421.59,394.77,408.86,283022370
2025-03-04,AAPL,277.4,288.53,271.39,282.41,51896374
2025-03-04,AMZN,265.49,271.82,261.19,267.49,37715309
2025-03-04,GOOGL,242.08,249.13,237.37,244.37,16351290
2025-03-04,MSFT,483.95,490.4,472.7,479.08,35985540
2025-03-04,TSLA,405.91,423.98,395.85,413.73,119323855
2025-03-05,AAPL,283.1,286.95,277.02,280.84,66230042
2025-03-05,AMZN,268.44,276.58,260.39,268.53,47014091
2025-03-05,GOOGL,248.97,253.01,243.96,247.99,32661744
2025-03-05,MSFT,504.03,515.12,485.56,496.49,8400000
2025-03-05,TSLA,388.88,421.59,370.65,402.7,111485728
2025-03-06,AAPL,273.86,281.79,269.01,276.88,76140833
2025-03-06,AMZN,266.6,272.69,257.16,263.17,40470626
2025-03-06,GOOGL,254.16,259.79,243.7,249.22,11813076
2025-03-06,MSFT,493.28,500.84,486.85,494.39,37918817
2025-03-06,TSLA,409.05,433.61,393.57,417.79,66991036
2025-03-07,AAPL,287.22,292.14,280.45,285.34,62698210
2025-03-07,AMZN,275.37,279.16,266.43,270.15,42995982
2025-03-07,GOOGL,236.16,246.14,229.6,239.49,23231593
2025-03-07,MSFT,492.11,508.2,485.5,501.46,36452438
2025-03-07,TSLA,433.09,442.86,423.19,432.96,204747995
2025-03-10,AAPL,276.75,282.22,271.24,276.71,83953521
2025-03-10,AMZN,275.97,281.43,268.84,274.26,48083674
2025-03-10,GOOGL,246.37,249.42,241.56,244.59,28496301
2025-03-10,MSFT,509.77,521.89,500.7,512.77,22845390
2025-03-10,TSLA,427.41,444.87,415.59,432.9,96813920
2025-03-11,AAPL,262.71,271.83,255.92,264.99,73628354
2025-03-11,AMZN,272.57,277.63,269.23,274.27,45820470
2025-03-11,GOOGL,254.79,260.57,246.89,252.63,55428763
2025-03-11,MSFT,507.55,513.33,491.61,497.27,24971969
2025-03-11,TSLA,441.34,452.75,423.29,434.52,88772580
2025-03-12,AAPL,265.48,272.51,259.44,266.45,29604066
2025-03-12,AMZN,276.91,282.88,270.85,276.82,41084399
2025-03-12,GOOGL,256.0,262.59,245.17,251.65,17207309
2025-03-12,MSFT,490.61,505.41,478.36,493.09,30882075
2025-03-12,TSLA,416.17,438.52,395.46,417.74,88604238
2025-03-13,AAPL,265.01,268.24,260.17,263.38,56396161
2025-03-13,AMZN,269.79,275.1,264.77,270.07,33864240
2025-03-13,GOOGL,252.64,257.04,246.46,250.82,14126591
2025-03-13,MSFT,510.99,521.77,492.8,503.41,20900494
2025-03-13,TSLA,394.88,414.0,378.11,397.14,54084846
2025-03-14,AAPL,258.27,264.84,251.46,258.02,55870065
2025-03-14,AMZN,266.92,271.5,262.77,267.34,42757984
2025-03-14,GOOGL,247.32,254.12,240.49,247.29,29883696
2025-03-14,MSFT,495.93,504.0,490.45,498.5,26300897
2025-03-14,TSLA,389.07,404.44,375.97,391.26,67622563
2025-03-17,AAPL,262.3,267.46,255.79,260.93,72789615
2025-03-17,AMZN,265.68,268.99,263.08,266.39,53643011
2025-03-17,GOOGL,239.55,244.25,233.86,238.54,24227049
2025-03-17,MSFT,500.53,514.38,489.43,503.23,35000262
2025-03-17,TSLA,388.9,410.19,368.32,389.57,85430178
2025-03-18,AAPL,266.24,272.02,255.9,261.58,22346722
2025-03-18,AMZN,269.28,276.39,264.97,272.03,41753323
2025-03-18,GOOGL,234.7,238.45,231.59,235.33,18301762
2025-03-18,MSFT,501.13,512.77,486.27,497.83,31624095
2025-03-18,TSLA,400.93,424.18,380.78,403.88,28500000
2025-03-19,AAPL,254.8,265.14,248.2,258.44,106421407
2025-03-19,AMZN,270.94,276.32,262.86,268.19,36046590
2025-03-19,GOOGL,245.78,248.82,239.81,242.82,30111232
2025-03-19,MSFT,498.07,503.64,489.76,495.3,23332506
2025-03-19,TSLA,410.02,429.78,396.66,416.22,110215302
2025-03-20,AAPL,255.83,258.9,249.13,252.16,73629174
2025-03-20,AMZN,269.85,274.89,262.45,267.44,48214003
2025-03-20,GOOGL,243.59,253.53,237.57,247.42,21483111
2025-03-20,MSFT,495.4,500.88,486.4,491.84,35159323
2025-03-20,TSLA,424.86,437.9,404.82,417.63,62398871
2025-03-21,AAPL,256.19,260.75,251.39,255.94,67419248
2025-03-21,AMZN,275.12,278.44,271.74,275.06,26148766
2025-03-21,GOOGL,241.63,248.68,235.79,242.81,20891364
2025-03-21,MSFT,498.63,505.56,491.69,498.61,30120266
2025-03-21,TSLA,429.28,447.56,415.89,434.02,111312405
2025-03-24,AAPL,256.55,262.55,252.66,258.64,84200475
2025-03-24,AMZN,292.98,299.18,283.05,289.16,36400464
2025-03-24,GOOGL,240.42,247.49,232.32,239.35,19583258
2025-03-24,MSFT,505.97,510.92,496.66,501.56,29880938
2025-03-24,TSLA,415.31,428.57,404.93,418.12,109224255
2025-03-25,AAPL,254.7,260.24,252.27,257.78,103084378
2025-03-25,AMZN,284.41,288.61,278.47,282.65,30192250
2025-03-25,GOOGL,252.13,258.19,243.23,249.21,20253391
2025-03-25,MSFT,507.68,514.29,497.01,503.57,24395473
2025-03-25,TSLA,436.05,459.26,409.77,432.8,82087290
2025-03-26,AAPL,265.66,271.41,260.38,266.12,79149632
2025-03-26,AMZN,279.11,289.99,271.62,282.42,38785138
2025-03-26,GOOGL,243.29,248.04,238.57,243.32,20028128
2025-03-26,MSFT,531.8,539.76,518.78,526.66,27954230
2025-03-26,TSLA,421.56,431.86,408.98,419.22,118763022
2025-03-27,AAPL,262.59,270.87,252.21,260.43,80418212
2025-03-27,AMZN,271.58,280.15,264.05,272.59,52464800
2025-03-27,GOOGL,237.32,244.67,231.89,239.19,27051919
2025-03-27,MSFT,540.07,553.57,529.5,542.95,22581359
2025-03-27,TSLA,429.57,455.65,410.62,436.4,112650936
2025-03-28,AAPL,252.65,254.98,250.62,252.94,67123712
2025-03-28,AMZN,276.01,281.36,266.52,271.79,46408796
2025-03-28,GOOGL,236.11,241.45,231.29,236.61,34691476
2025-03-28,MSFT,529.57,538.79,515.82,524.96,14416138
2025-03-28,TSLA,440.0,458.59,415.92,434.26,87662165
2025-03-31,AAPL,253.01,257.52,245.16,249.61,62700206
2025-03-31,AMZN,268.43,277.78,260.12,269.45,21320428
2025-03-31,GOOGL,228.98,233.97,224.86,229.83,48080511
2025-03-31,MSFT,519.23,530.02,510.8,521.54,26041454
2025-03-31,TSLA,406.99,419.94,390.38,403.2,84983209
2025-04-01,AAPL,246.05,254.66,240.77,249.31,57268324
2025-04-01,AMZN,273.98,281.54,268.47,275.99,33812858
2025-04-01,GOOGL,226.41,230.93,222.62,227.13,22868708
2025-04-01,MSFT,543.45,552.08,535.55,544.17,27144934
2025-04-01,TSLA,414.08,436.44,390.5,412.79,121059278
2025-04-02,AAPL,250.29,254.99,245.62,250.32,51575680
2025-04-02,AMZN,270.51,273.97,265.03,268.47,25009352
2025-04-02,GOOGL,223.65,226.79,221.49,224.62,23974667
2025-04-02,MSFT,538.06,544.43,532.5,538.87,28961021
2025-04-02,TSLA,420.3,431.39,412.47,423.5,100510328
2025-04-03,AAPL,246.32,253.46,242.03,249.13,53836020
2025-04-03,AMZN,259.86,268.05,252.47,260.63,50582891
2025-04-03,GOOGL,219.58,223.96,216.16,220.54,27903517
2025-04-03,MSFT,553.76,569.67,542.67,558.5,36485082
2025-04-03,TSLA,412.38,429.52,398.29,415.33,119811557
2025-04-04,AAPL,251.46,254.22,247.88,250.64,43053465
2025-04-04,AMZN,270.34,278.77,260.38,268.76,34175328
2025-04-04,GOOGL,222.64,231.03,218.21,226.53,31177019
2025-04-04,MSFT,545.86,565.06,535.0,554.03,23434006
2025-04-04,TSLA,407.34,420.99,395.18,408.79,38261865
2025-04-07,AAPL,246.9,251.65,240.23,244.94,63767088
2025-04-07,AMZN,264.54,271.86,257.33,264.64,40758928
2025-04-07,GOOGL,221.84,222.68,220.35,221.18,24003986
2025-04-07,MSFT,557.29,565.01,543.91,551.55,25425735
2025-04-07,TSLA,396.79,423.82,378.9,405.53,97339021
2025-04-08,AAPL,250.51,254.96,247.02,251.46,37624151
2025-04-08,AMZN,263.08,269.6,258.83,265.3,41240424
2025-04-08,GOOGL,222.08,225.84,216.86,220.59,21018205
2025-04-08,MSFT,556.16,565.87,549.83,559.5,33363243
2025-04-08,TSLA,378.03,392.94,363.4,378.29,57536534
2025-04-09,AAPL,245.07,252.51,243.56,250.96,68102393
2025-04-09,AMZN,264.56,270.02,261.06,266.5,42058551
2025-04-09,GOOGL,220.07,225.68,211.29,216.82,28612941
2025-04-09,MSFT,556.93,572.13,543.05,558.21,22732345
2025-04-09,TSLA,353.66,359.62,342.35,348.22,94387522
2025-04-10,AAPL,256.4,262.67,249.68,255.94,64409627
2025-04-10,AMZN,257.01,266.56,252.18,261.65,12000000
2025-04-10,GOOGL,217.94,224.06,210.02,216.09,14749389
2025-04-10,MSFT,559.05,572.81,548.84,562.54,29076246
2025-04-10,TSLA,370.95,388.76,347.8,365.34,111953229
2025-04-11,AAPL,258.28,264.26,251.3,257.26,67387698
2025-04-11,AMZN,254.05,266.44,244.75,257.04,43611274
2025-04-11,GOOGL,214.05,217.65,208.75,212.33,11600029
2025-04-11,MSFT,576.03,588.27,565.07,577.28,25142025
2025-04-11,TSLA,352.95,369.56,338.79,355.31,136304578
2025-04-14,AAPL,260.03,264.78,254.35,259.09,56515361
2025-04-14,AMZN,264.74,268.34,259.43,263.0,34515369
2025-04-14,GOOGL,213.59,217.14,209.43,212.96,41189840
2025-04-14,MSFT,581.3,595.04,570.11,583.81,26294629
2025-04-14,TSLA,386.93,396.27,370.69,379.86,72718540
2025-04-15,AAPL,264.31,269.4,256.38,261.41,114998981
2025-04-15,AMZN,269.77,276.83,259.43,266.4,48458011
2025-04-15,GOOGL,210.85,218.0,207.55,214.64,19950761
2025-04-15,MSFT,590.41,596.82,577.71,584.06,33307014
2025-04-15,TSLA,411.76,424.66,385.98,398.47,82514510
2025-04-16,AAPL,260.56,269.36,254.36,263.1,87101883
2025-04-16,AMZN,264.14,271.27,258.75,265.85,42027612
2025-04-16,GOOGL,221.62,225.31,217.32,221.0,22414216
2025-04-16,MSFT,596.72,614.51,582.01,599.73,25385828
2025-04-16,TSLA,417.95,429.25,409.03,420.28,92731093
2025-04-17,AAPL,267.31,272.45,260.58,265.69,44776184
2025-04-17,AMZN,260.82,271.77,253.79,264.64,46316983
2025-04-17,GOOGL,218.73,224.6,212.61,218.48,28398849
2025-04-17,MSFT,615.91,625.11,597.99,607.06,33535208
2025-04-17,TSLA,414.48,428.25,395.93,409.53,71854886
2025-04-18,AAPL,274.48,280.76,265.35,271.56,68784106
2025-04-18,AMZN,269.18,272.69,262.53,266.0,32718350
2025-04-18,GOOGL,228.14,234.94,219.09,225.82,27168714
2025-04-18,MSFT,603.47,616.26,585.02,597.68,14332968
2025-04-18,TSLA,370.91,400.32,357.34,386.2,118240793
2025-04-21,AAPL,267.44,276.24,263.05,271.79,132933130
2025-04-21,AMZN,270.98,276.25,262.5,267.7,28710813
2025-04-21,GOOGL,223.39,225.6,219.94,222.13,30532739
2025-04-21,MSFT,614.04,631.6,599.04,616.53,17992697
2025-04-21,TSLA,363.38,383.26,351.94,371.56,93335254
2025-04-22,AAPL,275.32,282.23,267.65,274.53,48514704
2025-04-22,AMZN,276.46,280.7,270.17,274.38,48903493
2025-04-22,GOOGL,220.84,224.47,217.49,221.12,30860185
2025-04-22,MSFT,622.79,633.64,610.29,621.11,11772599
2025-04-22,TSLA,366.6,377.7,354.94,366.02,97896479
2025-04-23,AAPL,272.03,278.66,266.66,273.27,43223828
2025-04-23,AMZN,269.39,277.86,265.16,273.56,45634045
2025-04-23,GOOGL,233.63,235.69,227.13,229.15,15984659
2025-04-23,MSFT,619.27,626.07,609.78,616.55,19839605
2025-04-23,TSLA,331.25,343.29,325.27,337.19,276528437
2025-04-24,AAPL,279.45,284.98,274.13,279.65,72023521
2025-04-24,AMZN,276.93,284.03,268.38,275.44,42222144
2025-04-24,GOOGL,244.73,249.59,237.86,242.67,32933004
2025-04-24,MSFT,597.9,600.46,591.11,593.65,40997905
2025-04-24,TSLA,344.67,357.96,319.97,332.8,93296851
2025-04-25,AAPL,276.16,279.24,272.23,275.3,53927571
2025-04-25,AMZN,280.51,284.42,275.0,278.89,123268330
2025-04-25,GOOGL,251.24,255.53,246.12,250.39,28191936
2025-04-25,MSFT,583.18,592.98,568.83,578.55,27877248
2025-04-25,TSLA,335.23,340.19,326.85,331.76,75583445
2025-04-28,AAPL,282.27,289.05,276.75,283.51,80727172
2025-04-28,AMZN,285.06,291.56,275.94,282.39,44206276
2025-04-28,GOOGL,249.58,255.11,242.94,248.45,27362597
2025-04-28,MSFT,595.54,606.42,583.73,594.6,22950880
2025-04-28,TSLA,323.72,335.16,307.1,318.34,93503269
2025-04-29,AAPL,280.49,286.01,276.7,282.2,81148960
2025-04-29,AMZN,290.6,296.81,283.95,290.14,27077409
2025-04-29,GOOGL,250.4,256.4,244.24,250.24,27640738
2025-04-29,MSFT,606.05,619.58,597.54,611.01,33479647
2025-04-29,TSLA,308.42,313.55,303.46,308.58,74665692
2025-04-30,AAPL,274.08,278.07,270.01,274.0,87326108
2025-04-30,AMZN,286.59,293.19,282.29,288.86,50755679
2025-04-30,GOOGL,252.89,258.79,246.96,252.85,11048191
2025-04-30,MSFT,613.29,624.14,599.18,609.97,34468077
2025-04-30,TSLA,302.71,319.07,291.95,308.12,97564546
2025-05-01,AAPL,271.17,277.58,267.49,273.85,127990097
2025-05-01,AMZN,283.1,288.96,278.47,284.31,38459442
2025-05-01,GOOGL,248.19,256.26,245.68,253.69,23687981
2025-05-01,MSFT,588.88,601.39,577.57,590.06,19454065
2025-05-01,TSLA,311.1,324.92,300.23,313.95,118677270
2025-05-02,AAPL,267.12,273.06,263.85,269.76,72724691
2025-05-02,AMZN,284.67,291.25,274.7,281.19,38744623
2025-05-02,GOOGL,245.45,252.64,240.58,247.72,18958903
2025-05-02,MSFT,564.36,590.82,551.9,578.06,45487400
2025-05-02,TSLA,307.42,319.48,294.05,306.06,67094265
2025-05-05,AAPL,274.9,283.0,265.18,273.23,75277381
2025-05-05,AMZN,285.24,291.18,278.18,284.11,35818843
2025-05-05,GOOGL,246.81,250.59,244.39,248.16,18058665
2025-05-05,MSFT,563.38,572.3,552.63,561.52,29934315
2025-05-05,TSLA,307.75,324.94,294.19,311.22,58606188
2025-05-06,AAPL,266.52,276.09,259.81,269.31,57294604
2025-05-06,AMZN,278.6,288.48,272.69,282.48,15304461
2025-05-06,GOOGL,246.03,253.52,237.48,244.93,21950764
2025-05-06,MSFT,542.19,554.74,533.1,545.59,30816463
2025-05-06,TSLA,318.3,332.94,300.13,314.6,96169685
2025-05-07,AAPL,268.15,275.75,258.99,266.55,52458705
2025-05-07,AMZN,300.71,306.58,289.64,295.42,45751970
2025-05-07,GOOGL,235.66,243.9,231.44,239.61,30159075
2025-05-07,MSFT,562.71,574.0,553.65,564.91,31480632
2025-05-07,TSLA,320.87,326.67,311.19,316.92,76764759
2025-05-08,AAPL,258.21,261.15,254.21,257.14,91154710
2025-05-08,AMZN,297.71,303.4,288.51,294.14,30016116
2025-05-08,GOOGL,236.44,240.48,233.65,237.67,26794957
2025-05-08,MSFT,584.67,594.71,574.6,584.64,31465965
2025-05-08,TSLA,311.5,322.22,300.77,311.48,95753950
2025-05-09,AAPL,250.88,259.52,246.27,254.84,68696807
2025-05-09,AMZN,292.03,298.13,281.03,287.02,41080582
2025-05-09,GOOGL,237.24,242.78,233.27,238.79,27734216
2025-05-09,MSFT,565.06,580.86,556.94,572.62,23649686
2025-05-09,TSLA,289.52,315.85,273.27,299.07,102609583
2025-05-12,AAPL,242.33,246.51,239.67,243.82,75334475
2025-05-12,AMZN,291.34,300.1,279.25,287.91,31797882
2025-05-12,GOOGL,243.47,248.65,238.02,243.19,22210420
2025-05-12,MSFT,572.61,580.83,563.72,571.93,42787635
2025-05-12,TSLA,329.27,341.21,308.09,319.68,44087452
2025-05-13,AAPL,239.7,243.12,233.78,237.15,51641264
2025-05-13,AMZN,293.36,303.46,286.22,296.25,36564742
2025-05-13,GOOGL,242.49,248.41,235.51,241.4,27351861
2025-05-13,MSFT,557.51,567.22,549.32,559.01,26003680
2025-05-13,TSLA,327.31,337.16,318.71,328.53,111383923
2025-05-14,AAPL,238.69,243.96,235.57,240.81,45186627
2025-05-14,AMZN,290.88,296.75,284.03,289.88,36008469
2025-05-14,GOOGL,238.97,247.21,232.33,240.53,47165094
2025-05-14,MSFT,554.53,568.64,544.66,558.69,34702624
2025-05-14,TSLA,358.03,370.26,330.14,341.82,67220373
2025-05-15,AAPL,243.51,250.57,237.5,244.53,55746441
2025-05-15,AMZN,285.46,289.51,279.64,283.66,31566581
2025-05-15,GOOGL,242.55,248.92,237.61,243.95,30932022
2025-05-15,MSFT,574.55,581.84,567.04,574.33,24675457
2025-05-15,TSLA,345.85,356.56,331.35,341.94,94469236
2025-05-16,AAPL,247.62,251.55,242.69,246.6,62984652
2025-05-16,AMZN,277.65,286.8,272.56,281.63,37741041
2025-05-16,GOOGL,242.07,248.11,237.71,243.72,29347872
2025-05-16,MSFT,575.93,592.91,567.46,584.32,23434134
2025-05-16,TSLA,339.85,348.83,332.15,341.1,79339669
2025-05-19,AAPL,244.17,249.98,236.7,242.47,47706424
2025-05-19,AMZN,273.58,281.2,269.42,276.99,35190899
2025-05-19,GOOGL,244.07,250.93,238.18,245.03,25998860
2025-05-19,MSFT,591.86,607.38,575.96,591.48,41313052
2025-05-19,TSLA,350.91,366.39,332.82,348.18,81891020
2025-05-20,AAPL,241.96,247.66,236.81,242.51,64840021
2025-05-20,AMZN,270.66,274.99,264.28,268.57,29595351
2025-05-20,GOOGL,244.68,250.67,238.82,244.81,19991917
2025-05-20,MSFT,590.74,603.49,575.7,588.39,27241402
2025-05-20,TSLA,315.86,340.89,302.86,327.43,135231501
2025-05-21,AAPL,241.44,250.13,234.09,242.74,37561790
2025-05-21,AMZN,261.85,264.26,257.21,259.61,51728707
2025-05-21,GOOGL,248.44,253.58,240.13,245.21,26706186
2025-05-21,MSFT,601.65,608.94,592.82,600.1,27761249
2025-05-21,TSLA,322.04,328.79,309.72,316.35,102582603
2025-05-22,AAPL,241.02,243.44,235.6,237.98,104418758
2025-05-22,AMZN,267.22,272.81,255.28,260.73,31985595
2025-05-22,GOOGL,236.97,245.34,231.08,239.39,26515329
2025-05-22,MSFT,609.38,622.42,592.36,605.32,29985320
2025-05-22,TSLA,323.29,334.29,298.86,309.39,116486349
2025-05-23,AAPL,248.74,254.91,238.83,244.91,75902307
2025-05-23,AMZN,263.78,273.5,254.81,264.5,45620740
2025-05-23,GOOGL,243.76,247.74,235.65,239.57,25745837
2025-05-23,MSFT,613.95,626.35,595.64,607.92,46212393
2025-05-23,TSLA,295.24,315.34,286.66,306.44,98584857
2025-05-26,AAPL,251.19,257.27,242.98,249.0,74811595
2025-05-26,AMZN,255.76,266.15,250.07,260.36,46682386
2025-05-26,GOOGL,243.05,250.97,238.22,246.08,22025855
2025-05-26,MSFT,604.69,615.07,594.73,605.11,43181328
2025-05-26,TSLA,297.62,304.57,292.21,299.13,109725322
2025-05-27,AAPL,248.28,251.44,244.93,248.09,58632002
2025-05-27,AMZN,259.41,266.47,252.77,259.82,119781076
2025-05-27,GOOGL,248.65,250.59,244.38,246.3,20909112
2025-05-27,MSFT,612.51,620.71,598.73,606.86,36986478
2025-05-27,TSLA,304.31,311.01,298.18,304.87,104912736
2025-05-28,AAPL,246.51,254.14,240.73,248.32,48461329
2025-05-28,AMZN,263.01,270.12,253.65,260.7,34545154
2025-05-28,GOOGL,240.47,248.46,233.65,241.62,27014814
2025-05-28,MSFT,607.82,616.05,600.03,608.26,47975358
2025-05-28,TSLA,312.55,319.33,301.15,307.83,101043333
2025-05-29,AAPL,247.49,254.3,242.59,249.36,48304692
2025-05-29,AMZN,253.6,259.46,248.73,254.57,38012604
2025-05-29,GOOGL,246.12,252.61,241.92,248.38,19639408
2025-05-29,MSFT,597.52,612.0,586.68,601.09,21387962
2025-05-29,TSLA,337.32,348.92,314.14,325.33,121294952
2025-05-30,AAPL,241.56,245.61,236.4,240.43,58934391
2025-05-30,AMZN,259.52,264.61,254.15,259.24,38321583
2025-05-30,GOOGL,254.61,261.83,244.17,251.3,23426435
2025-05-30,MSFT,589.91,599.39,582.42,591.88,32591187
2025-05-30,TSLA,358.88,369.71,345.73,356.49,98717004
2025-06-02,AAPL,240.61,243.87,236.46,239.71,75473425
2025-06-02,AMZN,258.54,263.47,255.39,260.3,45272144
2025-06-02,GOOGL,254.61,258.7,250.31,254.4,28667924
2025-06-02,MSFT,582.21,595.37,567.77,580.89,28530760
2025-06-02,TSLA,354.62,363.46,333.29,341.81,149272278
2025-06-03,AAPL,240.13,243.52,233.8,237.14,80083992
2025-06-03,AMZN,266.34,272.27,257.2,263.05,37576266
2025-06-03,GOOGL,257.42,263.04,251.7,257.31,27759300
2025-06-03,MSFT,576.33,590.19,557.33,571.06,15616385
2025-06-03,TSLA,345.79,356.47,334.11,344.76,117812624
2025-06-04,AAPL,234.71,241.53,226.56,233.34,56931359
2025-06-04,AMZN,268.7,274.44,260.93,266.62,44584798
2025-06-04,GOOGL,249.94,255.73,244.86,250.64,17767079
2025-06-04,MSFT,568.86,578.4,559.31,568.85,62202214
2025-06-04,TSLA,350.37,365.38,332.73,347.62,175412692
2025-06-05,AAPL,229.57,236.9,225.43,232.71,46255748
2025-06-05,AMZN,277.81,284.6,273.47,280.22,37442080
2025-06-05,GOOGL,251.68,257.3,247.56,253.16,26865779
2025-06-05,MSFT,561.91,578.03,549.09,565.14,24564214
2025-06-05,TSLA,350.48,364.06,334.97,348.47,90806944
2025-06-06,AAPL,243.24,248.65,235.6,240.96,69352459
2025-06-06,AMZN,272.03,281.25,264.35,273.53,51171961
2025-06-06,GOOGL,258.96,265.36,253.04,259.42,37699258
2025-06-06,MSFT,565.89,574.32,550.69,559.02,38734505
2025-06-06,TSLA,343.64,359.29,321.14,336.46,196863469
2025-06-09,AAPL,241.91,247.46,238.59,244.1,51617556
2025-06-09,AMZN,266.03,272.25,261.74,267.94,39882568
2025-06-09,GOOGL,247.67,263.01,240.82,255.93,29222471
2025-06-09,MSFT,545.73,559.84,538.44,552.47,25234846
2025-06-09,TSLA,324.7,337.78,314.11,327.12,96056799
2025-06-10,AAPL,241.03,245.2,237.7,241.86,56578394
2025-06-10,AMZN,271.81,288.02,261.22,277.22,38679050
2025-06-10,GOOGL,240.83,252.92,233.42,245.37,67429153
2025-06-10,MSFT,552.28,567.98,539.79,555.43,24836756
2025-06-10,TSLA,336.22,353.64,314.29,331.47,111313243
2025-06-11,AAPL,245.25,251.1,238.87,244.7,86535736
2025-06-11,AMZN,278.16,287.0,271.61,280.4,43395077
2025-06-11,GOOGL,247.58,253.64,240.59,246.62,33171841
2025-06-11,MSFT,573.04,587.4,554.47,568.72,38731481
2025-06-11,TSLA,315.16,334.55,302.98,322.1,113929146
2025-06-12,AAPL,255.71,258.45,248.51,251.2,78440625
2025-06-12,AMZN,274.87,285.92,269.13,280.08,56355002
2025-06-12,GOOGL,249.1,252.27,243.05,246.19,38744925
2025-06-12,MSFT,576.89,592.48,553.01,568.36,27541822
2025-06-12,TSLA,324.0,335.34,314.32,325.62,62709809
2025-06-13,AAPL,262.63,266.77,251.45,255.48,67567082
2025-06-13,AMZN,279.28,288.56,267.39,276.57,33948147
2025-06-13,GOOGL,241.38,244.17,235.37,238.13,30395978
2025-06-13,MSFT,569.71,580.36,556.78,567.39,36140143
2025-06-13,TSLA,320.82,336.11,309.28,324.44,125425591
2025-06-16,AAPL,257.09,261.76,251.04,255.69,44331316
2025-06-16,AMZN,277.56,279.39,272.82,274.63,50394249
2025-06-16,GOOGL,238.41,247.17,232.01,240.71,14177768
2025-06-16,MSFT,559.43,571.4,546.3,558.25,30970516
2025-06-16,TSLA,328.22,335.41,320.54,327.71,83200585
2025-06-17,AAPL,252.25,257.37,247.56,252.67,68435194
2025-06-17,AMZN,272.03,278.12,266.81,272.88,31824137
2025-06-17,GOOGL,243.35,246.76,239.48,242.88,28855081
2025-06-17,MSFT,554.85,566.56,544.54,556.22,31064400
2025-06-17,TSLA,316.73,328.61,306.66,318.49,80847267
2025-06-18,AAPL,257.12,261.5,251.53,255.89,82268180
2025-06-18,AMZN,264.56,269.39,259.17,263.99,40438291
2025-06-18,GOOGL,230.26,241.0,224.8,235.42,33429922
2025-06-18,MSFT,570.4,584.18,554.04,567.76,26291668
2025-06-18,TSLA,328.45,341.43,309.34,322.07,80770843
2025-06-19,AAPL,259.71,264.94,252.46,257.65,58895952
2025-06-19,AMZN,272.28,277.69,263.9,269.25,32052243
2025-06-19,GOOGL,243.4,249.34,238.34,244.26,28002319
2025-06-19,MSFT,578.31,589.42,566.58,577.68,31515470
2025-06-19,TSLA,309.14,326.97,296.33,313.96,114203689
2025-06-20,AAPL,260.96,267.41,255.29,261.72,86955603
2025-06-20,AMZN,259.91,265.74,252.01,257.79,36286879
2025-06-20,GOOGL,249.49,256.46,240.55,247.46,30856971
2025-06-20,MSFT,583.02,599.17,570.72,586.78,27079557
2025-06-20,TSLA,308.05,327.42,298.59,317.67,161470055
2025-06-23,AAPL,268.77,274.67,258.68,264.49,86007110
2025-06-23,AMZN,258.57,263.66,248.26,253.24,33214539
2025-06-23,GOOGL,237.66,243.19,232.18,237.7,23730489
2025-06-23,MSFT,593.88,602.11,587.22,595.44,22373375
2025-06-23,TSLA,326.9,356.18,306.07,334.85,79240648
2025-06-24,AAPL,269.77,273.19,265.8,269.22,92035658
2025-06-24,AMZN,251.78,259.29,243.61,251.1,46982175
2025-06-24,GOOGL,240.54,246.13,235.78,241.35,33221490
2025-06-24,MSFT,594.45,608.34,585.04,598.87,27270219
2025-06-24,TSLA,345.26,356.72,328.09,339.35,84930970
2025-06-25,AAPL,267.37,271.78,261.8,266.18,69960200
2025-06-25,AMZN,266.89,273.23,256.64,262.88,35027558
2025-06-25,GOOGL,244.76,252.72,236.84,244.79,24555274
2025-06-25,MSFT,601.92,614.65,589.12,601.85,95830085
2025-06-25,TSLA,338.67,350.5,332.78,344.51,52376073
2025-06-26,AAPL,273.83,280.53,265.54,272.2,74545115
2025-06-26,AMZN,262.46,268.77,255.89,262.19,45302070
2025-06-26,GOOGL,254.53,260.88,245.04,251.31,27145160
2025-06-26,MSFT,604.0,616.5,590.69,603.17,31752064
2025-06-26,TSLA,358.19,375.28,338.73,355.71,74998610
2025-06-27,AAPL,273.66,279.91,266.4,272.62,87980543
2025-06-27,AMZN,263.5,270.14,257.2,263.83,34731710
2025-06-27,GOOGL,246.89,253.27,241.13,247.5,27249953
2025-06-27,MSFT,606.01,619.09,584.8,597.7,33379085
2025-06-27,TSLA,337.73,353.53,323.76,339.48,65559890
2025-06-30,AAPL,284.56,287.57,279.43,282.42,72270151
2025-06-30,AMZN,260.71,264.07,255.53,258.87,39944616
2025-06-30,GOOGL,251.25,255.25,247.08,251.07,29463191
2025-06-30,MSFT,594.48,608.04,584.01,597.52,28010271
2025-06-30,TSLA,367.14,380.89,348.38,361.92,88607228
2025-07-01,AAPL,276.54,283.62,271.04,278.08,56854945
2025-07-01,AMZN,265.16,271.07,257.76,263.63,54575984
2025-07-01,GOOGL,252.99,256.31,245.93,249.2,27794400
2025-07-01,MSFT,597.77,606.88,589.6,598.69,14435468
2025-07-01,TSLA,348.06,360.0,337.58,349.47,110774590
2025-07-02,AAPL,284.73,288.26,282.64,286.17,57711178
2025-07-02,AMZN,278.56,286.65,272.29,280.35,32545087
2025-07-02,GOOGL,245.26,250.36,240.74,245.83,19380642
2025-07-02,MSFT,610.58,620.78,594.03,604.11,19450000
2025-07-02,TSLA,378.97,393.8,347.34,361.48,108154552
2025-07-03,AAPL,283.37,291.42,278.19,286.2,68876517
2025-07-03,AMZN,280.14,286.52,276.25,282.59,32734717
2025-07-03,GOOGL,237.16,243.76,234.55,241.11,23355471
2025-07-03,MSFT,613.2,623.78,593.53,603.94,25976961
2025-07-03,TSLA,384.15,404.12,352.47,371.8,124847824
2025-07-04,AAPL,283.01,291.0,273.93,281.89,44028376
2025-07-04,AMZN,280.1,287.55,272.44,279.88,37537915
2025-07-04,GOOGL,234.93,239.17,227.57,231.76,24958872
2025-07-04,MSFT,627.23,638.67,613.32,624.71,20054563
2025-07-04,TSLA,358.67,374.05,345.36,360.66,119556925
2025-07-07,AAPL,280.58,284.19,275.03,278.62,62672042
2025-07-07,AMZN,262.27,269.77,260.13,267.58,39824185
2025-07-07,GOOGL,236.59,242.46,228.4,234.21,32689735
2025-07-07,MSFT,608.86,617.54,601.52,610.18,24329497
2025-07-07,TSLA,371.44,381.73,364.18,374.41,82445828
2025-07-08,AAPL,277.44,281.19,272.57,276.3,82818890
2025-07-08,AMZN,270.39,281.27,260.42,271.27,46208041
2025-07-08,GOOGL,227.64,238.82,221.74,232.8,28027033
2025-07-08,MSFT,614.19,626.32,604.58,616.67,24076118
2025-07-08,TSLA,402.26,402.77,380.88,381.36,95452945
2025-07-09,AAPL,281.96,288.2,271.63,277.77,29392124
2025-07-09,AMZN,262.62,270.87,257.17,265.36,40429848
2025-07-09,GOOGL,220.05,224.29,216.1,220.34,20890060
2025-07-09,MSFT,605.04,624.84,595.03,614.67,24287138
2025-07-09,TSLA,399.92,423.53,384.31,407.62,94226792
2025-07-10,AAPL,279.69,282.41,276.99,279.71,89935334
2025-07-10,AMZN,259.44,265.1,255.39,261.02,42451970
2025-07-10,GOOGL,220.9,229.26,212.59,220.95,19251904
2025-07-10,MSFT,608.37,616.61,604.98,613.2,38060188
2025-07-10,TSLA,409.36,419.85,399.27,409.75,43912498
2025-07-11,AAPL,277.76,281.81,272.07,276.1,83238581
2025-07-11,AMZN,263.97,272.77,257.4,266.15,28456725
2025-07-11,GOOGL,229.5,235.84,220.14,226.4,29092170
2025-07-11,MSFT,603.9,616.73,590.56,603.38,27629152
2025-07-11,TSLA,407.67,421.51,393.67,407.51,193340549
2025-07-14,AAPL,272.65,281.2,266.86,275.35,57528824
2025-07-14,AMZN,265.46,272.08,256.77,263.34,43015685
2025-07-14,GOOGL,220.64,225.04,216.26,220.67,22032351
2025-07-14,MSFT,611.85,623.73,600.94,612.8,34542691
2025-07-14,TSLA,399.61,410.21,389.01,399.62,91026941
2025-07-15,AAPL,284.56,289.72,280.42,285.56,73830100
2025-07-15,AMZN,263.96,272.9,253.82,262.73,43283008
2025-07-15,GOOGL,218.18,224.04,211.97,217.82,29707463
2025-07-15,MSFT,621.5,632.9,606.87,618.22,29147614
2025-07-15,TSLA,364.19,385.29,354.81,375.62,90893709
2025-07-16,AAPL,295.46,300.41,288.71,293.63,65051150
2025-07-16,AMZN,266.98,275.58,258.23,266.83,46716002
2025-07-16,GOOGL,220.55,224.2,216.48,220.12,24651336
2025-07-16,MSFT,624.42,634.45,615.45,625.46,37910226
2025-07-16,TSLA,375.04,385.16,361.79,371.81,107167720
2025-07-17,AAPL,296.99,303.53,288.25,294.74,84987343
2025-07-17,AMZN,261.66,266.03,258.36,262.72,36716480
2025-07-17,GOOGL,208.45,213.93,203.96,209.43,34125661
2025-07-17,MSFT,621.61,637.97,609.18,625.47,35146857
2025-07-17,TSLA,362.45,379.0,352.33,368.71,106011488
2025-07-18,AAPL,292.94,299.67,287.0,293.72,80968601
2025-07-18,AMZN,258.42,263.41,250.71,255.64,39932658
2025-07-18,GOOGL,210.5,214.25,204.1,207.8,20393650
2025-07-18,MSFT,622.05,629.99,612.34,620.25,23859388
2025-07-18,TSLA,382.04,398.52,356.59,372.67,52946053
2025-07-21,AAPL,292.98,298.87,287.28,293.17,100147980
2025-07-21,AMZN,260.75,264.73,254.36,258.31,47063567
2025-07-21,GOOGL,208.24,212.58,205.59,209.9,33992269
2025-07-21,MSFT,631.12,639.67,609.58,617.96,41731406
2025-07-21,TSLA,345.95,369.56,331.76,355.0,107316672
2025-07-22,AAPL,291.22,300.02,286.51,295.25,74543014
2025-07-22,AMZN,262.21,269.26,255.48,262.52,29413580
2025-07-22,GOOGL,207.14,212.98,202.34,208.15,31146727
2025-07-22,MSFT,619.33,633.55,606.82,621.01,24818343
2025-07-22,TSLA,353.36,361.24,345.11,352.99,99241446
2025-07-23,AAPL,287.73,294.43,281.98,288.66,61658547
2025-07-23,AMZN,263.0,270.87,251.55,259.31,22050200
2025-07-23,GOOGL,203.44,207.51,199.38,203.45,22247520
2025-07-23,MSFT,599.35,610.63,587.38,598.64,29400004
2025-07-23,TSLA,347.21,369.79,338.96,361.22,109805113
2025-07-24,AAPL,288.63,293.63,281.37,286.33,66346029
2025-07-24,AMZN,255.47,259.23,252.22,255.98,28910510
2025-07-24,GOOGL,196.52,203.25,192.51,199.19,19510420
2025-07-24,MSFT,611.08,617.48,600.35,606.71,30639187
2025-07-24,TSLA,356.69,385.12,342.79,370.67,120338057
2025-07-25,AAPL,278.4,284.1,271.3,276.97,53167206
2025-07-25,AMZN,250.83,256.0,245.14,250.29,33606801
2025-07-25,GOOGL,197.15,201.06,189.89,193.73,37048050
2025-07-25,MSFT,628.02,646.9,612.3,631.09,31418553
2025-07-25,TSLA,342.7,363.82,326.91,347.8,91606529
2025-07-28,AAPL,279.61,283.89,274.09,278.35,93407227
2025-07-28,AMZN,252.88,258.74,248.57,254.41,50724060
2025-07-28,GOOGL,192.31,195.12,189.5,192.31,19358571
2025-07-28,MSFT,641.22,649.64,626.02,634.35,33573259
2025-07-28,TSLA,353.34,374.12,337.12,357.71,124582720
2025-07-29,AAPL,281.08,285.87,276.18,280.96,81901004
2025-07-29,AMZN,264.01,272.08,257.06,265.1,60292520
2025-07-29,GOOGL,199.14,205.02,191.68,197.51,26914892
2025-07-29,MSFT,620.9,639.62,610.77,629.35,22702509
2025-07-29,TSLA,364.65,373.57,346.83,355.53,73876739
2025-07-30,AAPL,277.82,281.34,274.29,277.8,52978718
2025-07-30,AMZN,268.46,276.61,262.13,270.24,30905570
2025-07-30,GOOGL,206.06,212.52,201.63,208.05,27158480
2025-07-30,MSFT,623.65,642.03,607.49,625.81,32986346
2025-07-30,TSLA,353.94,370.27,337.87,354.19,72538719
2025-07-31,AAPL,283.45,290.22,278.4,285.15,43312577
2025-07-31,AMZN,271.42,279.13,261.82,269.48,39158076
2025-07-31,GOOGL,210.36,214.23,205.03,208.87,25062527
2025-07-31,MSFT,630.01,635.78,625.91,631.68,32068018
2025-07-31,TSLA,334.38,339.85,321.64,326.98,223599102
2025-08-01,AAPL,279.83,283.65,274.3,278.09,58732819
2025-08-01,AMZN,274.42,279.45,268.32,273.34,34731421
2025-08-01,GOOGL,214.46,217.07,210.18,212.77,29883396
2025-08-01,MSFT,627.85,633.06,621.84,627.05,28003304
2025-08-01,TSLA,344.04,357.73,332.73,346.34,86241770
2025-08-04,AAPL,271.27,274.52,267.01,270.24,72060667
2025-08-04,AMZN,265.31,273.71,259.93,268.27,44811950
2025-08-04,GOOGL,211.31,217.31,203.39,209.34,19183933
2025-08-04,MSFT,624.01,646.86,611.99,634.64,26671795
2025-08-04,TSLA,353.44,367.61,335.7,349.73,101213773
2025-08-05,AAPL,272.17,277.45,265.71,270.97,68903344
2025-08-05,AMZN,271.79,278.17,263.84,270.18,42798956
2025-08-05,GOOGL,205.21,210.45,196.24,201.38,37081657
2025-08-05,MSFT,638.08,640.86,628.08,630.83,22343288
2025-08-05,TSLA,328.33,336.93,324.01,332.55,142333325
2025-08-06,AAPL,274.42,281.01,269.17,275.73,85363408
2025-08-06,AMZN,268.84,274.03,258.78,263.87,31234160
2025-08-06,GOOGL,208.69,214.06,204.52,209.87,19846759
2025-08-06,MSFT,649.9,654.17,643.36,647.62,31362458
2025-08-06,TSLA,333.86,357.85,314.84,338.56,104345507
2025-08-07,AAPL,278.17,289.97,271.98,283.66,77836195
2025-08-07,AMZN,261.34,269.19,255.36,263.16,33788561
2025-08-07,GOOGL,207.62,210.57,205.07,208.01,24100416
2025-08-07,MSFT,670.37,685.78,648.76,664.03,66487384
2025-08-07,TSLA,333.16,360.96,316.86,344.13,100039026
2025-08-08,AAPL,283.32,287.76,276.15,280.55,80755496
2025-08-08,AMZN,267.14,276.98,259.4,269.17,38569794
2025-08-08,GOOGL,209.93,218.06,203.64,211.72,16011394
2025-08-08,MSFT,666.45,676.39,647.63,657.43,85166061
2025-08-08,TSLA,362.64,377.8,345.46,360.53,74356016
2025-08-11,AAPL,284.13,291.12,278.39,285.36,70311400
2025-08-11,AMZN,273.64,283.06,264.19,273.61,52302529
2025-08-11,GOOGL,212.78,216.78,208.99,212.99,31538206
2025-08-11,MSFT,649.75,672.31,631.43,653.87,27290696
2025-08-11,TSLA,359.13,368.06,348.6,357.49,54625479
2025-08-12,AAPL,282.12,290.29,276.2,284.33,42423895
2025-08-12,AMZN,280.58,285.61,271.62,276.58,33462093
2025-08-12,GOOGL,219.28,222.79,214.36,217.84,36800692
2025-08-12,MSFT,637.29,658.72,629.81,651.09,18660874
2025-08-12,TSLA,363.47,375.93,346.3,358.59,210467999
2025-08-13,AAPL,284.42,290.22,276.89,282.65,61819898
2025-08-13,AMZN,277.32,288.22,267.74,278.6,24486407
2025-08-13,GOOGL,223.83,228.24,218.09,222.47,37550887
2025-08-13,MSFT,654.89,664.95,638.59,648.57,21465930
2025-08-13,TSLA,352.84,368.11,336.29,351.51,120338168
2025-08-14,AAPL,285.43,290.32,281.56,286.44,82226458
2025-08-14,AMZN,279.16,284.14,268.98,273.87,53030226
2025-08-14,GOOGL,227.69,232.75,219.03,224.01,32092006
2025-08-14,MSFT,634.36,648.47,621.83,635.91,30833431
2025-08-14,TSLA,372.86,381.51,351.73,360.09,87330222
2025-08-15,AAPL,291.71,297.2,283.52,288.96,64162752
2025-08-15,AMZN,271.33,281.64,264.15,274.38,44972931
2025-08-15,GOOGL,227.13,231.44,221.73,226.02,22680362
2025-08-15,MSFT,616.41,634.48,604.45,622.4,24329773
2025-08-15,TSLA,352.3,363.96,339.59,351.21,104534734
2025-08-18,AAPL,281.52,287.14,274.37,279.96,73175218
2025-08-18,AMZN,279.15,284.14,273.62,278.6,28371132
2025-08-18,GOOGL,231.78,231.85,231.7,231.78,25010746
2025-08-18,MSFT,637.4,647.4,624.33,634.29,24091058
2025-08-18,TSLA,347.43,362.91,326.29,341.51,128879310
2025-08-19,AAPL,288.62,293.82,281.68,286.85,59820339
2025-08-19,AMZN,271.79,280.75,267.85,276.73,43063428
2025-08-19,GOOGL,227.41,234.86,222.52,229.92,22981847
2025-08-19,MSFT,657.78,666.79,635.47,644.29,22652368
2025-08-19,TSLA,340.15,348.69,333.58,342.09,128286012
2025-08-20,AAPL,289.59,295.17,287.64,293.19,48265557
2025-08-20,AMZN,272.46,283.06,264.64,275.16,48116673
2025-08-20,GOOGL,239.34,245.45,231.23,237.29,17417808
2025-08-20,MSFT,653.36,665.86,641.48,653.97,22889919
2025-08-20,TSLA,323.82,341.71,311.35,329.05,105184377
2025-08-21,AAPL,292.01,297.52,283.41,288.86,62995658
2025-08-21,AMZN,271.52,277.76,265.9,272.13,40937455
2025-08-21,GOOGL,233.46,237.26,230.04,233.83,23153245
2025-08-21,MSFT,656.01,671.77,635.11,650.75,39498665
2025-08-21,TSLA,354.24,360.11,344.05,349.85,99040028
2025-08-22,AAPL,290.69,299.39,281.32,290.01,70022020
2025-08-22,AMZN,271.04,278.92,262.41,270.27,53625768
2025-08-22,GOOGL,236.26,243.19,227.3,234.18,30679759
2025-08-22,MSFT,663.99,683.6,650.12,669.61,20160426
2025-08-22,TSLA,374.94,384.95,365.54,375.53,58932465
2025-08-25,AAPL,290.67,296.32,286.01,291.64,54345074
2025-08-25,AMZN,269.21,276.14,258.91,265.75,45553281
2025-08-25,GOOGL,236.11,243.11,230.15,237.12,19581349
2025-08-25,MSFT,656.84,675.57,647.79,666.39,38310322
2025-08-25,TSLA,375.47,386.63,359.09,370.08,80032877
2025-08-26,AAPL,292.39,296.5,287.91,292.01,61169692
2025-08-26,AMZN,263.9,272.12,257.67,265.85,43054954
2025-08-26,GOOGL,232.17,237.47,224.18,229.42,10743831
2025-08-26,MSFT,678.59,686.69,665.32,673.36,25684881
2025-08-26,TSLA,355.34,369.7,338.9,353.16,88332049
2025-08-27,AAPL,283.54,293.91,277.86,288.14,49733722
2025-08-27,AMZN,265.21,271.7,257.58,264.04,42038840
2025-08-27,GOOGL,236.89,240.18,232.69,235.98,17168729
2025-08-27,MSFT,657.69,666.55,645.84,654.65,23423718
2025-08-27,TSLA,353.49,368.38,343.72,358.47,74757124
2025-08-28,AAPL,284.86,290.47,278.23,283.82,83187729
2025-08-28,AMZN,252.42,263.15,245.39,256.02,41358943
2025-08-28,GOOGL,240.53,245.74,233.01,238.17,30113861
2025-08-28,MSFT,647.12,656.52,640.32,649.69,30686764
2025-08-28,TSLA,360.07,373.15,340.59,353.43,100900764
2025-08-29,AAPL,280.34,289.88,273.49,282.96,60215093
2025-08-29,AMZN,273.55,280.89,263.41,270.68,48780680
2025-08-29,GOOGL,255.27,260.92,248.66,254.29,14261225
2025-08-29,MSFT,655.1,666.73,634.27,645.74,28371285
2025-08-29,TSLA,363.78,379.68,353.68,369.42,140401644
2025-09-01,AAPL,284.78,291.52,281.59,288.29,88607277
2025-09-01,AMZN,268.33,273.28,259.8,264.68,38504179
2025-09-01,GOOGL,261.99,269.59,256.87,264.43,22050048
2025-09-01,MSFT,633.28,656.52,619.89,642.92,26617500
2025-09-01,TSLA,363.97,374.69,349.44,360.03,131046837
2025-09-02,AAPL,286.28,296.63,280.0,290.26,89842152
2025-09-02,AMZN,266.84,273.15,257.71,263.96,95024688
2025-09-02,GOOGL,262.45,270.09,255.8,263.41,22602362
2025-09-02,MSFT,620.1,637.07,609.78,626.65,29539185
2025-09-02,TSLA,376.17,394.28,350.21,367.92,100792146
2025-09-03,AAPL,290.29,296.44,281.32,287.41,63683003
2025-09-03,AMZN,267.22,275.36,256.3,264.35,43119376
2025-09-03,GOOGL,268.55,276.88,263.76,272.03,26612506
2025-09-03,MSFT,629.8,649.03,613.57,632.72,28260387
2025-09-03,TSLA,367.63,378.6,359.2,370.12,113511559
2025-09-04,AAPL,288.95,295.6,283.97,290.59,48612708
2025-09-04,AMZN,261.19,267.0,255.63,261.44,41055623
2025-09-04,GOOGL,275.96,281.03,270.39,275.45,26466280
2025-09-04,MSFT,640.27,658.95,623.59,642.22,26490815
2025-09-04,TSLA,369.44,385.31,346.55,362.11,77695647
2025-09-05,AAPL,278.99,284.52,269.74,275.19,31104159
2025-09-05,AMZN,261.84,266.52,256.41,261.08,36919620
2025-09-05,GOOGL,271.36,279.8,267.02,275.39,27501364
2025-09-05,MSFT,640.11,652.0,620.49,632.23,34549720
2025-09-05,TSLA,368.62,381.51,353.26,366.07,129772122
2025-09-08,AAPL,279.16,287.12,272.58,280.51,41079397
2025-09-08,AMZN,256.51,261.16,252.13,256.77,37013122
2025-09-08,GOOGL,265.9,270.5,260.54,265.12,24070755
2025-09-08,MSFT,618.71,631.45,605.73,618.45,45973362
2025-09-08,TSLA,383.95,395.07,367.36,378.31,57903293
2025-09-09,AAPL,267.12,277.45,261.06,271.29,42675184
2025-09-09,AMZN,260.88,267.88,254.01,261.01,43190195
2025-09-09,GOOGL,247.45,261.65,242.72,256.74,19096690
2025-09-09,MSFT,608.29,616.85,600.74,609.29,21597346
2025-09-09,TSLA,374.35,388.35,366.03,379.91,116679668
2025-09-10,AAPL,266.53,272.42,263.38,269.24,87400131
2025-09-10,AMZN,259.0,266.13,253.96,261.04,50131034
2025-09-10,GOOGL,258.15,263.03,251.24,256.08,30633763
2025-09-10,MSFT,606.97,622.9,597.77,613.59,22482493
2025-09-10,TSLA,383.04,391.84,372.85,381.61,106770255
2025-09-11,AAPL,266.58,272.56,257.73,263.65,66882149
2025-09-11,AMZN,265.96,272.15,259.0,265.17,45043991
2025-09-11,GOOGL,250.11,257.61,245.46,252.9,13976725
2025-09-11,MSFT,612.04,626.42,592.2,606.44,20594443
2025-09-11,TSLA,361.35,380.57,351.5,370.48,77048339
2025-09-12,AAPL,257.16,262.07,252.62,257.52,71331073
2025-09-12,AMZN,274.73,280.0,268.29,273.53,32855279
2025-09-12,GOOGL,251.07,259.96,244.66,253.49,29882857
2025-09-12,MSFT,598.49,612.82,590.08,604.33,28601486
2025-09-12,TSLA,397.9,411.2,373.41,386.33,90041314
2025-09-15,AAPL,261.8,267.94,256.99,263.1,28918158
2025-09-15,AMZN,274.53,282.33,264.0,271.72,24010726
2025-09-15,GOOGL,263.52,271.17,252.41,259.96,32150579
2025-09-15,MSFT,586.33,607.33,571.92,592.75,31537936
2025-09-15,TSLA,386.82,417.52,370.83,400.95,68061498
2025-09-16,AAPL,261.25,266.05,256.07,260.87,45533045
2025-09-16,AMZN,277.16,283.24,269.96,276.02,47397581
2025-09-16,GOOGL,264.55,267.8,260.46,263.7,39604665
2025-09-16,MSFT,610.65,626.63,596.81,612.74,14262286
2025-09-16,TSLA,392.58,407.61,380.07,395.03,69073548
2025-09-17,AAPL,263.73,268.27,258.04,262.55,79415046
2025-09-17,AMZN,287.42,296.05,276.25,284.79,66829682
2025-09-17,GOOGL,261.37,268.91,251.69,259.17,20286299
2025-09-17,MSFT,613.45,626.23,599.84,612.6,24681628
2025-09-17,TSLA,386.88,406.09,374.29,393.29,57212467
2025-09-18,AAPL,264.96,271.44,255.92,262.33,69660079
2025-09-18,AMZN,281.29,291.95,272.92,283.51,37241387
2025-09-18,GOOGL,260.61,269.59,254.34,263.26,21498805
2025-09-18,MSFT,619.97,630.66,613.14,623.79,25748354
2025-09-18,TSLA,418.17,432.43,399.19,413.29,113228455
2025-09-19,AAPL,268.05,272.75,259.96,264.6,62607914
2025-09-19,AMZN,291.44,297.4,281.28,287.15,35363866
2025-09-19,GOOGL,260.11,263.92,253.86,257.63,25333299
2025-09-19,MSFT,631.57,641.31,618.13,627.8,25999008
2025-09-19,TSLA,410.02,426.42,380.79,396.66,123626943
2025-09-22,AAPL,264.05,268.08,260.9,264.91,74178688
2025-09-22,AMZN,283.04,292.1,274.71,283.75,48205262
2025-09-22,GOOGL,250.8,255.67,246.28,251.14,24867099
2025-09-22,MSFT,624.5,638.71,611.84,626.01,19004384
2025-09-22,TSLA,409.73,426.84,388.16,405.08,43657063
2025-09-23,AAPL,255.72,262.91,251.66,258.81,91581714
2025-09-23,AMZN,284.22,295.95,278.86,290.47,31391169
2025-09-23,GOOGL,252.89,258.38,247.11,252.59,30216394
2025-09-23,MSFT,629.32,636.86,616.27,623.74,62725562
2025-09-23,TSLA,417.51,426.04,388.83,396.94,138659756
2025-09-24,AAPL,262.64,268.62,257.66,263.62,61408059
2025-09-24,AMZN,285.57,293.24,279.09,286.74,54961983
2025-09-24,GOOGL,251.7,254.23,245.51,248.0,28265400
2025-09-24,MSFT,617.56,627.46,605.06,614.92,21622139
2025-09-24,TSLA,412.18,435.9,398.98,422.37,248011833
2025-09-25,AAPL,261.89,268.34,254.84,261.27,66127259
2025-09-25,AMZN,292.17,296.87,285.74,290.41,44123101
2025-09-25,GOOGL,241.64,249.24,236.93,244.48,22800736
2025-09-25,MSFT,618.61,631.5,596.63,609.33,56390850
2025-09-25,TSLA,412.84,442.69,393.07,422.46,101884013
2025-09-26,AAPL,251.91,259.52,246.56,254.12,68129699
2025-09-26,AMZN,296.09,303.42,288.52,295.84,39733880
2025-09-26,GOOGL,251.41,257.23,243.36,249.13,24386966
2025-09-26,MSFT,596.03,606.71,587.62,598.27,15962607
2025-09-26,TSLA,433.75,449.97,424.57,440.64,60030195
2025-09-29,AAPL,250.26,255.82,246.91,252.44,103871781
2025-09-29,AMZN,281.89,294.34,275.43,287.76,32258847
2025-09-29,GOOGL,253.0,256.93,248.12,252.03,30833254
2025-09-29,MSFT,590.87,598.37,579.22,586.66,25707084
2025-09-29,TSLA,428.57,443.91,412.36,427.67,126369611
2025-09-30,AAPL,260.49,268.68,251.53,259.69,30885460
2025-09-30,AMZN,283.8,290.68,276.3,283.16,48820689
2025-09-30,GOOGL,249.15,252.46,246.38,249.69,17086275
2025-09-30,MSFT,598.61,612.59,593.93,607.84,22966764
2025-09-30,TSLA,401.09,421.99,387.77,408.43,99755939
2025-10-01,AAPL,263.7,268.94,258.58,263.82,76102373
2025-10-01,AMZN,278.92,282.38,275.08,278.55,35558026
2025-10-01,GOOGL,238.67,246.42,233.61,241.31,23539382
2025-10-01,MSFT,625.08,634.48,600.92,610.09,26162632
2025-10-01,TSLA,399.39,416.47,387.79,404.71,122047123
2025-10-02,AAPL,262.25,268.77,255.64,262.17,63134463
2025-10-02,AMZN,281.73,287.04,279.34,284.63,47092146
2025-10-02,GOOGL,237.12,245.55,229.23,237.65,28467020
2025-10-02,MSFT,628.98,642.15,611.68,624.77,30105548
2025-10-02,TSLA,412.61,433.95,387.08,408.18,123995385
2025-10-03,AAPL,258.8,265.06,254.36,260.58,74210040
2025-10-03,AMZN,278.86,282.72,273.37,277.21,43990893
2025-10-03,GOOGL,245.01,250.92,241.16,247.04,18333320
2025-10-03,MSFT,613.71,622.98,606.0,615.26,27686854
2025-10-03,TSLA,391.9,414.77,378.03,400.59,126703267
2025-10-06,AAPL,258.65,264.6,253.25,259.18,54317695
2025-10-06,AMZN,278.47,285.6,271.75,278.87,52914241
2025-10-06,GOOGL,254.53,258.57,247.55,251.54,7500000
2025-10-06,MSFT,600.16,611.76,589.9,601.48,33553766
2025-10-06,TSLA,403.08,432.15,382.57,411.23,79603331
2025-10-07,AAPL,266.97,275.28,260.96,269.21,64204318
2025-10-07,AMZN,277.06,289.99,270.06,282.85,41589776
2025-10-07,GOOGL,258.58,263.44,253.49,258.34,34041102
2025-10-07,MSFT,589.93,600.55,580.58,591.17,25474635
2025-10-07,TSLA,404.93,422.07,390.73,407.77,90060902
2025-10-08,AAPL,273.1,279.81,264.27,270.93,76560421
2025-10-08,AMZN,285.51,293.54,275.47,283.44,71163480
2025-10-08,GOOGL,257.25,266.62,249.68,259.0,24872042
2025-10-08,MSFT,596.05,604.16,578.89,586.87,32332193
2025-10-08,TSLA,376.79,393.89,361.78,378.81,80472075
2025-10-09,AAPL,275.38,281.91,266.37,272.84,115584790
2025-10-09,AMZN,291.22,296.6,285.33,290.69,106579627
2025-10-09,GOOGL,252.83,259.1,250.28,256.52,17140206
2025-10-09,MSFT,591.78,604.37,574.81,587.3,35874909
2025-10-09,TSLA,393.58,404.97,375.55,386.74,116258540
2025-10-10,AAPL,273.08,284.0,266.88,277.69,78130588
2025-10-10,AMZN,282.97,289.29,272.33,278.55,41462700
2025-10-10,GOOGL,259.39,267.01,253.0,260.6,30752620
2025-10-10,MSFT,583.65,600.72,568.84,585.85,29916317
2025-10-10,TSLA,369.36,386.17,358.62,375.27,102906119
2025-10-13,AAPL,276.16,283.03,271.66,278.49,51218934
2025-10-13,AMZN,279.29,286.53,274.66,281.85,36109549
2025-10-13,GOOGL,269.92,274.55,262.04,266.62,23698074
2025-10-13,MSFT,572.23,591.11,559.57,578.32,27854415
2025-10-13,TSLA,366.5,385.77,352.1,371.18,120392190
2025-10-14,AAPL,273.06,280.91,268.99,276.79,58113905
2025-10-14,AMZN,279.73,288.72,271.45,280.42,106872889
2025-10-14,GOOGL,263.46,268.12,258.51,263.16,18532406
2025-10-14,MSFT,585.42,593.29,571.73,579.53,30900534
2025-10-14,TSLA,396.71,412.37,377.2,392.71,121427546
2025-10-15,AAPL,273.84,280.91,268.42,275.45,57632020
2025-10-15,AMZN,274.42,278.96,266.9,271.38,36333919
2025-10-15,GOOGL,258.18,262.25,254.58,258.65,27310804
2025-10-15,MSFT,585.73,601.64,565.78,581.58,30163585
2025-10-15,TSLA,423.86,441.36,400.74,418.0,53977587
2025-10-16,AAPL,274.58,281.12,268.26,274.79,35820798
2025-10-16,AMZN,262.71,272.8,255.24,265.26,32257963
2025-10-16,GOOGL,254.52,259.23,245.63,250.26,25322207
2025-10-16,MSFT,592.38,605.47,575.82,588.84,35008701
2025-10-16,TSLA,419.27,435.6,393.11,409.04,127080790
2025-10-17,AAPL,270.74,278.93,266.19,274.32,59636034
2025-10-17,AMZN,277.25,282.63,268.95,274.28,35313152
2025-10-17,GOOGL,245.2,249.7,241.74,246.22,21167569
2025-10-17,MSFT,603.38,612.67,594.53,603.81,33556596
2025-10-17,TSLA,420.47,429.29,408.3,417.05,117582947
2025-10-20,AAPL,275.36,284.26,268.82,277.66,76908472
2025-10-20,AMZN,280.91,289.6,269.24,277.83,38078460
2025-10-20,GOOGL,247.27,253.46,243.13,249.29,20189920
2025-10-20,MSFT,598.19,607.54,590.39,599.72,33640790
2025-10-20,TSLA,409.41,420.28,397.64,408.48,86230909
2025-10-21,AAPL,275.05,284.73,267.94,277.56,44293728
2025-10-21,AMZN,283.26,289.53,276.07,282.33,62497840
2025-10-21,GOOGL,246.99,248.27,244.71,245.99,18586627
2025-10-21,MSFT,620.76,634.86,598.09,611.99,28308181
2025-10-21,TSLA,408.15,426.08,386.34,404.08,103307578
2025-10-22,AAPL,281.4,285.07,277.21,280.88,82037843
2025-10-22,AMZN,287.21,294.04,280.89,287.71,42924730
2025-10-22,GOOGL,251.43,253.85,247.98,250.38,29597200
2025-10-22,MSFT,621.32,632.44,601.12,612.07,30388586
2025-10-22,TSLA,393.58,401.14,387.9,395.43,92062847
2025-10-23,AAPL,280.19,283.96,276.24,280.01,72926340
2025-10-23,AMZN,277.23,283.66,272.72,279.12,33389946
2025-10-23,GOOGL,258.52,265.77,252.83,260.05,17197772
2025-10-23,MSFT,599.04,606.63,588.26,595.8,30257683
2025-10-23,TSLA,370.56,386.53,356.45,372.35,109631322
2025-10-24,AAPL,278.16,284.81,273.36,279.98,53068708
2025-10-24,AMZN,278.2,290.04,268.56,280.32,50887936
2025-10-24,GOOGL,257.43,266.66,250.33,259.5,20015583
2025-10-24,MSFT,619.11,629.17,604.07,614.05,19548344
2025-10-24,TSLA,362.73,387.01,350.46,374.35,86179335
2025-10-27,AAPL,270.11,275.42,264.38,269.68,62700143
2025-10-27,AMZN,287.52,295.35,278.77,286.58,41885092
2025-10-27,GOOGL,262.51,272.85,248.58,258.77,25632214
2025-10-27,MSFT,638.85,648.39,628.06,637.57,35482412
2025-10-27,TSLA,384.78,401.68,362.22,378.85,106374521
2025-10-28,AAPL,272.72,278.22,268.58,274.06,90972729
2025-10-28,AMZN,275.13,290.58,268.47,283.71,52947634
2025-10-28,GOOGL,259.86,267.66,253.22,260.99,34118020
2025-10-28,MSFT,635.45,651.16,627.32,642.93,16314966
2025-10-28,TSLA,372.0,386.65,356.03,370.63,96598500
2025-10-29,AAPL,274.87,282.52,267.92,275.55,76920151
2025-10-29,AMZN,289.85,298.12,283.33,291.56,59117578
2025-10-29,GOOGL,253.59,261.68,249.3,257.33,25830624
2025-10-29,MSFT,637.03,656.63,622.91,642.38,32985306
2025-10-29,TSLA,391.11,402.07,375.04,385.86,84735394
2025-10-30,AAPL,284.49,290.26,274.58,280.27,65142734
2025-10-30,AMZN,285.13,292.06,280.33,287.22,25082392
2025-10-30,GOOGL,253.94,256.0,251.4,253.45,28676082
2025-10-30,MSFT,644.15,657.67,624.55,637.93,29868972
2025-10-30,TSLA,361.65,390.88,351.69,380.4,99515735
2025-10-31,AAPL,268.84,273.74,260.8,265.64,61137646
2025-10-31,AMZN,284.52,294.76,277.34,287.5,16249047
2025-10-31,GOOGL,252.14,258.0,244.1,249.9,25638806
2025-10-31,MSFT,638.42,652.01,618.15,631.59,26009982
2025-10-31,TSLA,372.24,383.54,361.25,372.54,159278652
2025-11-03,AAPL,272.63,278.68,269.83,275.85,66244897
2025-11-03,AMZN,289.99,295.96,283.47,289.43,59914689
2025-11-03,GOOGL,243.46,246.68,240.71,243.92,30665230
2025-11-03,MSFT,649.33,663.1,629.92,643.56,30738331
2025-11-03,TSLA,374.57,395.89,359.18,380.26,78718505
2025-11-04,AAPL,276.95,279.96,271.9,274.89,56683842
2025-11-04,AMZN,288.98,299.78,282.81,293.51,70846413
2025-11-04,GOOGL,249.55,253.33,244.45,248.21,37109767
2025-11-04,MSFT,643.76,651.69,633.96,641.87,30929985
2025-11-04,TSLA,370.29,374.3,356.9,360.81,89063839
2025-11-05,AAPL,282.24,287.75,274.73,280.19,30797820
2025-11-05,AMZN,294.76,302.61,283.34,291.09,23014900
2025-11-05,GOOGL,242.92,251.71,236.77,245.49,22264215
2025-11-05,MSFT,665.03,674.29,649.75,658.92,18845400
2025-11-05,TSLA,377.6,391.44,359.89,373.58,79132330
2025-11-06,AAPL,271.77,276.39,270.01,274.61,98185391
2025-11-06,AMZN,299.6,306.43,289.99,296.75,34751370
2025-11-06,GOOGL,252.4,257.9,245.37,250.83,25087755
2025-11-06,MSFT,657.0,673.39,640.94,657.33,37912883
2025-11-06,TSLA,370.62,380.16,359.61,369.11,81623610
2025-11-07,AAPL,279.48,286.04,270.93,277.44,67524031
2025-11-07,AMZN,302.93,309.33,292.36,298.67,30323891
2025-11-07,GOOGL,250.73,256.8,247.12,253.15,26084550
2025-11-07,MSFT,654.27,665.75,639.41,650.83,28504966
2025-11-07,TSLA,380.14,397.21,366.07,383.04,114374640
2025-11-10,AAPL,275.7,280.43,267.27,271.93,71469893
2025-11-10,AMZN,286.19,296.43,277.59,287.78,32274826
2025-11-10,GOOGL,253.4,255.87,250.16,252.63,28311312
2025-11-10,MSFT,641.41,648.64,635.32,642.53,44203126
2025-11-10,TSLA,404.01,419.61,385.73,401.22,112002208
2025-11-11,AAPL,266.06,278.32,256.61,268.77,64058999
2025-11-11,AMZN,299.27,304.01,293.89,298.62,48557434
2025-11-11,GOOGL,258.32,263.82,250.9,256.35,25827593
2025-11-11,MSFT,627.38,644.53,616.02,633.06,33528397
2025-11-11,TSLA,403.62,417.48,396.54,410.28,94860741
2025-11-12,AAPL,275.87,286.64,267.47,278.17,53054351
2025-11-12,AMZN,294.41,297.53,288.8,291.89,36406029
2025-11-12,GOOGL,251.31,256.85,245.54,251.07,21601618
2025-11-12,MSFT,642.19,655.26,624.54,637.51,28345781
2025-11-12,TSLA,397.8,411.49,384.82,398.49,119374543
2025-11-13,AAPL,279.44,284.2,272.19,276.91,138597904
2025-11-13,AMZN,302.88,308.14,298.03,303.29,23821271
2025-11-13,GOOGL,243.8,254.01,236.72,246.85,24955650
2025-11-13,MSFT,629.17,641.55,610.18,622.43,23169724
2025-11-13,TSLA,377.62,395.46,363.79,381.48,113844278
2025-11-14,AAPL,278.4,283.26,272.89,277.73,39009835
2025-11-14,AMZN,299.56,307.97,292.98,301.35,40325401
2025-11-14,GOOGL,247.21,251.46,245.96,250.19,40197952
2025-11-14,MSFT,625.99,633.63,605.6,613.09,27224123
2025-11-14,TSLA,377.75,391.32,350.29,363.34,91144563
2025-11-17,AAPL,283.22,289.84,275.23,281.82,102002655
2025-11-17,AMZN,298.69,306.27,290.74,298.31,31488483
2025-11-17,GOOGL,242.97,248.0,234.2,239.16,26961773
2025-11-17,MSFT,628.01,644.72,609.92,626.6,29048815
2025-11-17,TSLA,388.5,401.6,365.98,378.75,58570712
2025-11-18,AAPL,284.8,292.55,276.21,283.93,44939180
2025-11-18,AMZN,299.4,304.94,294.52,300.05,37506522
2025-11-18,GOOGL,237.43,245.37,231.37,239.27,13057684
2025-11-18,MSFT,610.19,621.43,604.49,615.67,38258011
2025-11-18,TSLA,384.64,393.17,369.24,377.62,114707346
2025-11-19,AAPL,285.23,287.84,281.62,284.23,48230547
2025-11-19,AMZN,291.55,307.91,278.66,294.87,38078954
2025-11-19,GOOGL,244.0,248.27,237.92,242.15,22531912
2025-11-19,MSFT,622.52,635.22,611.58,624.26,36586618
2025-11-19,TSLA,360.79,379.26,352.21,370.45,99029534
2025-11-20,AAPL,282.21,288.01,279.85,285.62,57845787
2025-11-20,AMZN,275.73,289.06,269.62,282.79,48454822
2025-11-20,GOOGL,248.83,251.43,245.95,248.54,25083719
2025-11-20,MSFT,601.32,617.58,585.77,602.01,31160419
2025-11-20,TSLA,375.22,382.92,362.04,369.63,95527807
2025-11-21,AAPL,300.51,304.91,293.35,297.71,85931230
2025-11-21,AMZN,279.15,288.07,273.02,281.88,34946120
2025-11-21,GOOGL,253.38,259.65,249.72,255.95,24121409
2025-11-21,MSFT,617.75,630.12,604.62,616.97,40384338
2025-11-21,TSLA,386.09,401.85,369.12,384.82,83931359
2025-11-24,AAPL,299.62,305.95,290.23,296.5,65235771
2025-11-24,AMZN,276.84,287.53,273.28,283.88,115084920
2025-11-24,GOOGL,253.46,259.97,248.34,254.82,24572260
2025-11-24,MSFT,605.71,618.59,590.46,603.29,13886732
2025-11-24,TSLA,404.44,418.11,382.59,395.96,112685412
2025-11-25,AAPL,296.1,302.85,289.97,296.71,44912793
2025-11-25,AMZN,290.22,296.39,286.77,292.9,24048842
2025-11-25,GOOGL,262.74,267.22,253.93,258.35,26789168
2025-11-25,MSFT,596.12,603.05,587.38,594.29,92968802
2025-11-25,TSLA,404.53,418.47,388.4,402.26,103276785
2025-11-26,AAPL,301.38,308.67,294.21,301.5,85382998
2025-11-26,AMZN,289.36,292.18,282.32,285.11,48987646
2025-11-26,GOOGL,262.55,268.28,248.16,253.7,28178822
2025-11-26,MSFT,605.37,616.74,590.11,601.4,36789563
2025-11-26,TSLA,411.28,418.36,404.25,411.33,89375333
2025-11-27,AAPL,302.3,310.05,298.81,306.52,197517469
2025-11-27,AMZN,282.69,296.83,274.31,288.28,52989303
2025-11-27,GOOGL,250.29,258.03,243.36,251.08,26617727
2025-11-27,MSFT,605.18,615.36,594.01,604.17,31832064
2025-11-27,TSLA,415.34,429.73,399.32,413.65,65895454
2025-11-28,AAPL,313.38,315.1,310.22,311.94,73749568
2025-11-28,AMZN,288.6,296.86,279.02,287.24,37697648
2025-11-28,GOOGL,256.75,262.28,252.23,257.74,30941403
2025-11-28,MSFT,601.75,620.24,594.99,613.35,18670344
2025-11-28,TSLA,404.5,435.09,387.65,417.69,120363316
2025-12-01,AAPL,315.79,322.94,307.06,314.17,76630681
2025-12-01,AMZN,290.76,296.86,281.04,287.07,31814097
2025-12-01,GOOGL,252.82,264.06,245.92,257.04,15654064
2025-12-01,MSFT,600.99,613.85,586.99,599.83,37726101
2025-12-01,TSLA,414.82,427.05,408.32,420.46,109366499
2025-12-02,AAPL,306.2,310.52,302.06,306.37,103908380
2025-12-02,AMZN,287.79,296.52,283.95,292.62,29223991
2025-12-02,GOOGL,253.13,262.35,248.25,257.38,23420892
2025-12-02,MSFT,597.43,605.08,589.33,596.99,33329439
2025-12-02,TSLA,422.66,435.07,407.58,419.91,101065818
2025-12-03,AAPL,317.5,319.76,312.09,314.32,100507792
2025-12-03,AMZN,294.41,300.08,283.4,288.97,39745129
2025-12-03,GOOGL,249.49,257.19,243.99,251.65,27714170
2025-12-03,MSFT,593.69,601.66,582.99,590.92,30401083
2025-12-03,TSLA,439.17,447.3,422.62,430.59,31901617
2025-12-04,AAPL,305.58,312.26,299.84,306.51,53840875
2025-12-04,AMZN,289.34,298.24,280.67,289.57,52160719
2025-12-04,GOOGL,252.35,258.37,247.48,253.48,26601018
2025-12-04,MSFT,578.44,591.37,567.33,580.23,28618505
2025-12-04,TSLA,431.0,448.51,417.82,435.2,94100011
2025-12-05,AAPL,308.58,315.46,300.18,307.02,91388131
2025-12-05,AMZN,300.05,305.4,290.56,295.84,35742218
2025-12-05,GOOGL,256.91,262.68,251.21,256.98,20923128
2025-12-05,MSFT,587.94,597.5,577.28,586.82,41955914
2025-12-05,TSLA,420.71,431.76,409.97,421.01,89271412
2025-12-08,AAPL,298.96,306.96,293.78,301.73,71226483
2025-12-08,AMZN,302.52,307.16,297.05,301.67,51114422
2025-12-08,GOOGL,262.05,268.14,254.21,260.25,21675657
2025-12-08,MSFT,599.64,610.35,586.15,596.82,31111622
2025-12-08,TSLA,416.32,445.02,400.08,428.32,80310727
2025-12-09,AAPL,300.33,305.06,295.67,300.4,73110307
2025-12-09,AMZN,291.83,298.7,286.4,293.25,28486162
2025-12-09,GOOGL,254.04,260.1,247.43,253.48,19739235
2025-12-09,MSFT,592.82,603.1,583.36,593.62,26306562
2025-12-09,TSLA,442.27,458.54,415.4,431.26,112913087
2025-12-10,AAPL,300.77,306.4,295.61,301.24,37500598
2025-12-10,AMZN,280.16,294.51,274.79,288.98,86844633
2025-12-10,GOOGL,260.08,265.28,253.08,258.25,31104165
2025-12-10,MSFT,613.02,627.86,594.77,609.52,22320350
2025-12-10,TSLA,448.28,470.04,418.35,439.71,111977925
2025-12-11,AAPL,302.63,307.47,297.19,302.02,62231231
2025-12-11,AMZN,284.35,295.1,277.06,287.72,39564039
2025-12-11,GOOGL,251.12,252.67,251.12,252.67,13424354
2025-12-11,MSFT,601.65,609.04,593.91,601.29,33302703
2025-12-11,TSLA,441.97,457.18,421.93,436.98,105374587
2025-12-12,AAPL,302.33,306.59,299.08,303.33,51791616
2025-12-12,AMZN,294.41,296.5,290.25,292.33,42163948
2025-12-12,GOOGL,252.05,258.18,246.11,252.23,16990415
2025-12-12,MSFT,617.75,626.78,607.9,616.92,34903633
2025-12-12,TSLA,451.7,469.11,431.21,448.5,119649909
2025-12-15,AAPL,310.86,315.63,306.46,311.23,78455955
2025-12-15,AMZN,294.99,301.5,283.9,290.31,36672398
2025-12-15,GOOGL,243.03,245.91,241.04,243.92,27616514
2025-12-15,MSFT,607.04,634.61,595.23,622.5,28395608
2025-12-15,TSLA,458.26,471.61,433.13,446.14,70720410
2025-12-16,AAPL,314.81,321.36,305.98,312.49,82405058
2025-12-16,AMZN,286.11,295.22,281.36,290.39,52466433
2025-12-16,GOOGL,239.93,246.99,236.01,243.01,28394844
2025-12-16,MSFT,603.27,616.48,596.05,609.19,24095550
2025-12-16,TSLA,449.8,466.91,439.26,456.22,84225716
2025-12-17,AAPL,308.59,315.92,302.49,309.8,31289596
2025-12-17,AMZN,297.51,302.94,292.26,297.69,52623437
2025-12-17,GOOGL,233.48,239.53,232.16,238.18,15097367
2025-12-17,MSFT,623.86,637.36,616.54,629.97,37310396
2025-12-17,TSLA,440.21,466.94,420.95,447.36,96776316
2025-12-18,AAPL,309.44,319.92,303.59,313.98,64641933
2025-12-18,AMZN,293.57,302.54,286.01,294.95,38251795
2025-12-18,GOOGL,234.62,243.33,227.53,236.2,28915248
2025-12-18,MSFT,625.67,636.74,613.46,624.52,21788092
2025-12-18,TSLA,448.18,469.71,418.86,440.0,80227452
2025-12-19,AAPL,324.42,328.51,315.36,319.39,83230249
2025-12-19,AMZN,304.98,308.88,299.76,303.65,34795032
2025-12-19,GOOGL,230.81,242.01,225.62,236.69,26128153
2025-12-19,MSFT,643.78,657.57,623.25,636.9,41786117
2025-12-19,TSLA,456.04,475.38,429.23,448.24,112270269
2025-12-22,AAPL,314.77,320.12,305.61,310.9,61966466
2025-12-22,AMZN,293.06,299.54,286.3,292.78,33995849
2025-12-22,GOOGL,238.11,245.18,233.81,240.83,28222892
2025-12-22,MSFT,636.92,651.65,622.86,637.57,22858263
2025-12-22,TSLA,432.48,457.77,416.75,441.71,172097710
2025-12-23,AAPL,309.36,314.96,307.43,313.0,76847284
2025-12-23,AMZN,288.78,296.88,281.84,289.91,50343916
2025-12-23,GOOGL,246.1,253.11,237.78,244.76,25452832
2025-12-23,MSFT,645.33,656.61,629.52,640.71,19051913
2025-12-23,TSLA,471.48,487.7,459.8,475.91,125836287
2025-12-24,AAPL,317.61,323.63,309.67,315.65,70706438
2025-12-24,AMZN,283.24,290.22,274.42,281.35,33349843
2025-12-24,GOOGL,233.97,239.4,228.13,233.55,27659196
2025-12-24,MSFT,653.16,662.03,640.77,649.58,19947433
2025-12-24,TSLA,497.37,520.74,460.39,483.09,72884964
2025-12-25,AAPL,311.16,320.61,303.16,312.58,70551978
2025-12-25,AMZN,279.89,289.11,272.77,281.94,25386099
2025-12-25,GOOGL,237.09,242.01,232.12,237.04,27875175
2025-12-25,MSFT,658.48,670.6,645.59,657.7,20231954
2025-12-25,TSLA,484.43,504.33,461.2,480.96,145634611
2025-12-26,AAPL,319.85,323.06,315.89,319.09,60591131
2025-12-26,AMZN,286.33,293.38,279.25,286.3,26878417
2025-12-26,GOOGL,241.03,246.43,232.89,238.22,27949440
2025-12-26,MSFT,655.55,668.59,639.39,652.37,26343827
2025-12-26,TSLA,499.21,527.3,464.72,492.43,143195812
2025-12-29,AAPL,317.57,322.28,312.03,316.73,45230561
2025-12-29,AMZN,287.39,294.72,277.8,285.08,46669757
2025-12-29,GOOGL,234.02,239.91,229.87,235.73,26525410
2025-12-29,MSFT,658.31,670.38,644.89,656.93,24722792
2025-12-29,TSLA,471.63,492.41,460.84,481.4,92749612
2025-12-30,AAPL,315.36,322.27,309.12,316.02,46775135
2025-12-30,AMZN,279.9,286.41,275.57,282.05,26346407
2025-12-30,GOOGL,233.44,236.37,228.95,231.86,24465238
2025-12-30,MSFT,659.77,675.95,644.4,660.57,35172478
2025-12-30,TSLA,500.34,522.38,472.86,494.65,122221548
2025-12-31,AAPL,311.44,321.42,303.73,313.66,76526978
2025-12-31,AMZN,272.97,282.12,264.89,274.0,36010788
2025-12-31,GOOGL,230.06,237.91,224.13,231.93,24502237
2025-12-31,MSFT,663.58,671.43,653.56,661.38,34174523
2025-12-31,TSLA,494.76,528.05,474.6,507.37,85489833
2026-01-01,AAPL,310.5,317.31,305.66,312.44,65316196
2026-01-01,AMZN,282.33,287.84,278.51,283.99,41021586
2026-01-01,GOOGL,234.01,238.59,228.8,233.36,26438538
2026-01-01,MSFT,665.59,674.54,648.66,657.51,26435422
2026-01-01,TSLA,508.34,543.12,492.37,526.59,119065554
2026-01-02,AAPL,302.58,309.45,298.27,305.1,62749176
2026-01-02,AMZN,285.05,291.7,277.08,283.7,55127898
2026-01-02,GOOGL,235.82,238.05,233.24,235.46,30158838
2026-01-02,MSFT,661.05,675.98,643.54,658.41,49723690
2026-01-02,TSLA,521.04,546.74,489.12,514.49,90820514
2026-01-05,AAPL,294.09,298.5,291.93,296.31,58111786
2026-01-05,AMZN,281.91,286.62,276.18,280.87,41822726
2026-01-05,GOOGL,235.29,240.71,229.39,234.8,37279631
2026-01-05,MSFT,680.53,686.99,672.83,679.27,26342672
2026-01-05,TSLA,501.74,521.42,470.26,489.46,64470802
2026-01-06,AAPL,304.02,309.85,298.38,304.2,60040681
2026-01-06,AMZN,288.61,293.14,285.67,290.19,36754313
2026-01-06,GOOGL,222.65,228.04,218.14,223.51,28302926
2026-01-06,MSFT,668.72,683.34,659.19,673.74,27275385
2026-01-06,TSLA,474.33,488.43,462.39,476.45,28500000
2026-01-07,AAPL,296.72,307.32,288.11,298.65,82012316
2026-01-07,AMZN,288.75,293.77,282.71,287.72,20926945
2026-01-07,GOOGL,222.62,229.35,215.21,221.91,27358797
2026-01-07,MSFT,693.96,703.17,676.61,685.71,19058074
2026-01-07,TSLA,465.04,485.38,449.34,469.53,88618055
2026-01-08,AAPL,294.39,300.13,286.89,292.6,59552283
2026-01-08,AMZN,273.69,287.73,268.15,282.02,41952256
2026-01-08,GOOGL,218.23,222.94,212.66,217.36,32596436
2026-01-08,MSFT,668.12,682.31,662.1,676.21,27436217
2026-01-08,TSLA,510.44,523.22,483.19,495.6,101627734
2026-01-09,AAPL,284.68,289.76,275.89,280.91,43207698
2026-01-09,AMZN,280.2,288.54,269.51,277.77,43958010
2026-01-09,GOOGL,224.05,230.23,221.15,227.3,27477873
2026-01-09,MSFT,654.54,674.83,644.04,664.18,30081804
2026-01-09,TSLA,530.2,548.01,514.25,532.01,126595015
2026-01-12,AAPL,276.05,282.97,270.6,277.49,77084341
2026-01-12,AMZN,275.43,284.38,264.01,272.87,41846767
2026-01-12,GOOGL,230.02,232.15,225.97,228.08,18373063
2026-01-12,MSFT,702.73,717.35,685.95,700.52,19710453
2026-01-12,TSLA,533.54,556.8,510.92,534.16,95869844
2026-01-13,AAPL,271.45,276.32,266.0,270.86,61670754
2026-01-13,AMZN,265.61,272.42,260.25,267.03,45043114
2026-01-13,GOOGL,229.12,238.39,222.8,231.99,20416683
2026-01-13,MSFT,698.89,716.69,686.45,704.16,24509160
2026-01-13,TSLA,545.7,570.47,505.94,529.99,118819115
2026-01-14,AAPL,280.35,284.16,275.29,279.09,65510182
2026-01-14,AMZN,261.59,266.77,258.39,263.54,42581176
2026-01-14,GOOGL,233.29,239.97,228.71,235.35,36430747
2026-01-14,MSFT,714.6,729.66,693.12,708.05,30289075
2026-01-14,TSLA,516.21,538.81,496.94,519.42,84218888
2026-01-15,AAPL,285.27,291.68,277.69,284.07,91123147
2026-01-15,AMZN,277.59,281.31,274.05,277.76,47301521
2026-01-15,GOOGL,237.69,241.21,233.61,237.12,20541041
2026-01-15,MSFT,702.0,728.63,685.79,712.19,24326151
2026-01-15,TSLA,524.67,545.14,510.44,530.75,86989624
2026-01-16,AAPL,280.48,285.87,274.9,280.28,64665890
2026-01-16,AMZN,268.62,278.22,261.67,271.21,30541377
2026-01-16,GOOGL,236.8,240.52,231.71,235.4,28563420
2026-01-16,MSFT,732.14,743.14,715.28,726.2,22860885
2026-01-16,TSLA,576.59,599.08,546.3,568.48,120033347
2026-01-19,AAPL,293.65,298.97,286.43,291.7,69699234
2026-01-19,AMZN,261.02,269.8,254.37,263.1,49610495
2026-01-19,GOOGL,233.66,240.16,226.67,233.15,18820586
2026-01-19,MSFT,732.67,755.02,705.4,727.6,33474931
2026-01-19,TSLA,591.68,624.66,566.47,599.14,36463980
2026-01-20,AAPL,297.66,301.45,292.6,296.37,45842493
2026-01-20,AMZN,266.01,270.58,260.6,265.16,28386783
2026-01-20,GOOGL,225.0,230.14,219.15,224.27,33026835
2026-01-20,MSFT,734.78,745.98,722.86,734.04,19025203
2026-01-20,TSLA,614.77,625.14,605.99,616.33,95308365
2026-01-21,AAPL,290.71,301.35,283.43,293.98,61430371
2026-01-21,AMZN,267.44,271.08,261.58,265.19,31878416
2026-01-21,GOOGL,222.97,231.53,217.04,225.53,22123937
2026-01-21,MSFT,704.35,728.56,693.13,717.14,20384543
2026-01-21,TSLA,618.54,656.1,596.14,633.16,85500917
2026-01-22,AAPL,282.69,288.79,274.44,280.49,74904798
2026-01-22,AMZN,270.25,277.62,262.01,269.35,60219561
2026-01-22,GOOGL,226.29,232.37,221.44,227.49,25517372
2026-01-22,MSFT,715.27,735.63,705.69,725.91,29241655
2026-01-22,TSLA,645.43,666.74,622.11,643.35,127314516
2026-01-23,AAPL,294.47,298.89,287.75,292.14,39725176
2026-01-23,AMZN,274.66,278.3,263.04,266.58,31966876
2026-01-23,GOOGL,223.14,231.22,219.79,227.81,23573494
2026-01-23,MSFT,720.9,735.16,705.2,719.44,33923114
2026-01-23,TSLA,634.34,662.89,605.06,633.58,82454150
2026-01-26,AAPL,282.46,291.07,275.85,284.42,68263732
2026-01-26,AMZN,265.62,270.45,257.41,262.18,34782290
2026-01-26,GOOGL,226.89,236.03,219.92,229.0,28155416
2026-01-26,MSFT,722.9,735.57,711.68,724.33,30138667
2026-01-26,TSLA,619.7,643.9,585.58,609.38,107268893
2026-01-27,AAPL,275.95,280.17,271.63,275.85,192017715
2026-01-27,AMZN,274.24,280.81,265.61,272.14,37656896
2026-01-27,GOOGL,221.02,227.98,217.12,224.03,26072156
2026-01-27,MSFT,704.45,716.15,688.51,700.13,26432789
2026-01-27,TSLA,610.7,635.18,577.56,601.68,116886028
2026-01-28,AAPL,282.7,286.59,277.1,280.97,65670921
2026-01-28,AMZN,265.28,267.51,261.14,263.35,36432520
2026-01-28,GOOGL,223.39,228.93,217.81,223.36,30687275
2026-01-28,MSFT,704.58,716.24,693.34,704.99,25862279
2026-01-28,TSLA,609.42,627.67,585.52,603.6,59550845
2026-01-29,AAPL,292.87,297.5,288.8,293.42,81853832
2026-01-29,AMZN,266.13,273.31,258.71,265.89,58152100
2026-01-29,GOOGL,226.34,232.34,215.27,221.13,29095418
2026-01-29,MSFT,675.04,686.64,664.35,675.93,35073093
2026-01-29,TSLA,570.91,590.9,547.14,566.99,91689955
2026-01-30,AAPL,303.17,305.73,297.74,300.27,70434625
2026-01-30,AMZN,271.67,281.45,260.51,270.24,22743951
2026-01-30,GOOGL,226.54,231.08,220.32,224.83,26761446
2026-01-30,MSFT,657.12,682.9,645.41,670.95,34013010
2026-01-30,TSLA,557.75,583.55,532.71,558.47,84748634
2026-02-02,AAPL,309.01,315.36,296.36,302.57,89018668
2026-02-02,AMZN,275.87,281.86,269.32,275.3,61853717
2026-02-02,GOOGL,220.58,228.65,217.64,225.64,29071166
2026-02-02,MSFT,654.72,664.35,640.62,650.18,28348944
2026-02-02,TSLA,543.25,561.9,519.07,537.52,117474464
2026-02-03,AAPL,302.84,307.47,300.38,305.0,48854170
2026-02-03,AMZN,276.77,282.52,268.06,273.75,41446942
2026-02-03,GOOGL,219.99,226.94,216.49,223.38,29377309
2026-02-03,MSFT,652.61,666.03,642.85,656.23,26056669
2026-02-03,TSLA,541.65,572.75,521.7,552.41,111033193
2026-02-04,AAPL,304.97,312.32,301.5,308.81,67208774
2026-02-04,AMZN,266.13,272.59,260.47,266.91,49614856
2026-02-04,GOOGL,220.44,228.72,215.14,223.34,22515880
2026-02-04,MSFT,653.63,670.58,638.94,655.85,28246905
2026-02-04,TSLA,514.96,547.17,505.24,537.04,89461451
2026-02-05,AAPL,312.87,315.0,309.9,312.02,66372585
2026-02-05,AMZN,274.96,282.11,268.79,275.92,40203690
2026-02-05,GOOGL,215.56,224.51,210.56,219.42,22039317
2026-02-05,MSFT,640.32,656.21,630.39,646.19,22909617
2026-02-05,TSLA,549.8,568.65,520.38,538.85,70124058
2026-02-06,AAPL,314.5,320.02,306.99,312.47,95092273
2026-02-06,AMZN,276.93,281.47,269.06,273.55,48152691
2026-02-06,GOOGL,218.15,224.85,212.08,218.77,34700593
2026-02-06,MSFT,652.65,673.84,640.28,661.31,26948770
2026-02-06,TSLA,527.66,534.98,514.27,521.51,119655984
2026-02-09,AAPL,311.28,317.29,305.93,311.92,80539793
2026-02-09,AMZN,281.4,286.7,277.48,282.76,30556404
2026-02-09,GOOGL,222.66,228.63,216.19,222.15,29414269
2026-02-09,MSFT,658.18,666.38,641.94,650.04,24573243
2026-02-09,TSLA,546.32,563.73,530.16,547.54,93393246
2026-02-10,AAPL,314.52,319.63,305.42,310.46,102775941
2026-02-10,AMZN,282.13,290.31,276.84,284.96,26450272
2026-02-10,GOOGL,214.21,220.11,211.15,217.01,27527497
2026-02-10,MSFT,620.7,629.84,607.45,616.53,27294086
2026-02-10,TSLA,521.06,539.64,493.2,511.44,56563556
2026-02-11,AAPL,301.56,309.01,297.83,305.24,64723651
2026-02-11,AMZN,279.81,288.22,273.66,282.02,65931210
2026-02-11,GOOGL,217.13,223.85,210.9,217.61,19989506
2026-02-11,MSFT,626.35,633.06,615.4,622.06,24824210
2026-02-11,TSLA,509.99,538.85,488.04,516.61,58605965
2026-02-12,AAPL,304.71,308.27,299.29,302.82,73206592
2026-02-12,AMZN,286.64,290.85,280.22,284.4,59134715
2026-02-12,GOOGL,215.68,218.67,212.23,215.21,13823453
2026-02-12,MSFT,602.52,619.6,586.57,603.63,31667663
2026-02-12,TSLA,484.57,502.65,472.69,490.62,105393793
2026-02-13,AAPL,291.37,298.97,285.39,292.96,149850656
2026-02-13,AMZN,299.5,303.25,287.68,291.33,29462216
2026-02-13,GOOGL,211.92,216.91,205.49,210.45,23170821
2026-02-13,MSFT,586.54,609.63,572.45,595.33,33728837
2026-02-13,TSLA,472.31,498.05,453.92,479.39,64699602
2026-02-16,AAPL,296.49,300.95,287.58,291.97,53404249
2026-02-16,AMZN,288.87,296.91,283.61,291.59,47165471
2026-02-16,GOOGL,219.87,227.46,211.95,219.53,22170880
2026-02-16,MSFT,601.45,613.5,579.05,590.89,25341989
2026-02-16,TSLA,485.4,509.88,456.4,480.63,139166627
2026-02-17,AAPL,291.53,297.27,280.75,286.39,35412645
2026-02-17,AMZN,288.82,292.46,283.26,286.88,51578769
2026-02-17,GOOGL,226.68,231.64,220.99,225.93,23060465
2026-02-17,MSFT,579.72,595.94,561.49,577.65,22316842
2026-02-17,TSLA,469.3,496.32,456.03,482.67,72744580
2026-02-18,AAPL,278.57,284.21,274.89,280.5,53531180
2026-02-18,AMZN,276.67,283.65,269.25,276.22,46601882
2026-02-18,GOOGL,223.8,225.97,221.71,223.88,30330352
2026-02-18,MSFT,574.78,586.81,562.09,574.11,32981352
2026-02-18,TSLA,477.72,493.3,468.76,484.22,94991432
2026-02-19,AAPL,279.95,286.68,274.63,281.34,42380676
2026-02-19,AMZN,277.24,277.43,273.81,274.0,37916724
2026-02-19,GOOGL,221.02,227.31,217.03,223.28,34546307
2026-02-19,MSFT,560.21,570.99,551.18,561.93,29293311
2026-02-19,TSLA,486.88,505.4,465.99,484.42,98778909
2026-02-20,AAPL,290.61,297.88,281.16,288.38,92691658
2026-02-20,AMZN,280.86,284.69,275.19,278.99,60244993
2026-02-20,GOOGL,213.41,222.23,206.36,215.12,31934163
2026-02-20,MSFT,555.41,575.92,544.91,565.23,25432847
2026-02-20,TSLA,461.41,481.94,451.04,471.34,77677278
2026-02-23,AAPL,291.85,299.07,285.67,292.87,63129467
2026-02-23,AMZN,276.71,284.98,265.12,273.29,46876626
2026-02-23,GOOGL,206.52,213.21,202.65,209.29,21214269
2026-02-23,MSFT,560.57,573.99,541.89,555.18,37628863
2026-02-23,TSLA,461.35,479.06,449.17,466.74,41804108
2026-02-24,AAPL,284.16,288.76,279.68,284.27,116919391
2026-02-24,AMZN,278.41,283.87,272.12,277.56,30720963
2026-02-24,GOOGL,208.77,214.6,199.93,205.68,28363587
2026-02-24,MSFT,552.41,564.39,545.5,557.42,24044760
2026-02-24,TSLA,447.49,486.31,427.49,465.5,266719183
2026-02-25,AAPL,279.15,284.56,273.67,279.09,79448749
2026-02-25,AMZN,275.5,284.1,269.4,277.94,36131136
2026-02-25,GOOGL,203.69,209.67,200.78,206.73,21954246
2026-02-25,MSFT,573.13,579.44,564.19,570.48,14049445
2026-02-25,TSLA,471.93,497.75,441.43,466.98,77110550
2026-02-26,AAPL,278.94,288.58,274.28,283.84,46771544
2026-02-26,AMZN,280.51,288.23,274.85,282.53,80950143
2026-02-26,GOOGL,209.38,213.12,203.7,207.41,13493051
2026-02-26,MSFT,583.49,594.62,568.64,579.69,23044284
2026-02-26,TSLA,458.57,475.53,447.34,464.16,97767787
2026-02-27,AAPL,278.68,283.74,273.65,278.72,52538459
2026-02-27,AMZN,269.66,274.25,264.47,269.06,38926031
2026-02-27,GOOGL,206.88,213.87,203.01,209.94,24522127
2026-02-27,MSFT,581.85,590.0,572.07,580.2,39328649
2026-02-27,TSLA,465.34,487.41,452.66,474.47,92094637
2026-03-02,AAPL,275.88,282.11,271.4,277.6,66106174
2026-03-02,AMZN,262.89,270.22,254.31,261.61,38602545
2026-03-02,GOOGL,215.55,222.38,207.13,213.91,32879533
2026-03-02,MSFT,574.1,577.24,568.68,571.81,25776073
2026-03-02,TSLA,463.28,488.43,449.21,474.03,101253167
2026-03-03,AAPL,279.16,285.21,274.39,280.41,81717496
2026-03-03,AMZN,258.7,264.27,254.2,259.75,47553626
2026-03-03,GOOGL,218.2,222.16,212.17,216.09,22908156
2026-03-03,MSFT,581.5,587.7,568.79,574.92,24391924
2026-03-03,TSLA,471.91,489.29,458.11,475.39,132094415
2026-03-04,AAPL,279.11,284.45,270.26,275.53,73152381
2026-03-04,AMZN,276.63,281.0,266.62,270.9,47406481
2026-03-04,GOOGL,214.83,216.7,210.54,212.39,30207653
2026-03-04,MSFT,565.78,578.39,557.06,569.62,28186221
2026-03-04,TSLA,454.16,492.91,429.05,467.08,82028153
2026-03-05,AAPL,273.05,279.66,269.6,276.17,69035283
2026-03-05,AMZN,269.7,276.48,260.35,267.07,43883392
2026-03-05,GOOGL,212.57,222.17,205.28,214.81,20839965
2026-03-05,MSFT,574.0,583.9,563.32,573.2,35077441
2026-03-05,TSLA,463.77,477.42,435.32,448.52,83864939
2026-03-06,AAPL,271.69,275.09,266.34,269.72,66269413
2026-03-06,AMZN,261.06,269.26,258.75,266.9,43613989
2026-03-06,GOOGL,218.9,223.58,213.87,218.54,29303115
2026-03-06,MSFT,557.16,567.94,547.47,558.23,27419700
2026-03-06,TSLA,431.06,463.74,417.73,449.83,55437314
2026-03-09,AAPL,266.43,269.91,263.64,267.1,71503832
2026-03-09,AMZN,279.44,285.18,274.08,279.81,50432667
2026-03-09,GOOGL,216.25,222.76,211.07,217.55,23477503
2026-03-09,MSFT,559.04,583.39,543.82,567.92,32139433
2026-03-09,TSLA,464.36,492.38,440.23,468.05,90364381
2026-03-10,AAPL,268.35,271.54,265.83,269.02,68276859
2026-03-10,AMZN,279.47,287.53,274.51,282.52,37741622
2026-03-10,GOOGL,208.68,212.72,206.51,210.54,34521053
2026-03-10,MSFT,571.34,580.45,560.87,569.95,26675136
2026-03-10,TSLA,474.49,493.97,454.16,473.61,104734412
2026-03-11,AAPL,263.59,266.61,258.74,261.73,48262950
2026-03-11,AMZN,293.54,299.15,282.29,287.78,16069382
2026-03-11,GOOGL,216.8,221.47,212.04,216.71,23041733
2026-03-11,MSFT,599.8,610.84,582.55,593.48,32194478
2026-03-11,TSLA,452.16,479.16,431.65,458.38,83516996
2026-03-12,AAPL,265.16,270.17,259.37,264.36,65748787
2026-03-12,AMZN,277.27,288.98,272.3,283.89,61109679
2026-03-12,GOOGL,219.8,224.22,213.64,218.03,21610085
2026-03-12,MSFT,614.96,620.32,602.56,607.85,29261839
2026-03-12,TSLA,471.93,483.96,458.2,470.18,104890224
2026-03-13,AAPL,266.09,269.59,261.24,264.73,47552559
2026-03-13,AMZN,292.37,299.2,284.28,291.09,30892601
2026-03-13,GOOGL,205.89,210.07,202.97,207.12,34196797
2026-03-13,MSFT,624.05,634.56,604.01,614.35,25214057
2026-03-13,TSLA,456.44,476.55,443.01,462.92,90784172
2026-03-16,AAPL,270.17,275.78,262.27,267.84,169105383
2026-03-16,AMZN,299.59,307.96,290.85,299.2,46954666
2026-03-16,GOOGL,217.83,223.06,211.9,217.11,48211792
2026-03-16,MSFT,604.25,624.97,592.94,613.5,29806643
2026-03-16,TSLA,485.72,497.42,461.66,473.06,64071176
2026-03-17,AAPL,268.49,274.19,263.61,269.29,57189470
2026-03-17,AMZN,304.57,311.85,294.77,301.99,36593787
2026-03-17,GOOGL,214.01,218.08,211.92,215.97,26330203
2026-03-17,MSFT,614.8,620.94,600.35,606.4,24202430
2026-03-17,TSLA,456.02,485.32,436.22,465.13,102409645
2026-03-18,AAPL,274.81,278.37,272.78,276.33,106264951
2026-03-18,AMZN,302.01,307.71,295.31,300.99,53980309
2026-03-18,GOOGL,225.41,231.01,222.22,227.79,21439794
2026-03-18,MSFT,617.87,625.43,609.35,616.9,18352681
2026-03-18,TSLA,449.97,491.74,428.43,469.28,90111486
2026-03-19,AAPL,274.39,283.06,268.48,277.09,64351716
2026-03-19,AMZN,310.72,318.49,296.52,304.12,30383083
2026-03-19,GOOGL,229.43,236.46,223.18,230.18,30775604
2026-03-19,MSFT,623.26,635.41,602.9,614.89,27860785
2026-03-19,TSLA,448.69,472.3,435.81,459.12,97915498
2026-03-20,AAPL,273.03,281.23,266.92,275.08,42181107
2026-03-20,AMZN,296.24,303.86,285.86,293.41,32892145
2026-03-20,GOOGL,229.24,233.44,225.65,229.84,33105497
2026-03-20,MSFT,625.6,636.62,616.7,627.7,18974379
2026-03-20,TSLA,452.93,467.05,435.86,449.89,81534940
2026-03-23,AAPL,283.19,286.76,272.38,275.86,62819571
2026-03-23,AMZN,294.22,307.0,287.37,300.01,35022331
2026-03-23,GOOGL,232.85,236.82,227.36,231.3,20784199
2026-03-23,MSFT,629.24,642.51,618.87,632.09,32182006
2026-03-23,TSLA,423.97,438.29,410.56,424.85,79434190
2026-03-24,AAPL,281.86,287.57,273.09,278.74,73439579
2026-03-24,AMZN,298.68,306.92,286.21,294.34,45542958
2026-03-24,GOOGL,225.75,233.31,221.11,228.61,28414617
2026-03-24,MSFT,629.9,649.05,617.45,636.47,27737564
2026-03-24,TSLA,437.91,446.12,424.12,432.22,98738506
2026-03-25,AAPL,275.67,282.8,271.99,279.07,92192164
2026-03-25,AMZN,293.05,294.87,290.61,292.43,42230370
2026-03-25,GOOGL,234.5,238.67,225.47,229.54,28994730
2026-03-25,MSFT,647.03,664.75,625.19,642.79,37963043
2026-03-25,TSLA,441.16,453.48,425.11,437.32,89523252
2026-03-26,AAPL,276.02,284.52,270.91,279.35,55421398
2026-03-26,AMZN,304.93,311.38,294.13,300.49,45652082
2026-03-26,GOOGL,235.32,245.4,229.64,239.62,25788753
2026-03-26,MSFT,635.27,645.35,622.47,632.5,25688340
2026-03-26,TSLA,438.27,462.32,419.38,443.21,135951608
2026-03-27,AAPL,277.11,280.2,272.83,275.91,39285545
2026-03-27,AMZN,306.09,314.16,299.07,307.11,41267570
2026-03-27,GOOGL,236.23,241.21,230.73,235.69,34534944
2026-03-27,MSFT,615.7,637.78,599.68,621.61,27859809
2026-03-27,TSLA,442.81,458.15,431.38,446.63,113969849
2026-03-30,AAPL,274.16,276.44,270.54,272.81,78273601
2026-03-30,AMZN,292.97,299.73,289.55,296.27,49320288
2026-03-30,GOOGL,238.01,241.31,235.4,238.69,34487664
2026-03-30,MSFT,599.63,615.15,595.43,610.87,17712617
2026-03-30,TSLA,431.0,449.54,415.5,433.93,107943851
2026-03-31,AAPL,267.59,271.86,262.04,266.28,42565271
2026-03-31,AMZN,286.39,296.7,279.98,290.2,49487994
2026-03-31,GOOGL,234.13,239.33,230.48,235.66,19670969
2026-03-31,MSFT,624.71,635.8,611.46,622.51,20271346
2026-03-31,TSLA,463.05,472.9,438.74,448.27,90784830
2026-04-01,AAPL,274.65,280.05,269.89,275.28,57912474
2026-04-01,AMZN,297.36,305.32,286.21,294.08,55144802
2026-04-01,GOOGL,234.93,238.86,231.42,235.34,32554113
2026-04-01,MSFT,615.67,625.08,603.54,612.91,16248940
2026-04-01,TSLA,468.67,484.37,447.56,463.07,46881943
2026-04-02,AAPL,269.08,273.66,264.82,269.39,60813667
2026-04-02,AMZN,285.75,291.35,277.83,283.38,43437965
2026-04-02,GOOGL,246.99,251.24,241.11,245.34,28166347
2026-04-02,MSFT,599.95,613.67,591.38,605.03,35542456
2026-04-02,TSLA,463.89,477.38,435.96,449.02,75819620
2026-04-03,AAPL,267.21,270.32,263.34,266.43,63868456
2026-04-03,AMZN,290.31,299.47,283.01,292.13,43390209
2026-04-03,GOOGL,250.19,255.36,243.01,248.14,26525047
2026-04-03,MSFT,605.27,623.89,592.95,611.45,24783119
2026-04-03,TSLA,463.14,473.41,446.3,456.42,79626780
2026-04-06,AAPL,263.68,267.85,259.3,263.47,76198922
2026-04-06,AMZN,284.55,300.79,276.74,292.76,57670086
2026-04-06,GOOGL,251.45,257.5,245.95,251.99,23548800
2026-04-06,MSFT,612.91,622.66,599.82,609.52,37289558
2026-04-06,TSLA,468.79,489.64,448.5,469.32,88469120
2026-04-07,AAPL,262.96,273.54,257.84,268.32,53890942
2026-04-07,AMZN,304.95,313.93,292.59,301.47,51974026
2026-04-07,GOOGL,253.2,254.67,250.9,252.36,15735676
2026-04-07,MSFT,615.91,620.02,602.3,606.34,9235722
2026-04-07,TSLA,451.8,480.19,431.97,460.0,94207711
2026-04-08,AAPL,266.77,272.07,262.03,267.32,60551899
2026-04-08,AMZN,290.09,304.82,281.87,296.43,45187344
2026-04-08,GOOGL,262.81,273.31,255.93,266.35,26768885
2026-04-08,MSFT,599.86,607.76,594.53,602.4,38836520
2026-04-08,TSLA,455.51,466.82,442.64,453.91,110581780
2026-04-09,AAPL,271.77,279.07,266.61,273.87,64768106
2026-04-09,AMZN,298.84,307.68,283.52,292.17,26055266
2026-04-09,GOOGL,260.45,266.0,255.38,260.93,26924172
2026-04-09,MSFT,575.65,591.98,563.74,579.99,27523839
2026-04-09,TSLA,460.8,476.39,445.72,461.29,101487207
2026-04-10,AAPL,271.27,275.17,266.94,270.84,67430966
2026-04-10,AMZN,293.98,303.84,288.73,298.51,23163186
2026-04-10,GOOGL,253.57,256.94,249.22,252.57,37467087
2026-04-10,MSFT,573.57,578.53,567.17,572.12,30378931
2026-04-10,TSLA,435.5,451.68,420.05,436.21,287934625
2026-04-13,AAPL,279.9,286.71,265.94,272.57,66589691
2026-04-13,AMZN,296.44,301.94,290.9,296.4,46127063
2026-04-13,GOOGL,255.28,267.97,248.72,261.25,20786756
2026-04-13,MSFT,588.76,601.02,573.41,585.6,44894223
2026-04-13,TSLA,417.81,426.03,411.14,419.34,87592328
2026-04-14,AAPL,269.71,272.85,265.69,268.82,72085093
2026-04-14,AMZN,289.28,290.85,287.02,288.59,46539248
2026-04-14,GOOGL,259.22,261.13,257.11,259.01,14954554
2026-04-14,MSFT,579.92,591.98,569.69,581.72,31691029
2026-04-14,TSLA,390.45,413.23,382.52,405.0,101107619
2026-04-15,AAPL,279.07,285.63,273.31,279.86,78712392
2026-04-15,AMZN,293.18,297.37,287.89,292.06,32772134
2026-04-15,GOOGL,260.53,263.72,257.78,260.97,17630167
2026-04-15,MSFT,574.49,583.76,555.66,564.77,25382600
2026-04-15,TSLA,389.06,407.94,362.2,380.67,103166300
2026-04-16,AAPL,276.33,283.06,267.37,274.05,71380304
2026-04-16,AMZN,283.37,291.49,274.31,282.41,43538972
2026-04-16,GOOGL,273.27,282.23,261.0,269.84,34945144
2026-04-16,MSFT,561.47,570.78,547.96,557.2,19642320
2026-04-16,TSLA,396.15,405.94,386.71,396.5,100835999
2026-04-17,AAPL,277.08,282.79,270.2,275.88,72370764
2026-04-17,AMZN,291.74,296.75,286.33,291.34,30868544
2026-04-17,GOOGL,272.08,277.76,265.96,271.63,22201314
2026-04-17,MSFT,561.08,573.95,550.07,562.9,19546335
2026-04-17,TSLA,361.25,388.28,343.84,370.42,125444893
2026-04-20,AAPL,280.35,285.09,274.57,279.29,39288873
2026-04-20,AMZN,291.12,299.32,284.27,292.45,45721793
2026-04-20,GOOGL,284.79,289.23,279.02,283.43,33523907
2026-04-20,MSFT,560.62,574.56,554.45,568.31,19422546
2026-04-20,TSLA,379.43,387.35,368.4,376.25,114089640
2026-04-21,AAPL,283.07,287.35,277.27,281.53,65816200
2026-04-21,AMZN,286.32,293.45,279.87,286.99,45982208
2026-04-21,GOOGL,282.49,289.11,276.66,283.26,25039103
2026-04-21,MSFT,573.83,583.71,557.69,567.46,30661677
2026-04-21,TSLA,382.5,404.6,366.47,388.32,63664173
2026-04-22,AAPL,285.87,292.62,274.06,280.68,72791997
2026-04-22,AMZN,292.09,302.57,283.67,294.1,45917426
2026-04-22,GOOGL,280.12,285.42,273.1,278.36,18908210
2026-04-22,MSFT,568.56,574.92,556.56,562.86,23550578
2026-04-22,TSLA,388.99,401.34,372.98,385.2,92284636
2026-04-23,AAPL,277.29,283.03,274.43,280.14,76845294
2026-04-23,AMZN,301.65,304.14,298.79,301.28,43355356
2026-04-23,GOOGL,266.32,271.7,259.48,264.83,37508237
2026-04-23,MSFT,550.29,561.55,540.48,551.71,16519343
2026-04-23,TSLA,383.05,395.77,364.7,377.23,94668125
2026-04-24,AAPL,281.69,285.29,276.92,280.5,53749299
2026-04-24,AMZN,295.46,307.99,288.6,301.0,37058777
2026-04-24,GOOGL,262.62,272.2,256.6,266.1,33236104
2026-04-24,MSFT,559.32,570.67,546.34,557.66,30585096
2026-04-24,TSLA,388.31,409.47,360.72,381.5,146099100
2026-04-27,AAPL,277.55,284.32,273.15,279.88,54290611
2026-04-27,AMZN,316.48,323.79,308.14,315.43,90075591
2026-04-27,GOOGL,254.9,259.69,249.33,254.11,23878020
2026-04-27,MSFT,567.28,578.14,557.16,568.01,12790893
2026-04-27,TSLA,381.51,390.94,373.18,382.59,87167459
2026-04-28,AAPL,286.36,293.43,277.9,284.94,55670864
2026-04-28,AMZN,329.59,335.08,324.45,329.93,51590985
2026-04-28,GOOGL,258.79,264.52,250.11,255.77,31229986
2026-04-28,MSFT,585.27,597.04,570.98,582.69,37303504
2026-04-28,TSLA,394.47,413.73,378.2,397.34,71666007
2026-04-29,AAPL,294.06,302.46,288.16,296.51,73716725
2026-04-29,AMZN,333.89,342.92,322.01,330.96,44149148
2026-04-29,GOOGL,265.89,270.96,258.29,263.3,25769139
2026-04-29,MSFT,568.44,581.14,560.8,573.43,41904874
2026-04-29,TSLA,359.02,377.81,344.37,363.0,105410228
2026-04-30,AAPL,292.11,296.96,288.38,293.21,81800567
2026-04-30,AMZN,336.11,341.29,332.01,337.18,44880889
2026-04-30,GOOGL,263.02,266.98,258.98,262.95,27734922
2026-04-30,MSFT,583.04,598.7,573.31,588.88,18813034
2026-04-30,TSLA,348.56,377.82,324.09,353.03,106803410
2026-05-01,AAPL,285.08,290.51,280.43,285.84,58378773
2026-05-01,AMZN,347.27,356.9,335.53,345.09,40864898
2026-05-01,GOOGL,264.54,268.08,260.17,263.69,36014510
2026-05-01,MSFT,593.9,603.28,580.52,589.84,35367154
2026-05-01,TSLA,361.79,370.47,353.22,361.9,93247894
2026-05-04,AAPL,287.89,292.11,281.19,285.38,79754387
2026-05-04,AMZN,337.24,339.74,332.81,335.29,46514498
2026-05-04,GOOGL,270.75,278.3,260.8,268.29,15502286
2026-05-04,MSFT,596.33,605.54,582.47,591.61,30443686
2026-05-04,TSLA,362.81,374.5,352.5,364.15,89768801
2026-05-05,AAPL,301.43,305.7,294.72,298.96,67006546
2026-05-05,AMZN,335.45,341.08,330.32,335.94,49589306
2026-05-05,GOOGL,268.4,277.98,261.99,271.49,22758506
2026-05-05,MSFT,599.65,609.94,591.9,602.16,24499729
2026-05-05,TSLA,370.03,391.81,353.91,375.45,117536468
2026-05-06,AAPL,290.97,301.12,284.19,294.27,62980356
2026-05-06,AMZN,331.02,337.68,323.16,329.8,33720329
2026-05-06,GOOGL,278.66,285.97,270.07,277.35,25182568
2026-05-06,MSFT,594.02,606.67,585.23,597.82,24826393
2026-05-06,TSLA,372.57,392.69,360.31,380.18,74727043
2026-05-07,AAPL,302.97,306.18,299.61,302.82,61565006
2026-05-07,AMZN,318.44,330.22,311.31,322.99,45927472
2026-05-07,GOOGL,271.1,282.08,265.67,276.55,27090582
2026-05-07,MSFT,583.14,589.74,570.96,577.5,32581348
2026-05-07,TSLA,378.8,390.96,367.38,379.52,86902358
2026-05-08,AAPL,309.59,319.89,301.33,311.58,77132434
2026-05-08,AMZN,327.42,330.44,319.89,322.87,37739161
2026-05-08,GOOGL,266.01,271.69,258.11,263.74,17195710
2026-05-08,MSFT,582.81,591.27,577.93,586.37,74651534
2026-05-08,TSLA,373.81,393.64,356.97,376.67,82598940
2026-05-11,AAPL,304.22,314.62,297.39,307.71,188002480
2026-05-11,AMZN,321.42,332.18,312.56,323.27,43138533
2026-05-11,GOOGL,268.72,274.86,263.63,269.75,30730809
2026-05-11,MSFT,591.8,599.75,583.58,591.52,9840535
2026-05-11,TSLA,401.76,423.15,388.82,409.95,120979996
2026-05-12,AAPL,309.6,317.62,302.21,310.21,101982163
2026-05-12,AMZN,311.02,319.62,303.01,311.6,48352365
2026-05-12,GOOGL,267.8,275.26,260.59,268.03,17787711
2026-05-12,MSFT,589.07,601.33,577.17,589.42,42511100
2026-05-12,TSLA,439.19,450.45,421.8,432.9,101780487
2026-05-13,AAPL,317.8,323.62,312.87,318.68,51151349
2026-05-13,AMZN,309.83,323.63,299.61,313.3,25482987
2026-05-13,GOOGL,261.53,267.71,256.84,262.99,17188725
2026-05-13,MSFT,589.86,608.17,579.13,597.31,31032219
2026-05-13,TSLA,453.74,473.08,421.33,440.09,69706390
2026-05-14,AAPL,322.4,327.95,310.09,315.51,73419152
2026-05-14,AMZN,308.53,318.95,300.69,311.04,81218154
2026-05-14,GOOGL,264.43,268.27,260.71,264.54,23432593
2026-05-14,MSFT,608.16,614.6,600.74,607.17,27635924
2026-05-14,TSLA,448.13,465.58,423.54,440.7,72092973
2026-05-15,AAPL,314.69,317.92,310.25,313.47,56400483
2026-05-15,AMZN,325.28,330.6,314.53,319.76,33406069
2026-05-15,GOOGL,265.95,272.1,259.13,265.27,36846890
2026-05-15,MSFT,593.33,602.19,584.0,592.85,22971037
2026-05-15,TSLA,442.81,462.68,428.77,448.46,139493609
2026-05-18,AAPL,305.55,314.08,300.91,309.38,50874086
2026-05-18,AMZN,327.31,331.98,322.18,326.84,32696555
2026-05-18,GOOGL,263.01,268.03,256.06,261.04,40885256
2026-05-18,MSFT,596.43,608.67,582.4,594.61,26677276
2026-05-18,TSLA,460.35,475.14,445.98,460.76,120726421
2026-05-19,AAPL,301.57,309.37,295.34,303.11,64823409
2026-05-19,AMZN,319.01,325.88,313.15,320.0,38376510
2026-05-19,GOOGL,257.58,263.12,248.81,254.27,28053263
2026-05-19,MSFT,574.23,582.68,565.02,573.46,36884310
2026-05-19,TSLA,478.87,491.03,454.46,466.3,114986819
2026-05-20,AAPL,301.86,309.4,291.63,299.11,67231977
2026-05-20,AMZN,327.08,339.52,315.72,328.12,56923808
2026-05-20,GOOGL,256.85,263.08,250.5,256.73,23511262
2026-05-20,MSFT,584.75,590.47,568.72,574.33,29831329
2026-05-20,TSLA,443.52,472.11,424.62,452.82,95290864
2026-05-21,AAPL,297.74,301.32,288.73,292.24,112420320
2026-05-21,AMZN,330.77,337.81,323.72,330.76,51784468
2026-05-21,GOOGL,248.2,256.56,244.1,252.39,25976954
2026-05-21,MSFT,578.4,594.9,556.42,572.75,30627622
2026-05-21,TSLA,487.55,502.77,465.95,480.97,130826239
2026-05-22,AAPL,288.11,296.97,283.5,292.29,62007630
2026-05-22,AMZN,330.6,337.73,321.03,328.11,34194101
2026-05-22,GOOGL,256.4,261.19,248.36,253.09,27093187
2026-05-22,MSFT,579.88,589.24,570.33,579.69,19255805
2026-05-22,TSLA,470.97,496.22,458.29,483.22,68794136
2026-05-25,AAPL,283.26,293.08,278.39,288.13,46634595
2026-05-25,AMZN,324.22,333.84,313.95,323.56,48688833
2026-05-25,GOOGL,251.34,259.72,246.78,255.1,34164992
2026-05-25,MSFT,571.75,578.07,564.79,571.11,25552588
2026-05-25,TSLA,531.62,543.05,505.29,516.4,112882978
2026-05-26,AAPL,294.21,297.29,286.31,289.34,69436424
2026-05-26,AMZN,315.69,320.0,310.67,314.98,39567773
2026-05-26,GOOGL,259.04,267.35,251.86,260.14,17386572
2026-05-26,MSFT,577.73,588.06,559.02,569.2,28357360
2026-05-26,TSLA,512.76,536.86,492.7,516.65,84472254
2026-05-27,AAPL,282.3,288.28,275.35,281.32,31287099
2026-05-27,AMZN,303.45,313.9,296.05,306.42,43437492
2026-05-27,GOOGL,269.97,276.74,264.54,271.3,32465405
2026-05-27,MSFT,545.0,554.03,532.07,541.03,32875964
2026-05-27,TSLA,528.99,544.68,494.03,509.13,89088783
2026-05-28,AAPL,280.99,287.19,277.03,283.2,185328391
2026-05-28,AMZN,293.65,301.7,286.53,294.56,30191406
2026-05-28,GOOGL,272.18,277.87,266.45,272.14,16082890
2026-05-28,MSFT,543.44,554.19,538.47,549.17,25089286
2026-05-28,TSLA,547.48,555.08,524.05,531.41,112237495
2026-05-29,AAPL,289.03,293.92,282.77,287.64,65260410
2026-05-29,AMZN,295.2,303.18,286.75,294.72,26793164
2026-05-29,GOOGL,265.98,272.9,262.5,269.38,21994401
2026-05-29,MSFT,555.56,565.27,541.48,551.12,34495081
2026-05-29,TSLA,532.37,545.29,520.46,533.36,91590509
2026-06-01,AAPL,270.95,281.85,266.73,277.53,77912256
2026-06-01,AMZN,282.17,289.71,274.73,282.26,47323485
2026-06-01,GOOGL,274.43,284.86,267.74,278.08,24983932
2026-06-01,MSFT,560.53,572.87,542.46,554.67,19989527
2026-06-01,TSLA,525.43,549.45,508.33,532.13,84675878
2026-06-02,AAPL,279.75,283.59,275.89,279.74,80821361
2026-06-02,AMZN,276.35,283.29,270.65,277.56,40328458
2026-06-02,GOOGL,283.25,289.71,276.86,283.31,27569660
2026-06-02,MSFT,550.82,559.53,534.76,543.35,28486754
2026-06-02,TSLA,508.45,525.15,490.08,506.73,83240005
2026-06-03,AAPL,287.11,292.27,281.12,286.26,56816993
2026-06-03,AMZN,280.46,285.42,277.01,281.96,45225971
2026-06-03,GOOGL,281.2,287.71,276.98,283.46,24977471
2026-06-03,MSFT,548.13,553.57,544.57,550.0,27316695
2026-06-03,TSLA,514.14,532.5,497.46,515.77,47824288
2026-06-04,AAPL,282.51,287.27,275.46,280.18,62552522
2026-06-04,AMZN,292.7,297.81,286.29,291.37,55937475
2026-06-04,GOOGL,287.81,296.89,275.03,283.99,26094156
2026-06-04,MSFT,566.25,579.2,555.64,568.54,17391314
2026-06-04,TSLA,500.39,519.55,484.89,503.93,113126085
2026-06-05,AAPL,286.38,293.64,281.8,289.02,52550536
2026-06-05,AMZN,285.94,293.47,277.08,284.57,37611999
2026-06-05,GOOGL,281.75,289.55,275.55,283.32,25252748
2026-06-05,MSFT,564.52,580.5,553.19,569.08,27666042
2026-06-05,TSLA,479.19,503.13,469.84,493.51,201044840
2026-06-08,AAPL,291.44,295.54,287.12,291.22,99621773
2026-06-08,AMZN,291.59,301.12,279.16,288.59,37703646
2026-06-08,GOOGL,280.52,288.04,275.96,283.44,15495327
2026-06-08,MSFT,579.26,587.38,569.65,577.75,23921768
2026-06-08,TSLA,478.53,495.35,466.18,482.88,139137223
2026-06-09,AAPL,285.1,293.16,279.47,287.49,70035790
2026-06-09,AMZN,287.54,291.37,283.14,286.95,57686612
2026-06-09,GOOGL,286.78,292.51,276.43,282.06,59407664
2026-06-09,MSFT,574.89,582.97,563.31,571.33,37896423
2026-06-09,TSLA,478.94,511.6,456.23,488.44,88169201
2026-06-10,AAPL,287.93,295.68,279.53,287.27,44304234
2026-06-10,AMZN,277.95,287.81,274.37,284.15,40169892
2026-06-10,GOOGL,277.18,282.11,270.97,275.88,30070659
2026-06-10,MSFT,570.37,589.2,554.1,572.87,25128207
2026-06-10,TSLA,465.36,486.71,439.76,460.91,126099195
2026-06-11,AAPL,287.91,295.69,282.51,290.25,58262312
2026-06-11,AMZN,292.52,295.76,282.28,285.45,31966927
2026-06-11,GOOGL,282.87,291.15,267.33,275.39,33391582
2026-06-11,MSFT,559.66,567.98,552.03,560.34,30456093
2026-06-11,TSLA,464.29,483.36,437.63,456.37,52035512
2026-06-12,AAPL,289.57,297.43,282.8,290.63,48828423
2026-06-12,AMZN,281.86,286.44,277.3,281.89,47356821
2026-06-12,GOOGL,279.22,291.98,272.07,284.69,36544170
2026-06-12,MSFT,560.56,576.95,554.24,570.52,19382706
2026-06-12,TSLA,477.37,496.53,452.35,471.26,112372721
2026-06-15,AAPL,290.82,296.53,287.77,293.45,73932351
2026-06-15,AMZN,280.62,289.44,273.06,281.84,37623238
2026-06-15,GOOGL,279.85,286.21,272.93,279.27,27567711
2026-06-15,MSFT,581.78,591.75,564.57,574.41,29655982
2026-06-15,TSLA,452.43,472.57,429.72,449.74,118478198
2026-06-16,AAPL,290.22,295.69,283.09,288.53,94273239
2026-06-16,AMZN,282.54,290.99,274.26,282.71,31773617
2026-06-16,GOOGL,278.47,286.91,268.73,277.12,33821948
2026-06-16,MSFT,557.31,576.08,546.2,564.82,25094675
2026-06-16,TSLA,444.94,462.17,434.6,451.68,125959636
2026-06-17,AAPL,291.71,295.23,285.97,289.47,43849195
2026-06-17,AMZN,288.93,292.43,286.64,290.13,40896865
2026-06-17,GOOGL,271.74,275.48,267.93,271.67,25113124
2026-06-17,MSFT,561.43,572.5,548.61,559.64,22566064
2026-06-17,TSLA,442.57,458.21,425.4,440.99,58709079
2026-06-18,AAPL,281.63,285.06,278.81,282.23,34888449
2026-06-18,AMZN,296.31,302.89,292.34,298.88,48266860
2026-06-18,GOOGL,276.62,284.47,269.8,277.63,15934885
2026-06-18,MSFT,564.01,566.5,560.39,562.87,47837245
2026-06-18,TSLA,440.33,450.57,424.22,434.31,78310432
2026-06-19,AAPL,282.01,285.96,277.96,281.91,62970588
2026-06-19,AMZN,297.02,300.66,291.51,295.12,28408178
2026-06-19,GOOGL,285.19,291.83,275.13,281.69,31006787
2026-06-19,MSFT,574.62,582.45,566.57,574.39,25525856
2026-06-19,TSLA,455.19,470.68,444.53,459.91,108692111
2026-06-22,AAPL,274.0,284.41,267.31,277.62,65255089
2026-06-22,AMZN,293.08,298.1,288.53,293.54,28175642
2026-06-22,GOOGL,275.17,280.29,268.79,273.89,29622021
2026-06-22,MSFT,591.71,605.25,577.84,591.37,26516357
2026-06-22,TSLA,433.97,450.83,416.24,433.07,98525496
2026-06-23,AAPL,273.62,280.7,267.29,274.36,68553213
2026-06-23,AMZN,298.4,304.53,292.55,298.68,39199409
2026-06-23,GOOGL,258.18,267.52,253.37,262.62,25003917
2026-06-23,MSFT,586.77,602.91,575.82,591.86,34313954
2026-06-23,TSLA,443.45,464.56,423.52,444.58,101967291
2026-06-24,AAPL,280.9,286.46,275.48,281.03,57747291
2026-06-24,AMZN,289.72,303.04,284.36,297.54,28999673
2026-06-24,GOOGL,264.79,273.93,258.02,267.11,24610738
2026-06-24,MSFT,578.47,586.29,572.28,580.08,22621013
2026-06-24,TSLA,449.33,464.14,422.23,436.63,86443193
2026-06-25,AAPL,293.68,296.54,284.13,286.92,61739611
2026-06-25,AMZN,301.35,309.39,294.05,302.07,27239273
2026-06-25,GOOGL,256.8,266.35,250.35,259.82,27987496
2026-06-25,MSFT,589.43,603.18,570.97,584.61,30822905
2026-06-25,TSLA,434.69,457.43,405.9,428.31,131831467
2026-06-26,AAPL,287.31,295.13,282.44,290.22,70972044
2026-06-26,AMZN,304.26,310.47,301.57,307.74,40061160
2026-06-26,GOOGL,263.84,267.19,260.81,264.16,22890208
2026-06-26,MSFT,611.25,624.65,591.49,604.74,31572242
2026-06-26,TSLA,416.28,431.77,396.55,411.89,156951054
2026-06-29,AAPL,288.36,294.02,279.02,284.61,81907002
2026-06-29,AMZN,312.4,319.69,306.87,314.13,51060704
2026-06-29,GOOGL,263.15,271.28,252.62,260.68,27764108
2026-06-29,MSFT,587.66,598.9,578.56,589.77,29712902
2026-06-29,TSLA,410.6,434.68,399.58,423.32,97469523
2026-06-30,AAPL,285.74,291.16,277.83,283.2,33230457
2026-06-30,AMZN,315.02,324.35,304.94,314.24,47880173
2026-06-30,GOOGL,263.3,271.4,256.23,264.3,19236281
2026-06-30,MSFT,574.46,594.69,562.12,582.18,44074375
2026-06-30,TSLA,421.84,431.8,410.65,420.57,105768754
2026-07-01,AAPL,290.45,292.78,287.38,289.72,59004734
2026-07-01,AMZN,304.24,315.35,295.15,306.21,38930589
2026-07-01,GOOGL,265.86,271.41,260.99,266.53,19938587
2026-07-01,MSFT,586.53,606.49,570.57,590.43,22370116
2026-07-01,TSLA,414.96,435.1,396.0,416.09,96335788
2026-07-02,AAPL,295.12,299.02,286.69,290.53,68474392
2026-07-02,AMZN,303.4,314.53,293.85,304.92,52825719
2026-07-02,GOOGL,260.92,267.52,256.94,263.5,16746316
2026-07-02,MSFT,603.28,610.29,587.02,593.92,38763204
2026-07-02,TSLA,416.8,433.19,401.65,417.99,125496268
2026-07-03,AAPL,303.98,309.34,297.62,302.96,50082888
2026-07-03,AMZN,301.84,308.93,294.45,301.53,57349595
2026-07-03,GOOGL,260.78,267.73,251.91,258.81,39025365
2026-07-03,MSFT,586.68,601.99,575.04,590.29,31304982
2026-07-03,TSLA,404.38,433.26,387.36,415.76,114691511
2026-07-06,AAPL,305.86,312.25,298.42,304.79,93131506
2026-07-06,AMZN,304.81,311.61,299.67,306.44,44912214
2026-07-06,GOOGL,265.08,271.17,255.84,261.86,25456763
2026-07-06,MSFT,593.98,610.6,577.87,594.47,34366147
2026-07-06,TSLA,380.56,390.69,377.86,387.94,69673461
2026-07-07,AAPL,305.32,307.34,303.45,305.47,54674589
2026-07-07,AMZN,312.71,323.2,305.8,316.21,36338083
2026-07-07,GOOGL,258.13,264.49,251.86,258.21,32551604
2026-07-07,MSFT,613.63,626.1,594.0,606.33,30388640
2026-07-07,TSLA,381.97,396.8,367.62,382.43,80448327
2026-07-08,AAPL,306.73,311.98,298.19,303.38,64328993
2026-07-08,AMZN,320.29,338.23,308.46,326.18,55626158
2026-07-08,GOOGL,268.25,274.54,257.89,264.08,18145107
2026-07-08,MSFT,604.15,614.85,596.2,606.87,41147941
2026-07-08,TSLA,403.63,415.59,384.18,395.91,71029201
2026-07-09,AAPL,306.79,312.55,298.09,303.79,74035359
2026-07-09,AMZN,332.65,338.53,325.63,331.48,55185485
2026-07-09,GOOGL,258.21,266.71,251.16,259.62,23864459
2026-07-09,MSFT,605.64,617.55,594.61,606.5,25759454
2026-07-09,TSLA,372.54,384.09,364.95,376.43,159002030
2026-07-10,AAPL,300.93,309.47,294.13,302.63,55391622
2026-07-10,AMZN,322.32,334.63,311.83,324.08,42533961
2026-07-10,GOOGL,257.83,268.06,251.35,261.49,28446865
2026-07-10,MSFT,618.33,633.16,599.45,614.18,31480541
2026-07-10,TSLA,361.17,376.21,348.77,363.72,110088654
2026-07-13,AAPL,302.58,312.88,296.0,306.22,34993187
2026-07-13,AMZN,327.19,334.9,325.35,333.02,52228454
2026-07-13,GOOGL,261.53,265.92,255.08,259.44,34195388
2026-07-13,MSFT,621.64,628.99,605.49,612.73,37138310
2026-07-13,TSLA,371.29,388.54,343.33,360.06,80852452
2026-07-14,AAPL,310.57,317.71,304.0,311.13,58034363
2026-07-14,AMZN,339.37,347.72,326.75,334.99,32187153
2026-07-14,GOOGL,259.27,263.79,255.01,259.52,21234413
2026-07-14,MSFT,622.75,636.74,612.26,626.19,58735899
2026-07-14,TSLA,351.02,373.6,330.38,352.85,78955639
2026-07-15,AAPL,304.02,310.41,299.86,306.22,81728409
2026-07-15,AMZN,329.34,337.6,319.95,328.18,19327597
2026-07-15,GOOGL,254.48,261.63,248.84,255.96,22484206
2026-07-15,MSFT,656.91,667.26,639.0,649.23,35003056
2026-07-15,TSLA,353.75,367.86,340.47,354.55,114124242
2026-07-16,AAPL,298.43,300.89,296.13,298.6,59525454
2026-07-16,AMZN,329.15,341.09,321.46,333.31,30288108
2026-07-16,GOOGL,255.41,264.03,246.6,255.21,20050295
2026-07-16,MSFT,638.31,648.66,629.51,639.84,27869532
2026-07-16,TSLA,342.48,352.63,333.04,343.17,116491853
2026-07-17,AAPL,291.96,296.6,284.16,288.75,51245442
2026-07-17,AMZN,328.31,338.62,320.51,330.76,42065696
2026-07-17,GOOGL,238.8,247.28,234.24,242.65,24246167
2026-07-17,MSFT,622.33,638.49,610.99,627.06,19355814
2026-07-17,TSLA,332.77,349.97,323.81,340.8,113955058
2026-07-20,AAPL,290.35,298.38,283.56,291.55,80042173
2026-07-20,AMZN,320.09,327.86,308.92,316.61,39258203
2026-07-20,GOOGL,235.09,244.58,229.88,239.27,18625946
2026-07-20,MSFT,633.44,643.88,621.68,632.1,17838872
2026-07-20,TSLA,345.99,361.6,327.11,342.56,84893012
2026-07-21,AAPL,285.78,293.19,278.49,285.89,59624907
2026-07-21,AMZN,309.13,317.32,301.53,309.7,49618628
2026-07-21,GOOGL,237.34,243.36,231.1,237.12,16020361
2026-07-21,MSFT,613.25,631.9,600.81,619.34,27364261
2026-07-21,TSLA,348.76,361.45,340.2,352.79,218256359
2026-07-22,AAPL,275.41,281.42,269.25,275.26,56709886
2026-07-22,AMZN,307.68,314.88,301.86,309.04,25143445
2026-07-22,GOOGL,238.52,242.69,233.33,237.48,26616744
2026-07-22,MSFT,609.49,623.39,593.2,607.05,34936195
2026-07-22,TSLA,370.46,386.05,355.08,370.66,97634233
2026-07-23,AAPL,279.87,285.56,272.11,277.75,67428661
2026-07-23,AMZN,310.57,316.56,302.2,308.14,25338884
2026-07-23,GOOGL,247.84,253.98,238.37,244.43,29191228
2026-07-23,MSFT,603.6,609.94,581.68,587.86,13447213
2026-07-23,TSLA,371.76,385.91,354.84,368.89,72763816
2026-07-24,AAPL,285.13,296.84,279.41,291.01,77524690
2026-07-24,AMZN,300.62,304.89,296.88,301.15,47623044
2026-07-24,GOOGL,243.69,248.58,236.7,241.55,17880981
2026-07-24,MSFT,591.72,601.99,576.05,586.22,29403150
2026-07-24,TSLA,409.33,424.44,381.26,395.87,72995771
2026-07-27,AAPL,289.5,295.45,285.16,291.09,103702844
2026-07-27,AMZN,309.92,317.86,298.13,305.97,25640733
2026-07-27,GOOGL,250.68,257.57,242.24,249.09,20784423
2026-07-27,MSFT,587.59,597.96,577.76,588.12,86651355
2026-07-27,TSLA,385.19,401.59,378.05,394.28,104784169
2026-07-28,AAPL,296.19,301.31,290.51,295.63,78442586
2026-07-28,AMZN,307.88,318.25,298.89,309.22,37292465
2026-07-28,GOOGL,248.34,251.9,241.71,245.22,24375328
2026-07-28,MSFT,590.37,601.02,574.58,585.14,19054350
2026-07-28,TSLA,413.08,425.99,394.21,406.93,99665713
2026-07-29,AAPL,299.24,307.32,288.05,296.04,83847399
2026-07-29,AMZN,298.04,309.43,288.51,299.84,40245629
2026-07-29,GOOGL,241.52,249.7,232.2,240.34,35667202
2026-07-29,MSFT,596.71,611.65,586.61,601.47,23562233
2026-07-29,TSLA,442.72,451.43,427.5,436.09,108142103
2026-07-30,AAPL,294.18,299.3,290.38,295.49,56778049
2026-07-30,AMZN,317.03,322.05,311.96,316.98,33495108
2026-07-30,GOOGL,231.27,236.28,227.08,232.07,7500000
2026-07-30,MSFT,612.97,624.38,605.61,616.97,32006568
2026-07-30,TSLA,433.13,450.65,420.64,438.02,113786797
2026-07-31,AAPL,295.34,308.44,287.45,300.41,48329643
2026-07-31,AMZN,311.7,314.86,305.45,308.58,45778612
2026-07-31,GOOGL,237.93,243.44,230.33,235.78,27781070
2026-07-31,MSFT,638.61,654.63,623.02,639.03,33939765
2026-07-31,TSLA,421.6,440.41,398.6,417.22,130610337
2026-08-03,AAPL,300.36,305.24,293.84,298.69,66012884
2026-08-03,AMZN,306.26,313.42,298.32,305.46,19381326
2026-08-03,GOOGL,239.04,243.82,232.22,236.96,29245332
2026-08-03,MSFT,640.84,657.89,623.34,640.37,39228687
2026-08-03,TSLA,430.97,451.63,398.85,418.93,76572270
2026-08-04,AAPL,298.33,307.59,290.82,300.04,66741511
2026-08-04,AMZN,308.14,312.37,303.59,307.81,58319280
2026-08-04,GOOGL,240.3,243.57,237.05,240.32,20549143
2026-08-04,MSFT,647.01,667.15,634.21,654.2,23895614
2026-08-04,TSLA,404.88,425.66,389.8,410.37,109968109
2026-08-05,AAPL,298.42,304.79,295.32,301.65,47474167
2026-08-05,AMZN,302.17,312.25,294.74,304.75,36698639
2026-08-05,GOOGL,238.72,247.66,232.75,241.61,22817315
2026-08-05,MSFT,656.35,671.26,643.19,658.06,22290962
2026-08-05,TSLA,408.75,420.6,395.22,407.03,112793471
2026-08-06,AAPL,296.2,304.18,289.93,297.87,62151463
2026-08-06,AMZN,311.02,316.4,308.81,314.17,38297281
2026-08-06,GOOGL,237.87,246.65,233.49,242.2,27081187
2026-08-06,MSFT,659.9,672.38,648.24,660.71,39568798
2026-08-06,TSLA,440.14,462.88,414.46,437.04,87586902
2026-08-07,AAPL,302.68,307.44,298.44,303.18,71488911
2026-08-07,AMZN,315.87,324.67,303.99,312.7,66935772
2026-08-07,GOOGL,246.25,251.95,238.54,244.19,24814785
2026-08-07,MSFT,664.32,678.89,641.33,655.72,22715406
2026-08-07,TSLA,422.45,434.65,406.46,418.54,97894250
2026-08-10,AAPL,300.38,305.15,297.26,302.02,208335752
2026-08-10,AMZN,309.89,316.69,299.71,306.44,26400995
2026-08-10,GOOGL,256.74,260.64,251.64,255.52,35619129
2026-08-10,MSFT,624.42,634.23,621.58,631.36,31550998
2026-08-10,TSLA,429.03,438.93,413.56,423.33,88194234
2026-08-11,AAPL,291.86,303.48,286.26,297.77,73194677
2026-08-11,AMZN,313.73,316.53,307.59,310.35,29549020
2026-08-11,GOOGL,254.92,259.62,248.68,253.35,25641531
2026-08-11,MSFT,631.83,650.22,621.11,639.37,43281803
2026-08-11,TSLA,411.93,429.36,393.36,410.74,145079021
