Date,Ticker,Open,High,Low,Close,Volume
2023-01-02,AAPL,150.23,151.0,149.94,150.85,90633683
2023-01-02,AMZN,142.11,142.8,141.27,142.39,42851717
2023-01-02,GOOGL,129.36,129.81,129.03,129.29,57989397
2023-01-02,MSFT,333.18,333.35,330.9,331.94,46054264
2023-01-02,TSLA,220.38,220.52,219.75,220.22,95378367
2023-01-03,AAPL,153.78,154.43,151.82,152.79,117450555
2023-01-03,AMZN,143.11,143.69,142.94,143.04,37853501
2023-01-03,GOOGL,130.53,131.39,129.36,129.87,53530930
2023-01-03,MSFT,339.55,341.33,338.65,339.63,38305786
2023-01-03,TSLA,224.13,225.94,223.79,224.82,91423938
2023-01-04,AAPL,152.98,153.64,151.32,153.62,41400297
2023-01-04,AMZN,143.92,144.08,142.61,143.09,84441963
2023-01-04,GOOGL,130.76,132.86,129.4,131.12,23326033
2023-01-04,MSFT,330.24,331.56,329.54,330.7,84884299
2023-01-04,TSLA,228.37,229.48,227.97,229.07,31721719
2023-01-05,AAPL,150.21,151.28,148.07,150.69,38991982
2023-01-05,AMZN,144.43,144.77,143.78,144.24,63372993
2023-01-05,GOOGL,129.37,129.85,127.98,129.27,77629903
2023-01-05,MSFT,339.03,340.63,336.87,339.23,82643186
2023-01-05,TSLA,226.86,228.03,225.99,227.43,44445907
2023-01-06,AAPL,152.27,154.78,151.24,152.82,125594701
2023-01-06,AMZN,140.81,141.91,139.99,141.44,129123958
2023-01-06,GOOGL,131.42,132.29,129.64,130.83,40108394
2023-01-06,MSFT,340.75,342.06,338.87,339.16,78339777
2023-01-06,TSLA,226.77,227.41,226.48,226.53,107179198
2023-01-09,AAPL,154.43,155.29,153.02,153.92,84926355
2023-01-09,AMZN,144.23,145.09,143.4,143.86,129039683
2023-01-09,GOOGL,131.82,132.97,131.32,131.39,80368708
2023-01-09,MSFT,336.52,337.59,333.38,335.26,97398147
2023-01-09,TSLA,225.05,225.22,224.68,224.85,94947464
2023-01-10,AAPL,152.35,154.06,152.04,152.75,128407472
2023-01-10,AMZN,144.59,144.85,142.99,144.14,41231163
2023-01-10,GOOGL,132.96,133.22,132.95,133.0,104964172
2023-01-10,MSFT,331.45,333.39,330.81,331.39,81847776
2023-01-10,TSLA,226.37,227.33,224.38,226.88,56303297
2023-01-11,AAPL,154.47,155.42,153.97,154.16,20513502
2023-01-11,AMZN,142.21,142.51,141.38,141.68,97296135
2023-01-11,GOOGL,133.51,134.76,133.12,133.61,69366315
2023-01-11,MSFT,325.12,327.58,324.12,326.17,116880610
2023-01-11,TSLA,227.31,227.37,226.75,226.8,22334423
2023-01-12,AAPL,155.35,155.58,153.48,155.08,66742246
2023-01-12,AMZN,139.47,139.72,137.64,138.86,97638607
2023-01-12,GOOGL,135.29,136.08,135.25,136.01,98860872
2023-01-12,MSFT,324.03,327.02,323.69,325.24,51511118
2023-01-12,TSLA,230.0,232.16,228.54,229.46,30237902
2023-01-13,AAPL,155.96,156.5,155.32,155.84,112949062
2023-01-13,AMZN,135.85,136.4,135.36,136.21,89002840
2023-01-13,GOOGL,133.49,134.71,132.34,134.16,27202116
2023-01-13,MSFT,329.17,332.77,326.88,329.47,40837040
2023-01-13,TSLA,223.33,226.99,223.15,223.21,40549609
2023-01-16,AAPL,155.38,156.69,154.44,155.99,66952500
2023-01-16,AMZN,134.8,135.43,133.37,134.81,127040633
2023-01-16,GOOGL,137.45,138.43,137.12,137.8,86984711
2023-01-16,MSFT,332.23,334.01,331.19,332.52,126010164
2023-01-16,TSLA,229.28,231.93,228.05,228.57,78757447
2023-01-17,AAPL,157.06,157.9,156.92,157.34,65338831
2023-01-17,AMZN,137.48,138.27,136.25,137.28,118475336
2023-01-17,GOOGL,140.72,141.29,139.33,140.36,87139315
2023-01-17,MSFT,336.16,337.36,334.4,335.87,44921386
2023-01-17,TSLA,228.16,229.3,227.64,228.35,26711580
2023-01-18,AAPL,156.47,157.6,155.23,155.69,36065429
2023-01-18,AMZN,139.57,140.11,138.66,139.19,81494004
2023-01-18,GOOGL,139.52,140.15,138.4,139.16,64947536
2023-01-18,MSFT,326.42,327.94,323.64,327.5,100132926
2023-01-18,TSLA,230.72,230.86,229.77,230.8,127902410
2023-01-19,AAPL,154.78,156.88,154.23,155.38,43838268
2023-01-19,AMZN,137.87,138.56,137.58,138.12,94738573
2023-01-19,GOOGL,141.17,142.06,139.48,140.61,108717098
2023-01-19,MSFT,319.85,320.94,319.65,319.95,38499862
2023-01-19,TSLA,230.77,232.77,230.43,230.44,31222103
2023-01-20,AAPL,153.95,155.37,153.6,154.34,39133903
2023-01-20,AMZN,137.47,137.99,135.89,137.06,48558057
2023-01-20,GOOGL,142.02,142.45,141.39,141.62,116715482
2023-01-20,MSFT,328.11,328.88,325.82,327.57,61475043
2023-01-20,TSLA,229.22,230.71,228.53,229.25,87990358
2023-01-23,AAPL,155.72,157.1,155.12,155.8,124077964
2023-01-23,AMZN,141.46,141.76,140.5,141.09,41196809
2023-01-23,GOOGL,138.31,138.61,136.96,137.98,124142233
2023-01-23,MSFT,330.84,334.3,329.7,332.49,29726883
2023-01-23,TSLA,231.5,233.07,230.46,230.95,102303757
2023-01-24,AAPL,156.35,156.37,155.14,155.97,66284258
2023-01-24,AMZN,142.1,143.55,141.78,143.07,49996192
2023-01-24,GOOGL,139.37,139.92,139.01,139.28,36321485
2023-01-24,MSFT,345.93,346.56,342.15,343.54,51159525
2023-01-24,TSLA,233.05,237.19,231.63,233.93,39131157
2023-01-25,AAPL,155.48,155.74,155.24,155.36,29440779
2023-01-25,AMZN,141.7,143.48,141.08,141.42,26372377
2023-01-25,GOOGL,137.81,138.18,137.1,138.13,80749549
2023-01-25,MSFT,350.58,350.7,347.1,349.95,121580864
2023-01-25,TSLA,234.33,234.71,233.17,233.33,71046764
2023-01-26,AAPL,153.96,154.2,152.84,153.62,119087768
2023-01-26,AMZN,141.29,141.51,141.05,141.17,78688177
2023-01-26,GOOGL,138.2,138.68,137.12,137.68,43374106
2023-01-26,MSFT,345.32,345.58,340.35,344.75,98439579
2023-01-26,TSLA,232.37,233.93,231.04,232.91,49920830
2023-01-27,AAPL,152.61,153.91,151.36,153.1,58715112
2023-01-27,AMZN,140.08,140.75,139.33,140.33,90724586
2023-01-27,GOOGL,136.36,136.68,135.61,136.5,59457661
2023-01-27,MSFT,350.23,351.81,349.14,351.57,47823370
2023-01-27,TSLA,235.31,235.59,235.0,235.43,106161874
2023-01-30,AAPL,153.63,155.58,153.15,153.2,67673976
2023-01-30,AMZN,140.54,141.22,140.31,140.72,93700511
2023-01-30,GOOGL,134.97,136.28,134.61,135.7,85273666
2023-01-30,MSFT,354.0,355.36,353.1,355.06,30824991
2023-01-30,TSLA,231.51,233.35,230.51,232.47,45003986
2023-01-31,AAPL,152.9,152.99,152.64,152.64,71283063
2023-01-31,AMZN,142.86,144.27,141.57,142.65,117530183
2023-01-31,GOOGL,136.11,136.24,135.8,135.91,55529631
2023-01-31,MSFT,357.49,358.47,356.08,356.38,36230711
2023-01-31,TSLA,227.72,227.86,226.61,227.31,127248572
2023-02-01,AAPL,154.94,155.73,154.7,155.68,90547488
2023-02-01,AMZN,142.86,143.24,141.82,142.13,38361738
2023-02-01,GOOGL,136.22,136.41,134.98,136.18,65393758
2023-02-01,MSFT,353.14,353.65,350.13,352.17,98077768
2023-02-01,TSLA,229.64,232.39,228.6,228.77,53274960
2023-02-02,AAPL,158.84,159.19,157.62,158.11,49057714
2023-02-02,AMZN,143.23,144.0,142.76,142.99,128568289
2023-02-02,GOOGL,134.04,134.71,132.86,133.06,104435011
2023-02-02,MSFT,349.83,354.18,349.48,352.36,129281392
2023-02-02,TSLA,227.31,228.48,223.6,226.58,40469538
2023-02-03,AAPL,152.8,153.0,151.64,151.76,73582015
2023-02-03,AMZN,143.61,145.14,143.12,144.28,71741896
2023-02-03,GOOGL,132.49,133.49,132.42,132.59,103145997
2023-02-03,MSFT,353.01,353.32,349.94,351.76,53003236
2023-02-03,TSLA,220.72,222.22,219.26,220.17,90573681
2023-02-06,AAPL,147.2,148.01,146.89,147.54,59349673
2023-02-06,AMZN,145.86,146.26,143.85,146.05,122725407
2023-02-06,GOOGL,130.13,130.6,129.9,129.98,121277464
2023-02-06,MSFT,357.46,360.73,354.73,356.65,56482903
2023-02-06,TSLA,216.57,217.89,215.49,217.59,104584465
2023-02-07,AAPL,147.25,147.3,146.99,147.22,123267672
2023-02-07,AMZN,144.76,145.87,144.15,144.74,89485861
2023-02-07,GOOGL,127.14,127.68,127.0,127.57,51816879
2023-02-07,MSFT,358.19,359.65,355.85,357.49,123560540
2023-02-07,TSLA,215.66,217.72,215.42,216.17,107637082
2023-02-08,AAPL,146.98,147.64,145.8,146.36,112833956
2023-02-08,AMZN,143.26,144.58,143.14,144.33,31212918
2023-02-08,GOOGL,127.24,127.34,126.42,126.97,124116558
2023-02-08,MSFT,364.99,370.6,363.8,366.17,22319818
2023-02-08,TSLA,212.11,212.47,211.21,212.41,126909725
2023-02-09,AAPL,146.25,147.38,145.13,146.91,81047495
2023-02-09,AMZN,148.68,148.73,148.0,148.67,59133883
2023-02-09,GOOGL,128.77,129.0,127.92,128.66,79733778
2023-02-09,MSFT,362.41,363.32,361.57,362.1,111148096
2023-02-09,TSLA,207.18,208.85,205.97,207.76,31838173
2023-02-10,AAPL,146.58,148.14,145.89,147.46,41635390
2023-02-10,AMZN,148.02,149.02,147.13,148.33,121519346
2023-02-10,GOOGL,129.63,129.98,129.28,129.94,116282792
2023-02-10,MSFT,364.21,366.12,363.64,364.84,38879240
2023-02-10,TSLA,208.68,209.23,207.09,207.98,54028781
2023-02-13,AAPL,151.62,152.66,151.38,152.22,92229364
2023-02-13,AMZN,148.26,149.24,147.77,148.47,103656468
2023-02-13,GOOGL,128.93,129.55,128.63,128.83,106032495
2023-02-13,MSFT,368.41,371.34,367.6,367.75,61007231
2023-02-13,TSLA,211.0,212.25,210.43,210.88,88529850
2023-02-14,AAPL,149.5,150.34,148.61,149.75,81250688
2023-02-14,AMZN,148.98,150.24,147.57,149.53,31514058
2023-02-14,GOOGL,127.04,127.63,126.62,127.52,85692490
2023-02-14,MSFT,365.21,365.39,363.01,363.17,59716081
2023-02-14,TSLA,210.23,211.72,209.38,210.25,28493039
2023-02-15,AAPL,148.72,150.46,148.24,148.98,41315913
2023-02-15,AMZN,148.46,149.2,147.63,148.31,45378933
2023-02-15,GOOGL,126.23,126.7,125.56,126.0,85171257
2023-02-15,MSFT,357.64,360.17,356.58,356.91,70568723
2023-02-15,TSLA,208.31,209.95,207.58,208.01,121975582
2023-02-16,AAPL,153.9,154.09,152.36,153.62,43362241
2023-02-16,AMZN,147.02,149.17,146.28,147.52,129457146
2023-02-16,GOOGL,126.17,126.37,126.15,126.33,115290766
2023-02-16,MSFT,363.66,365.77,361.42,362.52,122407939
2023-02-16,TSLA,208.72,210.92,208.52,209.31,70794440
2023-02-17,AAPL,155.31,155.67,154.31,155.19,57968800
2023-02-17,AMZN,150.78,151.47,150.68,151.31,56595025
2023-02-17,GOOGL,128.32,128.69,127.68,128.17,97532537
2023-02-17,MSFT,365.21,366.82,363.21,365.51,117218274
2023-02-17,TSLA,211.09,212.14,210.71,211.67,91978374
2023-02-20,AAPL,156.22,157.38,155.68,156.81,88125766
2023-02-20,AMZN,154.34,155.32,154.07,154.32,106734547
2023-02-20,GOOGL,127.93,129.0,127.45,128.27,52786241
2023-02-20,MSFT,363.73,365.37,361.99,364.81,116790617
2023-02-20,TSLA,210.27,212.04,210.06,210.82,79685895
2023-02-21,AAPL,155.94,157.04,155.21,155.68,30367412
2023-02-21,AMZN,152.2,152.82,151.4,151.85,75850943
2023-02-21,GOOGL,129.37,130.42,127.75,129.67,51746823
2023-02-21,MSFT,367.21,367.84,366.62,367.15,58862963
2023-02-21,TSLA,212.97,214.22,211.37,212.65,91352267
2023-02-22,AAPL,152.76,153.8,151.41,151.91,47544867
2023-02-22,AMZN,151.79,152.41,151.65,152.07,27779709
2023-02-22,GOOGL,130.29,131.35,129.94,130.35,26902698
2023-02-22,MSFT,364.78,367.45,363.39,363.61,105370832
2023-02-22,TSLA,216.31,216.55,214.53,216.09,95688287
2023-02-23,AAPL,152.91,153.29,151.12,152.36,119541893
2023-02-23,AMZN,149.02,150.45,148.45,149.21,40921744
2023-02-23,GOOGL,133.69,133.98,132.76,133.35,45497353
2023-02-23,MSFT,366.74,369.02,364.81,365.09,105610294
2023-02-23,TSLA,215.9,216.53,215.42,215.52,123560042
2023-02-24,AAPL,153.14,153.48,152.24,152.69,54692307
2023-02-24,AMZN,146.17,146.22,145.02,145.85,96406352
2023-02-24,GOOGL,129.46,129.87,129.29,129.41,127205098
2023-02-24,MSFT,361.94,362.47,360.55,361.96,58062878
2023-02-24,TSLA,213.69,214.23,211.14,213.0,82789594
2023-02-27,AAPL,149.96,150.2,149.89,149.95,118768600
2023-02-27,AMZN,146.11,147.27,144.92,145.93,37242298
2023-02-27,GOOGL,124.44,126.5,122.83,125.33,117562123
2023-02-27,MSFT,363.49,364.02,361.93,363.17,77557012
2023-02-27,TSLA,213.35,215.75,212.29,214.22,113130799
2023-02-28,AAPL,148.93,150.74,147.46,148.49,77946944
2023-02-28,AMZN,149.36,150.11,148.97,149.34,25257575
2023-02-28,GOOGL,125.28,125.31,124.66,125.02,93528404
2023-02-28,MSFT,368.33,370.05,367.21,368.72,99034657
2023-02-28,TSLA,214.76,215.33,214.04,215.12,53193134
2023-03-01,AAPL,147.98,148.49,147.36,148.41,44560955
2023-03-01,AMZN,149.7,150.17,149.13,149.23,23627739
2023-03-01,GOOGL,126.24,126.8,125.77,126.28,75828531
2023-03-01,MSFT,365.19,367.33,362.3,367.03,116220876
2023-03-01,TSLA,218.87,218.89,217.61,218.77,129341138
2023-03-02,AAPL,146.71,148.84,145.42,146.38,47697456
2023-03-02,AMZN,152.96,153.01,152.24,152.6,84228712
2023-03-02,GOOGL,125.81,126.56,125.37,125.56,116598038
2023-03-02,MSFT,372.03,373.18,370.98,371.89,62386513
2023-03-02,TSLA,213.8,214.76,213.56,214.67,37867456
2023-03-03,AAPL,146.2,146.45,145.6,146.24,73816497
2023-03-03,AMZN,149.77,150.59,149.03,150.26,65164389
2023-03-03,GOOGL,126.87,127.61,125.97,126.43,101697988
2023-03-03,MSFT,366.74,368.92,365.1,366.3,76722795
2023-03-03,TSLA,212.3,212.67,211.82,212.64,101990513
2023-03-06,AAPL,147.02,147.4,146.34,146.52,100259733
2023-03-06,AMZN,150.12,150.77,149.45,150.64,129874540
2023-03-06,GOOGL,124.58,125.17,124.21,124.27,63006392
2023-03-06,MSFT,364.5,367.1,363.46,364.9,74594330
2023-03-06,TSLA,210.72,210.93,209.98,210.08,57400157
2023-03-07,AAPL,146.87,147.31,146.45,146.67,41540883
2023-03-07,AMZN,151.69,151.81,150.61,150.9,20805883
2023-03-07,GOOGL,121.72,122.74,121.33,121.98,25093046
2023-03-07,MSFT,357.48,359.41,356.14,357.62,109071593
2023-03-07,TSLA,205.4,206.0,203.67,204.72,28161132
2023-03-08,AAPL,145.15,146.51,145.09,145.63,44704902
2023-03-08,AMZN,150.79,152.31,150.61,151.17,52158343
2023-03-08,GOOGL,120.6,120.8,120.29,120.73,43828885
2023-03-08,MSFT,355.38,358.59,354.83,357.25,90623153
2023-03-08,TSLA,205.87,206.0,204.43,205.21,71572868
2023-03-09,AAPL,147.06,147.75,146.88,147.0,37539554
2023-03-09,AMZN,152.58,154.12,151.97,153.49,125384060
2023-03-09,GOOGL,122.5,123.28,121.75,122.32,85105024
2023-03-09,MSFT,357.96,360.23,356.24,357.85,59382160
2023-03-09,TSLA,206.96,207.2,206.43,206.94,69720294
2023-03-10,AAPL,149.58,150.24,148.98,149.04,112105535
2023-03-10,AMZN,154.69,155.23,153.73,154.89,103920758
2023-03-10,GOOGL,124.03,124.32,123.51,123.65,98669077
2023-03-10,MSFT,358.5,359.18,356.77,356.97,87061028
2023-03-10,TSLA,204.62,205.45,204.27,204.75,40413894
2023-03-13,AAPL,149.32,150.76,148.56,149.83,61779266
2023-03-13,AMZN,153.71,154.1,152.78,153.69,77586867
2023-03-13,GOOGL,122.11,122.63,121.99,122.39,72613073
2023-03-13,MSFT,355.74,355.8,354.0,355.72,55452883
2023-03-13,TSLA,209.78,210.2,208.6,209.1,109199598
2023-03-14,AAPL,147.82,148.8,147.18,148.06,97088292
2023-03-14,AMZN,151.01,151.47,150.33,150.65,58911463
2023-03-14,GOOGL,122.55,123.22,121.67,122.79,89858145
2023-03-14,MSFT,363.75,363.9,361.18,363.05,72086293
2023-03-14,TSLA,211.55,211.92,211.19,211.79,52855117
2023-03-15,AAPL,149.42,150.41,148.88,149.76,66054864
2023-03-15,AMZN,150.3,150.66,149.36,149.48,31663285
2023-03-15,GOOGL,121.3,122.48,120.75,121.66,26058509
2023-03-15,MSFT,371.53,372.4,370.19,370.98,83259238
2023-03-15,TSLA,214.1,216.37,213.71,213.89,65621519
2023-03-16,AAPL,148.05,148.83,147.09,148.71,34214907
2023-03-16,AMZN,149.45,151.43,148.71,149.51,43161058
2023-03-16,GOOGL,121.9,123.28,121.37,121.75,42203680
2023-03-16,MSFT,363.63,366.22,362.25,364.4,101291605
2023-03-16,TSLA,216.14,216.66,215.14,215.28,117246100
2023-03-17,AAPL,151.18,151.8,149.7,150.75,68024137
2023-03-17,AMZN,147.41,149.5,145.98,148.35,94030339
2023-03-17,GOOGL,119.52,120.59,119.28,119.78,101389212
2023-03-17,MSFT,371.29,371.71,369.8,371.0,129589713
2023-03-17,TSLA,218.23,218.76,216.52,218.48,129875450
2023-03-20,AAPL,148.98,150.56,147.4,148.4,77217075
2023-03-20,AMZN,144.7,145.85,144.44,145.03,90177233
2023-03-20,GOOGL,120.59,120.77,118.75,119.76,69248545
2023-03-20,MSFT,360.76,363.36,359.12,361.6,97994064
2023-03-20,TSLA,213.83,215.21,213.37,214.22,66585670
2023-03-21,AAPL,150.87,151.29,149.54,150.51,94725164
2023-03-21,AMZN,141.48,141.81,140.67,141.26,115372635
2023-03-21,GOOGL,118.79,118.91,118.36,118.49,33832845
2023-03-21,MSFT,360.97,361.44,355.8,357.8,35930866
2023-03-21,TSLA,216.29,216.47,215.87,216.3,52793933
2023-03-22,AAPL,150.65,151.32,149.56,150.54,27281968
2023-03-22,AMZN,143.65,144.42,142.64,143.05,105152397
2023-03-22,GOOGL,118.9,119.14,117.66,118.47,66707124
2023-03-22,MSFT,357.32,359.18,355.09,357.05,115432010
2023-03-22,TSLA,218.76,218.86,217.93,218.36,33783547
2023-03-23,AAPL,147.77,147.94,147.38,147.79,37570509
2023-03-23,AMZN,143.54,144.97,143.32,143.67,111548814
2023-03-23,GOOGL,117.59,118.18,117.25,117.37,123817066
2023-03-23,MSFT,356.7,360.56,356.12,357.82,80322659
2023-03-23,TSLA,212.99,213.22,212.4,212.68,67851655
2023-03-24,AAPL,147.28,147.65,146.41,147.17,38936991
2023-03-24,AMZN,142.08,143.08,141.66,142.48,30099366
2023-03-24,GOOGL,115.78,116.68,114.96,115.99,72010298
2023-03-24,MSFT,350.81,354.17,350.31,352.38,31245821
2023-03-24,TSLA,214.0,214.01,212.62,213.9,93209571
2023-03-27,AAPL,147.04,148.47,145.96,147.37,91457585
2023-03-27,AMZN,143.28,143.53,142.94,143.5,44340103
2023-03-27,GOOGL,115.35,117.02,114.78,116.24,85293678
2023-03-27,MSFT,350.34,350.38,346.17,348.73,69139528
2023-03-27,TSLA,213.55,214.03,212.49,213.2,81860158
2023-03-28,AAPL,148.44,149.14,147.64,148.04,54418137
2023-03-28,AMZN,143.98,145.15,143.81,144.63,27977130
2023-03-28,GOOGL,116.22,116.32,115.7,115.71,101025103
2023-03-28,MSFT,350.0,350.21,348.69,349.31,123618514
2023-03-28,TSLA,214.77,217.74,214.52,215.8,59044761
2023-03-29,AAPL,146.39,147.54,144.93,145.94,80594252
2023-03-29,AMZN,143.73,144.88,142.47,144.24,45971608
2023-03-29,GOOGL,115.92,117.12,115.44,115.81,89983792
2023-03-29,MSFT,346.31,346.48,345.06,345.85,41487148
2023-03-29,TSLA,213.94,216.47,213.92,214.49,62908445
2023-03-30,AAPL,143.99,144.12,143.33,143.58,97863769
2023-03-30,AMZN,144.36,144.76,142.48,143.39,115985130
2023-03-30,GOOGL,114.48,115.29,113.94,115.14,41428278
2023-03-30,MSFT,341.35,343.62,339.51,342.7,108573311
2023-03-30,TSLA,214.65,216.34,214.53,214.54,76662377
2023-03-31,AAPL,143.86,145.07,141.85,144.09,99853558
2023-03-31,AMZN,146.64,146.96,145.67,145.93,107700641
2023-03-31,GOOGL,117.25,117.64,115.87,116.25,45488817
2023-03-31,MSFT,345.76,349.57,342.92,346.29,39449579
2023-03-31,TSLA,215.15,216.12,215.14,215.75,49044859
2023-04-03,AAPL,143.18,144.53,142.98,143.15,88010902
2023-04-03,AMZN,147.58,148.51,147.01,147.87,48096354
2023-04-03,GOOGL,115.15,115.35,114.81,114.89,94650192
2023-04-03,MSFT,350.08,353.24,349.54,351.31,87081790
2023-04-03,TSLA,212.17,213.72,211.18,213.02,63199592
2023-04-04,AAPL,143.66,144.09,142.78,143.73,59198063
2023-04-04,AMZN,150.54,152.13,150.45,151.13,32028844
2023-04-04,GOOGL,116.83,117.84,115.75,116.27,96670462
2023-04-04,MSFT,352.37,353.12,350.68,351.17,98728176
2023-04-04,TSLA,214.26,215.45,213.99,215.04,117383612
2023-04-05,AAPL,146.22,146.86,145.25,145.44,78523554
2023-04-05,AMZN,153.86,154.94,152.41,153.5,84676250
2023-04-05,GOOGL,118.57,119.32,117.24,118.65,47628087
2023-04-05,MSFT,350.93,351.92,350.0,351.44,86810583
2023-04-05,TSLA,214.22,215.42,212.25,214.81,32623561
2023-04-06,AAPL,141.99,142.42,141.21,141.91,45345812
2023-04-06,AMZN,154.47,154.48,154.14,154.17,66669908
2023-04-06,GOOGL,117.6,118.53,117.12,118.23,33890037
2023-04-06,MSFT,353.59,355.64,351.09,351.51,65234001
2023-04-06,TSLA,216.39,217.34,216.32,216.51,70431121
2023-04-07,AAPL,141.72,142.87,141.44,142.52,40060001
2023-04-07,AMZN,153.42,154.89,153.17,153.21,106899057
2023-04-07,GOOGL,121.1,121.83,120.56,121.39,91531616
2023-04-07,MSFT,349.88,350.73,347.38,349.29,110012410
2023-04-07,TSLA,214.26,216.28,212.61,214.92,101076967
2023-04-10,AAPL,145.39,146.24,145.14,145.21,122936504
2023-04-10,AMZN,151.59,153.07,151.05,152.5,125788287
2023-04-10,GOOGL,125.45,125.65,124.58,125.14,121069241
2023-04-10,MSFT,346.5,347.14,344.68,346.78,111796201
2023-04-10,TSLA,218.68,219.01,218.1,218.53,30133072
2023-04-11,AAPL,145.45,145.46,142.79,144.64,52721273
2023-04-11,AMZN,151.15,151.49,150.52,151.21,118816203
2023-04-11,GOOGL,125.24,126.33,124.42,126.04,91239717
2023-04-11,MSFT,342.98,343.04,338.7,341.56,54851421
2023-04-11,TSLA,221.74,224.97,219.88,220.62,82569181
2023-04-12,AAPL,143.25,143.34,142.69,142.95,23751026
2023-04-12,AMZN,151.03,151.46,150.08,151.44,111386969
2023-04-12,GOOGL,123.34,123.88,122.13,123.53,78081850
2023-04-12,MSFT,342.93,346.45,342.92,345.05,32272687
2023-04-12,TSLA,220.04,221.26,219.71,220.14,30904093
2023-04-13,AAPL,145.02,146.04,143.61,144.64,95521663
2023-04-13,AMZN,152.47,153.09,150.18,151.99,31179148
2023-04-13,GOOGL,121.02,121.38,120.05,120.6,129485616
2023-04-13,MSFT,343.98,346.09,342.69,344.79,97019617
2023-04-13,TSLA,223.19,223.44,221.76,222.34,128787691
2023-04-14,AAPL,145.27,145.38,145.11,145.26,121497934
2023-04-14,AMZN,153.47,154.92,153.45,154.72,93878928
2023-04-14,GOOGL,120.74,121.1,119.91,120.34,36384499
2023-04-14,MSFT,343.88,344.66,342.81,344.25,76949459
2023-04-14,TSLA,226.85,227.26,226.12,226.65,63883464
2023-04-17,AAPL,146.41,147.76,146.13,147.28,73964461
2023-04-17,AMZN,158.29,158.77,157.81,157.93,25261470
2023-04-17,GOOGL,123.64,125.23,123.42,123.61,60065590
2023-04-17,MSFT,346.61,347.7,344.88,345.46,127852478
2023-04-17,TSLA,232.07,233.49,231.7,232.85,20520769
2023-04-18,AAPL,145.8,147.18,145.0,146.59,87456078
2023-04-18,AMZN,157.64,159.11,157.0,157.96,117421972
2023-04-18,GOOGL,123.78,125.18,122.83,124.74,76071416
2023-04-18,MSFT,349.55,352.27,345.94,348.38,97219688
2023-04-18,TSLA,227.3,227.8,226.78,227.47,72979664
2023-04-19,AAPL,142.87,143.77,141.97,143.41,55490424
2023-04-19,AMZN,159.39,160.34,157.67,158.97,110039131
2023-04-19,GOOGL,126.12,127.23,125.15,126.22,66637802
2023-04-19,MSFT,356.41,358.61,355.62,355.98,80079450
2023-04-19,TSLA,229.92,232.28,229.41,230.6,83502184
2023-04-20,AAPL,143.19,144.38,142.3,143.24,51941785
2023-04-20,AMZN,155.98,157.47,155.86,156.24,85576155
2023-04-20,GOOGL,126.3,126.57,125.38,125.81,116496698
2023-04-20,MSFT,352.86,356.42,349.78,354.7,80014202
2023-04-20,TSLA,232.86,233.69,230.63,232.33,78128980
2023-04-21,AAPL,142.49,142.62,141.37,142.36,27590909
2023-04-21,AMZN,155.27,155.99,154.48,154.73,46290874
2023-04-21,GOOGL,124.8,125.44,124.29,124.47,85728461
2023-04-21,MSFT,352.23,353.57,351.42,352.74,83555464
2023-04-21,TSLA,231.31,232.94,230.6,232.11,66832295
2023-04-24,AAPL,144.38,144.59,143.97,144.08,31808480
2023-04-24,AMZN,152.13,153.01,151.86,152.29,111242916
2023-04-24,GOOGL,125.08,125.32,124.06,125.22,69104205
2023-04-24,MSFT,352.86,355.48,352.07,353.98,126900734
2023-04-24,TSLA,229.63,230.47,228.24,228.73,59589026
2023-04-25,AAPL,144.43,145.4,144.14,144.57,25064217
2023-04-25,AMZN,152.34,153.26,152.3,152.65,123499446
2023-04-25,GOOGL,123.35,124.66,122.84,123.2,112340455
2023-04-25,MSFT,351.02,351.11,346.72,349.67,25894167
2023-04-25,TSLA,233.56,234.19,231.7,233.15,67825289
2023-04-26,AAPL,141.52,141.95,141.05,141.11,42161695
2023-04-26,AMZN,151.24,151.86,150.16,151.5,49866910
2023-04-26,GOOGL,123.12,123.88,122.66,122.9,95659006
2023-04-26,MSFT,356.09,357.23,355.67,356.52,72502240
2023-04-26,TSLA,227.47,231.1,226.83,228.86,112247677
2023-04-27,AAPL,138.53,138.82,138.15,138.65,121683432
2023-04-27,AMZN,150.44,150.83,149.42,149.81,27414650
2023-04-27,GOOGL,123.76,123.99,123.18,123.9,75946437
2023-04-27,MSFT,362.33,364.4,360.12,361.65,41460363
2023-04-27,TSLA,231.46,232.65,229.36,230.92,99482029
2023-04-28,AAPL,140.26,141.52,139.68,140.56,126901636
2023-04-28,AMZN,149.44,150.01,149.38,149.82,57562839
2023-04-28,GOOGL,123.76,124.28,123.5,124.03,94075173
2023-04-28,MSFT,367.67,369.13,364.78,365.59,108129233
2023-04-28,TSLA,236.64,236.91,235.04,235.54,51664516
2023-05-01,AAPL,142.42,142.86,141.71,142.06,65764224
2023-05-01,AMZN,145.81,146.34,144.93,145.69,115924699
2023-05-01,GOOGL,124.81,125.15,124.04,125.07,82681232
2023-05-01,MSFT,365.09,366.49,363.31,365.12,50353631
2023-05-01,TSLA,229.46,230.39,228.12,230.01,46664980
2023-05-02,AAPL,140.38,142.03,139.81,140.77,75084025
2023-05-02,AMZN,145.91,147.05,145.36,145.54,101440640
2023-05-02,GOOGL,123.98,124.92,123.02,124.3,32669022
2023-05-02,MSFT,370.17,373.84,365.82,369.35,20348839
2023-05-02,TSLA,229.76,230.0,226.91,229.08,35857410
2023-05-03,AAPL,139.68,141.49,139.5,140.84,118190713
2023-05-03,AMZN,146.11,147.16,145.18,146.61,52603074
2023-05-03,GOOGL,125.45,125.85,125.1,125.47,20652412
2023-05-03,MSFT,374.97,376.86,373.56,375.35,67133953
2023-05-03,TSLA,223.48,224.89,221.54,224.7,63994644
2023-05-04,AAPL,141.4,142.1,140.52,141.85,81944062
2023-05-04,AMZN,149.41,149.58,148.99,149.39,50077712
2023-05-04,GOOGL,126.29,127.0,124.82,126.3,129627051
2023-05-04,MSFT,378.46,379.36,378.29,378.36,72451013
2023-05-04,TSLA,225.8,227.34,224.32,225.63,81522036
2023-05-05,AAPL,142.96,143.56,142.17,142.92,46701006
2023-05-05,AMZN,146.7,146.92,146.25,146.83,36144078
2023-05-05,GOOGL,123.46,124.43,123.2,123.24,126346388
2023-05-05,MSFT,377.06,377.74,372.84,376.96,43844242
2023-05-05,TSLA,229.72,230.88,228.87,230.87,34665471
2023-05-08,AAPL,143.53,145.04,143.35,144.87,89454287
2023-05-08,AMZN,146.59,146.88,145.39,145.94,122320442
2023-05-08,GOOGL,121.59,122.37,121.11,121.37,65733134
2023-05-08,MSFT,367.68,368.05,367.49,367.62,89245110
2023-05-08,TSLA,238.34,238.55,235.81,237.99,117206527
2023-05-09,AAPL,145.34,146.1,145.04,145.5,84931828
2023-05-09,AMZN,141.23,143.54,141.14,141.5,87947448
2023-05-09,GOOGL,120.07,121.52,119.4,120.11,129402902
2023-05-09,MSFT,373.15,373.71,372.98,373.02,80517999
2023-05-09,TSLA,230.52,232.03,230.17,231.76,82343200
2023-05-10,AAPL,145.22,145.46,145.09,145.36,54504886
2023-05-10,AMZN,144.57,145.29,144.17,144.37,96019492
2023-05-10,GOOGL,120.58,121.4,120.31,121.36,63558964
2023-05-10,MSFT,370.85,371.92,370.8,371.23,122957392
2023-05-10,TSLA,228.06,230.37,226.49,229.88,105510646
2023-05-11,AAPL,144.25,145.19,143.47,144.87,48104176
2023-05-11,AMZN,143.47,144.77,143.05,143.99,113395646
2023-05-11,GOOGL,122.18,122.87,121.13,121.97,62408116
2023-05-11,MSFT,368.83,373.37,366.21,366.72,29266156
2023-05-11,TSLA,232.7,234.66,231.17,232.42,68111752
2023-05-12,AAPL,146.58,148.5,145.59,147.24,128040470
2023-05-12,AMZN,143.87,144.78,143.61,144.52,82007917
2023-05-12,GOOGL,122.22,122.66,121.36,122.54,50552023
2023-05-12,MSFT,371.13,372.55,370.55,371.81,38987338
2023-05-12,TSLA,239.68,240.51,236.0,238.04,20619192
2023-05-15,AAPL,142.14,142.52,140.32,142.34,117068061
2023-05-15,AMZN,141.49,142.13,140.79,141.25,90200619
2023-05-15,GOOGL,123.57,123.74,122.72,122.92,77233862
2023-05-15,MSFT,374.2,376.28,372.56,373.88,54076721
2023-05-15,TSLA,239.24,240.79,238.54,239.67,24690355
2023-05-16,AAPL,141.88,142.19,141.21,142.11,27864222
2023-05-16,AMZN,141.07,141.48,140.51,140.74,109265713
2023-05-16,GOOGL,124.05,125.42,123.62,124.16,44889452
2023-05-16,MSFT,365.83,367.01,365.27,366.11,30378740
2023-05-16,TSLA,237.69,238.42,235.64,237.1,85919744
2023-05-17,AAPL,142.79,143.08,141.75,142.26,44611753
2023-05-17,AMZN,139.76,139.82,139.13,139.47,96020422
2023-05-17,GOOGL,126.84,127.3,125.05,125.98,71594423
2023-05-17,MSFT,363.32,367.14,362.71,365.75,40212882
2023-05-17,TSLA,238.36,239.58,236.99,238.28,45339369
2023-05-18,AAPL,139.44,139.95,139.24,139.29,82817767
2023-05-18,AMZN,135.79,137.47,135.23,136.94,90097666
2023-05-18,GOOGL,125.24,126.22,124.07,125.0,35995801
2023-05-18,MSFT,365.56,366.73,363.88,364.45,66159609
2023-05-18,TSLA,238.11,238.68,237.27,238.34,60132786
2023-05-19,AAPL,139.39,140.45,138.91,140.05,80033030
2023-05-19,AMZN,135.16,135.31,134.52,134.53,50590625
2023-05-19,GOOGL,122.7,122.75,121.73,122.08,89544469
2023-05-19,MSFT,370.36,370.54,368.96,370.06,110954850
2023-05-19,TSLA,238.17,238.46,235.62,237.73,63488012
2023-05-22,AAPL,138.4,139.0,138.16,138.75,29069481
2023-05-22,AMZN,132.77,133.13,132.12,132.6,78969215
2023-05-22,GOOGL,123.44,123.63,122.55,123.36,97809351
2023-05-22,MSFT,358.29,361.74,355.0,359.73,25696240
2023-05-22,TSLA,236.39,236.8,235.15,235.23,124360077
2023-05-23,AAPL,140.91,140.94,140.18,140.62,126304935
2023-05-23,AMZN,131.0,131.22,130.32,130.86,74960555
2023-05-23,GOOGL,123.23,124.21,121.88,123.03,118723726
2023-05-23,MSFT,357.09,359.07,355.49,357.83,110061017
2023-05-23,TSLA,235.84,236.94,235.5,236.71,78507245
2023-05-24,AAPL,141.22,141.74,139.99,140.42,45400112
2023-05-24,AMZN,128.25,129.72,127.05,127.4,30045476
2023-05-24,GOOGL,123.03,123.22,122.93,123.18,38799809
2023-05-24,MSFT,355.58,358.11,353.92,357.26,97045974
2023-05-24,TSLA,238.33,239.47,237.45,237.93,121251707
2023-05-25,AAPL,142.07,142.22,141.65,141.9,100307205
2023-05-25,AMZN,130.24,130.96,129.68,129.89,77051735
2023-05-25,GOOGL,122.76,124.13,122.53,122.93,87999274
2023-05-25,MSFT,365.4,366.11,364.85,365.05,107355335
2023-05-25,TSLA,237.96,238.31,237.0,237.71,30216877
2023-05-26,AAPL,144.7,145.8,144.51,144.57,125771104
2023-05-26,AMZN,129.87,130.08,129.21,129.8,85158236
2023-05-26,GOOGL,120.77,121.26,120.42,120.94,82556918
2023-05-26,MSFT,361.02,363.57,357.43,359.3,101299955
2023-05-26,TSLA,236.03,238.21,235.29,237.04,99895048
2023-05-29,AAPL,146.28,146.95,145.14,145.47,80996616
2023-05-29,AMZN,129.57,130.1,129.16,129.98,124163015
2023-05-29,GOOGL,118.53,119.43,117.33,118.26,78444873
2023-05-29,MSFT,344.92,346.2,343.36,343.63,30339374
2023-05-29,TSLA,233.72,234.22,231.45,232.59,88128414
2023-05-30,AAPL,143.62,144.56,141.86,143.63,98213219
2023-05-30,AMZN,130.08,130.34,130.03,130.14,23797378
2023-05-30,GOOGL,119.62,120.72,118.98,120.02,79849839
2023-05-30,MSFT,335.4,336.9,333.58,336.67,20524360
2023-05-30,TSLA,232.36,233.13,229.39,231.01,79266791
2023-05-31,AAPL,140.31,141.04,140.3,140.44,60064771
2023-05-31,AMZN,129.92,130.18,129.43,129.56,92452868
2023-05-31,GOOGL,122.43,122.63,121.94,122.05,62864999
2023-05-31,MSFT,336.45,338.99,335.57,338.16,115928732
2023-05-31,TSLA,234.63,235.52,233.29,235.31,109945315
2023-06-01,AAPL,143.59,144.32,143.41,144.2,21747088
2023-06-01,AMZN,128.45,129.99,128.35,129.26,72593063
2023-06-01,GOOGL,123.73,124.34,123.69,123.82,34901413
2023-06-01,MSFT,343.02,343.58,340.44,342.44,97098096
2023-06-01,TSLA,235.98,237.35,234.35,234.75,122538058
2023-06-02,AAPL,143.81,144.3,143.47,144.04,78299286
2023-06-02,AMZN,130.28,130.54,129.68,130.15,110688205
2023-06-02,GOOGL,124.51,124.57,123.91,124.27,93057867
2023-06-02,MSFT,353.33,355.06,348.11,351.51,87260474
2023-06-02,TSLA,229.84,230.04,229.36,229.8,56613775
2023-06-05,AAPL,143.55,145.03,141.91,142.62,69038625
2023-06-05,AMZN,129.25,129.6,128.99,129.45,73269031
2023-06-05,GOOGL,124.47,126.38,124.35,124.83,105589879
2023-06-05,MSFT,353.89,355.87,353.33,353.8,31411873
2023-06-05,TSLA,234.4,235.33,232.47,234.51,22087750
2023-06-06,AAPL,142.39,143.64,142.15,143.0,20436106
2023-06-06,AMZN,131.45,132.96,130.74,131.72,97263873
2023-06-06,GOOGL,124.14,124.62,124.07,124.11,26402245
2023-06-06,MSFT,350.86,352.64,349.35,349.72,67292867
2023-06-06,TSLA,237.56,237.6,236.01,236.5,27341528
2023-06-07,AAPL,142.67,142.96,142.51,142.66,113530902
2023-06-07,AMZN,131.51,132.19,130.11,131.11,121882350
2023-06-07,GOOGL,123.66,125.06,122.91,124.3,58675992
2023-06-07,MSFT,353.09,356.85,349.23,354.54,53319336
2023-06-07,TSLA,244.26,245.38,243.82,244.09,94759672
2023-06-08,AAPL,143.95,145.49,142.67,144.56,34377065
2023-06-08,AMZN,133.12,134.36,132.32,133.18,96989952
2023-06-08,GOOGL,123.37,123.93,123.31,123.61,90491235
2023-06-08,MSFT,354.57,354.71,354.41,354.66,106862518
2023-06-08,TSLA,244.68,245.44,242.93,244.44,36127957
2023-06-09,AAPL,144.76,144.91,143.11,144.7,103164711
2023-06-09,AMZN,130.57,131.76,130.42,131.18,69922052
2023-06-09,GOOGL,122.59,123.36,122.19,122.66,74727783
2023-06-09,MSFT,354.26,356.51,352.15,353.76,90372833
2023-06-09,TSLA,243.98,244.13,242.2,242.88,32654775
2023-06-12,AAPL,145.19,145.76,144.46,144.8,50700901
2023-06-12,AMZN,131.19,132.0,130.68,131.55,61470920
2023-06-12,GOOGL,122.73,123.56,122.24,123.1,86036237
2023-06-12,MSFT,353.63,355.86,353.34,354.03,42059798
2023-06-12,TSLA,238.64,239.22,236.46,237.72,103927745
2023-06-13,AAPL,143.22,143.65,142.54,143.32,24449089
2023-06-13,AMZN,132.9,133.27,132.11,132.71,45242252
2023-06-13,GOOGL,126.21,126.4,125.7,126.3,65402601
2023-06-13,MSFT,360.77,361.29,360.53,360.98,111018959
2023-06-13,TSLA,243.21,244.23,241.38,242.56,82452113
2023-06-14,AAPL,144.72,144.79,143.68,144.41,25152228
2023-06-14,AMZN,135.4,135.57,133.4,135.13,118292132
2023-06-14,GOOGL,122.84,123.07,122.59,122.79,68608781
2023-06-14,MSFT,357.04,357.24,356.14,356.28,102541199
2023-06-14,TSLA,250.97,252.22,250.73,252.03,78544868
2023-06-15,AAPL,142.55,143.23,140.72,142.24,109285347
2023-06-15,AMZN,136.88,138.01,136.78,137.64,66111420
2023-06-15,GOOGL,124.01,124.18,123.61,123.96,46042638
2023-06-15,MSFT,350.36,353.16,347.31,350.99,106225438
2023-06-15,TSLA,247.88,250.7,247.18,249.06,68495902
2023-06-16,AAPL,143.92,144.32,143.31,143.73,46205645
2023-06-16,AMZN,135.1,135.67,134.54,135.46,112394814
2023-06-16,GOOGL,124.51,125.31,124.47,125.28,39793207
2023-06-16,MSFT,349.79,351.59,348.25,350.81,61340109
2023-06-16,TSLA,247.6,249.36,245.71,246.76,34972148
2023-06-19,AAPL,147.84,148.13,146.58,147.09,103890773
2023-06-19,AMZN,134.09,134.1,133.42,133.97,79240569
2023-06-19,GOOGL,122.95,123.59,122.33,123.06,31391761
2023-06-19,MSFT,351.45,352.98,349.58,350.64,38708223
2023-06-19,TSLA,248.4,249.46,248.28,249.09,99284578
2023-06-20,AAPL,144.13,144.59,143.79,143.8,66320518
2023-06-20,AMZN,137.45,139.19,136.78,136.9,124058906
2023-06-20,GOOGL,123.62,124.16,123.5,123.7,50659488
2023-06-20,MSFT,346.81,348.68,344.44,346.53,41668447
2023-06-20,TSLA,246.22,246.72,244.23,246.11,38470231
2023-06-21,AAPL,138.42,138.74,137.96,138.55,128353118
2023-06-21,AMZN,136.19,136.97,134.56,135.95,125195765
2023-06-21,GOOGL,123.63,124.87,123.29,123.95,103209239
2023-06-21,MSFT,341.13,343.21,339.43,342.13,30319929
2023-06-21,TSLA,244.45,245.61,241.94,245.24,42540497
2023-06-22,AAPL,139.61,139.92,138.82,139.9,114398176
2023-06-22,AMZN,132.44,133.25,131.79,132.71,63757168
2023-06-22,GOOGL,122.8,123.2,122.3,123.15,75095815
2023-06-22,MSFT,344.71,345.17,343.47,344.24,32145425
2023-06-22,TSLA,243.94,245.34,242.74,244.07,111647893
2023-06-23,AAPL,144.95,145.82,144.05,145.32,129399151
2023-06-23,AMZN,135.02,135.03,134.53,134.73,112104911
2023-06-23,GOOGL,123.0,123.17,121.79,122.29,51949834
2023-06-23,MSFT,350.75,352.09,349.69,351.32,25356926
2023-06-23,TSLA,243.96,245.29,242.28,244.9,26219510
2023-06-26,AAPL,143.41,144.06,142.5,143.21,121094546
2023-06-26,AMZN,135.37,136.31,133.94,135.75,80816297
2023-06-26,GOOGL,120.08,121.29,118.5,119.78,30629866
2023-06-26,MSFT,355.96,359.51,354.9,355.25,84575889
2023-06-26,TSLA,250.26,250.58,248.59,249.04,94744365
2023-06-27,AAPL,140.46,140.69,139.99,140.59,31739846
2023-06-27,AMZN,133.26,133.48,132.96,133.15,31553900
2023-06-27,GOOGL,123.27,123.65,122.71,122.9,105451947
2023-06-27,MSFT,359.09,361.46,358.11,359.08,75937447
2023-06-27,TSLA,248.49,250.54,247.61,249.25,77617356
2023-06-28,AAPL,143.07,143.42,141.52,141.91,22271154
2023-06-28,AMZN,131.77,133.11,130.94,131.82,95433005
2023-06-28,GOOGL,127.75,128.12,127.19,127.29,110781805
2023-06-28,MSFT,365.68,368.13,364.01,365.97,32467796
2023-06-28,TSLA,252.72,252.89,252.32,252.81,96518929
2023-06-29,AAPL,140.96,141.21,139.54,140.19,44360670
2023-06-29,AMZN,134.6,135.09,133.26,134.14,98226490
2023-06-29,GOOGL,130.02,130.43,129.33,130.39,22756158
2023-06-29,MSFT,354.42,356.57,353.12,355.22,72616376
2023-06-29,TSLA,251.2,255.27,249.92,251.34,109665450
2023-06-30,AAPL,139.1,139.2,138.51,139.19,70588799
2023-06-30,AMZN,133.61,134.04,132.96,133.08,122236266
2023-06-30,GOOGL,129.79,130.02,128.74,129.89,87830252
2023-06-30,MSFT,347.59,347.87,346.8,347.35,121545029
2023-06-30,TSLA,253.62,253.93,251.92,252.71,35444996
2023-07-03,AAPL,138.4,139.25,137.57,138.54,102545020
2023-07-03,AMZN,132.42,133.24,131.68,131.81,103536084
2023-07-03,GOOGL,129.82,130.78,129.4,130.51,72688318
2023-07-03,MSFT,343.83,344.64,342.35,343.85,45063970
2023-07-03,TSLA,243.68,245.16,242.83,244.73,28924290
2023-07-04,AAPL,140.42,140.48,138.25,139.71,95184024
2023-07-04,AMZN,130.94,132.2,130.44,130.84,101748696
2023-07-04,GOOGL,131.39,131.69,131.09,131.31,20873682
2023-07-04,MSFT,339.8,341.06,336.25,337.86,113328434
2023-07-04,TSLA,239.5,241.08,239.28,239.53,128951538
2023-07-05,AAPL,138.15,139.46,137.94,138.93,63861257
2023-07-05,AMZN,133.18,134.03,132.6,133.19,58720256
2023-07-05,GOOGL,129.03,130.04,128.32,129.78,101704307
2023-07-05,MSFT,332.99,335.57,331.58,333.01,126253079
2023-07-05,TSLA,242.35,243.37,242.14,242.51,31971877
2023-07-06,AAPL,139.39,139.64,139.13,139.58,102757749
2023-07-06,AMZN,129.89,130.13,129.47,129.74,49000140
2023-07-06,GOOGL,129.06,129.36,128.37,129.34,111370582
2023-07-06,MSFT,332.2,334.86,331.13,333.53,108766959
2023-07-06,TSLA,240.86,243.86,240.32,240.48,47933032
2023-07-07,AAPL,139.68,140.28,138.91,139.28,56302507
2023-07-07,AMZN,131.11,131.87,130.15,130.18,124214041
2023-07-07,GOOGL,130.73,131.11,129.79,130.44,23180908
2023-07-07,MSFT,329.32,332.12,324.69,327.27,63238019
2023-07-07,TSLA,243.04,244.77,241.42,242.69,39350092
2023-07-10,AAPL,137.21,137.8,136.94,137.58,37524210
2023-07-10,AMZN,130.17,130.69,130.02,130.1,44339227
2023-07-10,GOOGL,129.89,130.04,129.67,129.68,82068892
2023-07-10,MSFT,323.29,326.62,321.46,325.26,54288599
2023-07-10,TSLA,244.45,246.44,243.0,244.79,58939878
2023-07-11,AAPL,136.8,137.93,136.0,136.99,100907924
2023-07-11,AMZN,130.82,130.88,129.95,130.67,92075088
2023-07-11,GOOGL,125.95,126.67,125.86,126.32,117176302
2023-07-11,MSFT,317.03,317.51,313.74,315.45,103459239
2023-07-11,TSLA,249.95,251.12,249.23,249.77,107912042
2023-07-12,AAPL,134.97,135.24,134.42,135.11,20796025
2023-07-12,AMZN,131.77,131.88,131.69,131.74,83137619
2023-07-12,GOOGL,123.65,124.1,123.1,123.98,29639023
2023-07-12,MSFT,310.21,311.93,309.92,311.0,92665326
2023-07-12,TSLA,252.65,254.68,251.89,252.93,45734397
2023-07-13,AAPL,135.46,136.57,134.07,135.19,79894250
2023-07-13,AMZN,131.07,131.98,130.75,131.47,86759058
2023-07-13,GOOGL,125.0,125.49,123.92,124.52,34834493
2023-07-13,MSFT,318.77,320.44,316.15,317.43,114521822
2023-07-13,TSLA,257.28,258.37,255.27,256.92,96292579
2023-07-14,AAPL,133.03,133.32,132.68,132.98,47431893
2023-07-14,AMZN,132.62,133.24,131.79,132.26,42542274
2023-07-14,GOOGL,124.12,124.93,123.38,123.95,111831243
2023-07-14,MSFT,314.85,317.64,313.68,315.01,80570361
2023-07-14,TSLA,256.54,257.39,254.43,256.62,123690666
2023-07-17,AAPL,131.02,131.13,130.01,130.86,116771880
2023-07-17,AMZN,133.06,133.25,132.24,132.78,97325107
2023-07-17,GOOGL,123.27,124.27,122.5,123.46,79602712
2023-07-17,MSFT,317.23,318.48,314.14,316.7,111064178
2023-07-17,TSLA,253.56,254.72,252.92,254.06,71542809
2023-07-18,AAPL,134.03,134.68,133.28,133.79,54562011
2023-07-18,AMZN,135.3,136.88,135.06,135.22,82744492
2023-07-18,GOOGL,126.08,126.55,125.34,126.03,87099829
2023-07-18,MSFT,320.26,322.9,319.16,320.22,25894139
2023-07-18,TSLA,251.37,252.13,251.3,251.4,89474814
2023-07-19,AAPL,133.76,134.2,133.67,133.75,90493409
2023-07-19,AMZN,130.21,130.9,129.5,130.41,71656997
2023-07-19,GOOGL,126.3,126.99,126.19,126.25,38727044
2023-07-19,MSFT,317.93,318.27,317.6,318.02,108257471
2023-07-19,TSLA,249.95,250.48,249.42,249.68,69696693
2023-07-20,AAPL,134.15,134.33,133.67,133.71,40587915
2023-07-20,AMZN,129.72,130.19,129.55,129.86,100166233
2023-07-20,GOOGL,124.55,125.16,124.45,124.96,120285946
2023-07-20,MSFT,321.46,324.31,319.67,320.94,112222380
2023-07-20,TSLA,247.24,247.82,245.48,245.57,80860790
2023-07-21,AAPL,134.51,135.1,133.64,134.8,127883713
2023-07-21,AMZN,129.62,131.08,129.37,129.78,76241377
2023-07-21,GOOGL,124.69,124.91,123.77,124.9,43958602
2023-07-21,MSFT,321.53,322.84,319.82,322.13,125893073
2023-07-21,TSLA,243.32,243.83,242.06,243.68,79650015
2023-07-24,AAPL,133.44,134.24,132.76,134.02,44252847
2023-07-24,AMZN,126.42,127.77,126.17,127.01,72867522
2023-07-24,GOOGL,128.19,129.06,127.73,129.0,79396629
2023-07-24,MSFT,326.15,327.82,324.96,325.67,127510738
2023-07-24,TSLA,243.69,244.01,240.0,243.46,65563497
2023-07-25,AAPL,132.91,133.76,132.68,133.63,94631990
2023-07-25,AMZN,129.21,130.52,127.77,129.39,41110232
2023-07-25,GOOGL,126.98,127.53,126.34,126.89,21103549
2023-07-25,MSFT,321.69,324.45,320.93,322.72,105746096
2023-07-25,TSLA,245.58,245.86,243.22,244.5,28039539
2023-07-26,AAPL,133.89,134.72,133.55,134.54,92820038
2023-07-26,AMZN,130.65,130.98,130.15,130.22,40962644
2023-07-26,GOOGL,130.39,131.49,130.0,130.35,72884477
2023-07-26,MSFT,315.23,316.79,313.03,315.91,36251851
2023-07-26,TSLA,241.87,243.9,241.26,243.38,98885072
2023-07-27,AAPL,134.96,136.38,134.04,135.18,124123596
2023-07-27,AMZN,127.06,127.45,126.42,126.85,68765668
2023-07-27,GOOGL,133.65,134.18,132.52,133.24,66783752
2023-07-27,MSFT,310.77,312.12,309.15,311.23,109655681
2023-07-27,TSLA,235.25,237.13,233.5,236.48,26803170
2023-07-28,AAPL,133.31,133.77,131.22,132.9,44390178
2023-07-28,AMZN,126.11,126.3,125.17,126.23,116839461
2023-07-28,GOOGL,133.39,133.54,132.37,132.98,99939661
2023-07-28,MSFT,308.71,310.35,308.43,308.79,115009223
2023-07-28,TSLA,235.5,238.61,234.94,236.34,71542530
2023-07-31,AAPL,134.7,134.7,134.42,134.63,50945363
2023-07-31,AMZN,127.72,128.19,127.01,127.42,53724936
2023-07-31,GOOGL,132.2,133.46,131.99,132.38,23973382
2023-07-31,MSFT,312.58,313.94,310.39,311.43,41521487
2023-07-31,TSLA,237.18,237.6,235.45,237.26,81489446
2023-08-01,AAPL,133.26,133.74,132.15,133.5,40773151
2023-08-01,AMZN,127.44,128.25,126.82,127.53,32822723
2023-08-01,GOOGL,135.91,136.4,134.63,135.26,39519950
2023-08-01,MSFT,309.86,311.67,307.6,310.63,61686181
2023-08-01,TSLA,243.01,245.05,241.19,241.24,70782591
2023-08-02,AAPL,131.03,132.59,130.68,131.45,108824116
2023-08-02,AMZN,125.85,127.14,124.99,126.08,54136783
2023-08-02,GOOGL,135.53,136.26,134.96,135.83,115853840
2023-08-02,MSFT,308.14,308.94,307.35,308.93,55974319
2023-08-02,TSLA,243.74,244.33,242.8,243.45,122479086
2023-08-03,AAPL,129.54,130.78,128.5,129.74,49792835
2023-08-03,AMZN,127.16,127.35,126.35,127.13,57384828
2023-08-03,GOOGL,135.19,135.93,133.64,134.81,54978465
2023-08-03,MSFT,307.22,310.54,305.06,308.25,41630534
2023-08-03,TSLA,242.1,242.72,240.56,241.22,36702819
2023-08-04,AAPL,128.89,130.45,128.07,129.05,101461830
2023-08-04,AMZN,127.81,128.81,127.3,127.67,54294819
2023-08-04,GOOGL,138.35,138.92,137.77,138.57,122656013
2023-08-04,MSFT,313.12,313.56,310.16,313.49,98090610
2023-08-04,TSLA,238.57,238.75,236.48,238.72,49925269
2023-08-07,AAPL,132.04,133.43,131.0,132.26,70093767
2023-08-07,AMZN,126.64,126.81,125.54,125.93,128162595
2023-08-07,GOOGL,138.74,139.01,138.36,139.0,47184331
2023-08-07,MSFT,311.47,314.14,307.76,310.94,83964409
2023-08-07,TSLA,244.23,246.18,244.1,246.04,110593542
2023-08-08,AAPL,129.44,130.37,128.82,130.0,115000005
2023-08-08,AMZN,125.54,125.56,125.05,125.49,109225406
2023-08-08,GOOGL,139.24,140.53,138.74,139.76,55024981
2023-08-08,MSFT,317.44,318.73,315.17,318.14,125752553
2023-08-08,TSLA,247.23,249.05,245.61,248.96,115119692
2023-08-09,AAPL,130.19,130.93,130.03,130.37,41800173
2023-08-09,AMZN,127.89,127.94,127.79,127.86,50025355
2023-08-09,GOOGL,139.88,140.2,139.2,139.91,114605673
2023-08-09,MSFT,312.18,312.86,311.48,312.44,47004463
2023-08-09,TSLA,256.71,258.72,255.02,255.92,27278726
2023-08-10,AAPL,126.64,127.13,125.53,126.26,74459973
2023-08-10,AMZN,130.32,130.38,129.88,130.07,77811586
2023-08-10,GOOGL,140.29,140.81,138.44,139.35,108120273
2023-08-10,MSFT,309.29,311.53,307.38,309.83,63250559
2023-08-10,TSLA,264.37,265.83,263.65,264.23,129119012
2023-08-11,AAPL,125.49,127.57,125.06,126.32,74517993
2023-08-11,AMZN,127.76,128.51,126.92,128.26,97976284
2023-08-11,GOOGL,139.74,140.72,138.99,139.68,89233455
2023-08-11,MSFT,314.04,314.95,312.87,313.95,83573759
2023-08-11,TSLA,260.1,262.27,259.39,261.12,119823839
2023-08-14,AAPL,127.99,128.66,127.7,128.09,28015426
2023-08-14,AMZN,127.61,128.28,126.9,127.08,25280787
2023-08-14,GOOGL,139.17,139.85,138.89,138.97,99056694
2023-08-14,MSFT,314.64,317.98,314.13,316.55,30901223
2023-08-14,TSLA,263.64,265.63,262.66,262.76,64474495
2023-08-15,AAPL,126.88,128.2,126.61,127.7,123066588
2023-08-15,AMZN,130.42,130.59,128.95,129.71,82322076
2023-08-15,GOOGL,139.96,141.3,139.54,140.1,58373714
2023-08-15,MSFT,313.21,313.35,310.76,312.65,98688050
2023-08-15,TSLA,263.47,265.31,263.21,264.69,120808886
2023-08-16,AAPL,126.62,127.5,126.1,126.55,63424759
2023-08-16,AMZN,130.8,130.96,130.76,130.85,59393153
2023-08-16,GOOGL,142.6,143.45,142.31,142.39,110841715
2023-08-16,MSFT,313.16,315.54,310.75,312.29,99620213
2023-08-16,TSLA,267.96,268.17,266.95,267.05,112179188
2023-08-17,AAPL,126.77,127.44,126.75,127.06,110393849
2023-08-17,AMZN,130.77,131.58,129.93,130.97,75076222
2023-08-17,GOOGL,145.05,146.35,144.6,144.78,54380691
2023-08-17,MSFT,308.36,310.94,307.25,309.13,61089018
2023-08-17,TSLA,270.52,271.68,268.05,269.35,77569835
2023-08-18,AAPL,127.65,128.66,127.56,128.45,75503104
2023-08-18,AMZN,130.49,130.53,129.72,130.4,81814843
2023-08-18,GOOGL,147.65,148.14,147.39,147.44,114889338
2023-08-18,MSFT,313.17,314.48,312.43,313.23,78538669
2023-08-18,TSLA,269.68,270.58,267.57,270.3,125237299
2023-08-21,AAPL,129.84,131.15,129.63,129.8,102649629
2023-08-21,AMZN,130.97,131.69,130.76,130.82,81247530
2023-08-21,GOOGL,151.44,152.36,150.66,150.82,26664534
2023-08-21,MSFT,315.06,315.95,314.23,315.92,92812442
2023-08-21,TSLA,270.24,272.13,269.01,271.14,37968302
2023-08-22,AAPL,134.43,134.75,133.45,133.7,87175056
2023-08-22,AMZN,132.35,133.07,132.14,132.62,116788433
2023-08-22,GOOGL,152.6,153.28,152.15,152.61,126304238
2023-08-22,MSFT,313.64,315.2,310.05,312.7,88292898
2023-08-22,TSLA,265.84,267.43,264.9,265.17,31702226
2023-08-23,AAPL,134.23,135.08,134.11,134.19,123673997
2023-08-23,AMZN,127.53,128.88,126.78,128.14,122168657
2023-08-23,GOOGL,151.5,152.38,151.01,151.31,122627232
2023-08-23,MSFT,315.32,317.05,312.98,314.72,56887068
2023-08-23,TSLA,263.77,264.74,263.48,264.64,43967586
2023-08-24,AAPL,133.53,134.12,131.78,133.06,29187178
2023-08-24,AMZN,129.78,129.81,129.3,129.8,122712510
2023-08-24,GOOGL,154.28,155.44,153.35,153.57,52445348
2023-08-24,MSFT,315.87,316.19,312.64,313.14,53162754
2023-08-24,TSLA,262.48,262.98,261.12,261.81,95922961
2023-08-25,AAPL,132.85,133.07,132.11,132.88,121383605
2023-08-25,AMZN,127.86,128.42,126.96,128.11,73191382
2023-08-25,GOOGL,150.13,150.37,149.72,149.84,34801904
2023-08-25,MSFT,312.77,313.29,309.78,312.96,124741243
2023-08-25,TSLA,261.49,264.98,258.76,262.43,35366789
2023-08-28,AAPL,131.94,133.91,131.4,132.8,122570614
2023-08-28,AMZN,126.26,126.41,124.44,125.7,30153079
2023-08-28,GOOGL,147.98,148.37,147.15,148.32,49984354
2023-08-28,MSFT,312.6,313.92,311.91,313.42,88981219
2023-08-28,TSLA,261.36,261.6,258.98,260.72,78656799
2023-08-29,AAPL,133.28,134.29,131.96,133.08,80834174
2023-08-29,AMZN,124.5,124.98,124.0,124.54,75707220
2023-08-29,GOOGL,149.61,149.93,148.6,149.03,59671317
2023-08-29,MSFT,310.49,313.09,309.27,310.92,104876795
2023-08-29,TSLA,263.35,264.4,261.52,263.27,97093175
2023-08-30,AAPL,132.92,134.0,132.64,133.09,99327787
2023-08-30,AMZN,122.61,122.75,121.82,122.6,81728429
2023-08-30,GOOGL,145.63,146.07,144.92,145.35,122430407
2023-08-30,MSFT,311.89,313.66,310.01,313.06,91564421
2023-08-30,TSLA,266.29,268.42,265.16,266.64,57481826
2023-08-31,AAPL,132.92,133.82,132.47,133.5,96089835
2023-08-31,AMZN,120.89,121.28,120.26,120.84,87003645
2023-08-31,GOOGL,148.27,148.84,147.64,148.63,53801056
2023-08-31,MSFT,315.59,316.73,312.91,315.38,35248895
2023-08-31,TSLA,267.29,269.18,266.69,268.01,59902775
2023-09-01,AAPL,130.53,131.11,129.27,130.23,97306882
2023-09-01,AMZN,120.58,121.13,120.12,120.97,53517651
2023-09-01,GOOGL,146.1,146.44,145.52,146.44,97971002
2023-09-01,MSFT,317.86,318.99,317.38,317.55,53096865
2023-09-01,TSLA,269.6,271.9,267.35,269.41,21633769
2023-09-04,AAPL,132.02,132.76,131.69,131.91,58794659
2023-09-04,AMZN,119.94,120.39,119.24,120.26,50077907
2023-09-04,GOOGL,143.05,143.92,142.77,143.22,60181789
2023-09-04,MSFT,323.88,324.76,321.45,322.97,102011189
2023-09-04,TSLA,268.39,270.64,267.59,269.92,128056334
2023-09-05,AAPL,130.63,131.39,130.38,130.84,90645091
2023-09-05,AMZN,122.77,123.11,121.09,122.05,25211651
2023-09-05,GOOGL,142.01,142.43,141.48,141.66,82729017
2023-09-05,MSFT,322.22,323.83,319.99,321.82,101914724
2023-09-05,TSLA,268.02,270.84,267.44,268.24,24630011
2023-09-06,AAPL,128.94,128.96,128.41,128.6,79215879
2023-09-06,AMZN,119.85,120.85,118.78,119.35,65839756
2023-09-06,GOOGL,140.25,140.45,138.89,140.1,57292235
2023-09-06,MSFT,314.44,315.3,313.44,314.82,74216333
2023-09-06,TSLA,267.4,268.44,267.01,267.72,57545149
2023-09-07,AAPL,129.56,130.07,128.9,129.9,101544678
2023-09-07,AMZN,120.37,120.98,119.44,120.79,38741948
2023-09-07,GOOGL,140.54,140.57,139.49,140.12,40011613
2023-09-07,MSFT,313.9,314.76,310.12,312.67,58223790
2023-09-07,TSLA,266.4,267.01,265.67,265.86,95412086
2023-09-08,AAPL,132.78,133.57,132.33,132.53,121272046
2023-09-08,AMZN,118.85,119.1,118.69,118.72,20580705
2023-09-08,GOOGL,140.9,141.09,139.27,139.86,29998197
2023-09-08,MSFT,314.33,316.36,311.89,313.77,40779747
2023-09-08,TSLA,266.53,268.62,265.6,267.54,56270506
2023-09-11,AAPL,133.2,135.25,132.45,133.58,32396375
2023-09-11,AMZN,118.96,119.67,118.65,119.06,38835458
2023-09-11,GOOGL,142.83,143.94,141.8,142.09,122880741
2023-09-11,MSFT,314.83,316.38,312.81,314.03,101239836
2023-09-11,TSLA,269.11,270.32,266.87,267.73,109672087
2023-09-12,AAPL,134.18,135.41,133.58,133.97,75838185
2023-09-12,AMZN,118.83,119.99,118.01,118.54,122274311
2023-09-12,GOOGL,141.86,141.91,141.53,141.81,87526072
2023-09-12,MSFT,315.81,317.37,315.32,316.91,52898816
2023-09-12,TSLA,269.95,272.09,269.84,270.2,94437419
2023-09-13,AAPL,131.72,132.76,131.21,132.16,26972800
2023-09-13,AMZN,120.6,120.81,119.93,120.24,75512383
2023-09-13,GOOGL,141.97,142.59,141.23,142.25,68278549
2023-09-13,MSFT,320.12,321.36,318.69,320.9,32590554
2023-09-13,TSLA,264.04,267.24,263.71,264.95,121554709
2023-09-14,AAPL,138.53,140.51,137.42,137.92,66339360
2023-09-14,AMZN,117.92,118.48,117.64,118.08,64275007
2023-09-14,GOOGL,140.8,141.89,139.68,140.21,126439645
2023-09-14,MSFT,319.9,320.59,319.69,320.5,37858736
2023-09-14,TSLA,269.73,270.19,268.33,268.61,116610435
2023-09-15,AAPL,139.91,139.92,138.41,139.81,25322585
2023-09-15,AMZN,118.64,118.95,117.33,118.28,126979085
2023-09-15,GOOGL,141.03,141.69,140.43,141.32,61823713
2023-09-15,MSFT,319.77,321.02,319.77,320.13,29624832
2023-09-15,TSLA,267.0,268.67,263.45,265.67,102141445
2023-09-18,AAPL,138.08,138.84,137.05,137.49,92395654
2023-09-18,AMZN,120.89,121.78,120.72,121.07,124572987
2023-09-18,GOOGL,139.43,140.38,138.43,139.75,77740106
2023-09-18,MSFT,313.5,319.87,311.63,315.54,107714034
2023-09-18,TSLA,262.73,266.39,262.55,262.88,77933712
2023-09-19,AAPL,135.61,137.3,135.51,135.95,66324107
2023-09-19,AMZN,123.56,124.3,123.08,123.42,83106971
2023-09-19,GOOGL,135.7,136.12,135.51,135.74,70619128
2023-09-19,MSFT,321.77,322.68,320.43,320.59,116064785
2023-09-19,TSLA,261.53,262.74,261.41,262.23,89762374
2023-09-20,AAPL,136.0,136.31,135.52,136.19,71157591
2023-09-20,AMZN,123.64,124.55,122.96,123.03,75310522
2023-09-20,GOOGL,138.58,139.45,137.88,138.46,34822498
2023-09-20,MSFT,319.31,320.2,318.49,319.48,87673893
2023-09-20,TSLA,260.16,261.15,259.2,260.15,33441944
2023-09-21,AAPL,133.42,133.91,132.26,133.09,110348974
2023-09-21,AMZN,124.75,125.18,123.67,124.51,121248979
2023-09-21,GOOGL,136.24,136.43,136.22,136.34,53307740
2023-09-21,MSFT,315.28,315.89,312.55,314.45,116797335
2023-09-21,TSLA,260.87,261.91,259.62,261.41,60201879
2023-09-22,AAPL,132.39,133.82,130.78,133.49,30458266
2023-09-22,AMZN,126.69,127.69,126.28,126.6,103332214
2023-09-22,GOOGL,134.29,134.36,133.67,134.17,63448449
2023-09-22,MSFT,310.1,312.1,308.69,309.35,71837594
2023-09-22,TSLA,259.05,259.44,257.63,259.29,38777888
2023-09-25,AAPL,132.21,133.02,131.87,132.64,81322665
2023-09-25,AMZN,128.25,128.59,126.67,127.68,103103395
2023-09-25,GOOGL,131.41,132.61,131.09,132.48,56365684
2023-09-25,MSFT,308.99,309.68,306.49,307.58,109703592
2023-09-25,TSLA,256.45,256.9,253.11,255.26,89333865
2023-09-26,AAPL,135.56,135.69,135.0,135.14,61683428
2023-09-26,AMZN,129.84,131.06,128.78,130.07,54160094
2023-09-26,GOOGL,133.7,133.95,132.78,133.84,25729727
2023-09-26,MSFT,315.49,315.51,314.8,314.91,67268848
2023-09-26,TSLA,252.45,253.25,250.83,252.15,98656960
2023-09-27,AAPL,137.35,137.46,136.45,137.16,54482044
2023-09-27,AMZN,132.38,132.57,131.78,132.12,45741430
2023-09-27,GOOGL,130.87,130.99,130.75,130.85,100291300
2023-09-27,MSFT,319.11,321.36,318.69,318.72,81016716
2023-09-27,TSLA,257.35,257.72,256.53,257.24,92994786
2023-09-28,AAPL,132.04,132.47,131.09,131.65,34943826
2023-09-28,AMZN,127.82,128.9,127.33,127.9,37366839
2023-09-28,GOOGL,130.41,131.31,129.57,130.13,36050214
2023-09-28,MSFT,310.12,311.9,307.32,310.78,32098766
2023-09-28,TSLA,257.81,258.31,255.97,257.54,104234896
2023-09-29,AAPL,131.68,132.81,131.53,131.8,31134201
2023-09-29,AMZN,128.66,129.71,128.08,129.27,116221507
2023-09-29,GOOGL,131.46,131.91,131.31,131.32,76466452
2023-09-29,MSFT,310.51,310.52,308.93,310.36,86188004
2023-09-29,TSLA,253.11,255.39,251.56,253.16,50544237
2023-10-02,AAPL,128.89,129.34,128.41,128.67,120608604
2023-10-02,AMZN,136.2,137.45,135.81,136.23,68854391
2023-10-02,GOOGL,135.04,135.8,133.83,135.12,31869052
2023-10-02,MSFT,313.42,313.78,311.44,311.74,65023571
2023-10-02,TSLA,253.95,254.88,253.2,253.31,128887565
2023-10-03,AAPL,130.59,131.68,129.52,130.87,34091845
2023-10-03,AMZN,135.84,135.84,135.56,135.67,31402619
2023-10-03,GOOGL,135.62,135.73,133.74,134.6,77522733
2023-10-03,MSFT,313.21,315.71,312.83,314.83,72914552
2023-10-03,TSLA,248.18,249.99,245.57,247.53,23626252
2023-10-04,AAPL,130.73,132.33,129.86,131.27,101497052
2023-10-04,AMZN,134.41,137.31,133.91,135.24,26790388
2023-10-04,GOOGL,135.19,135.83,134.51,134.78,21931879
2023-10-04,MSFT,315.98,318.57,312.68,316.61,125891501
2023-10-04,TSLA,254.02,254.5,253.64,254.3,83054913
2023-10-05,AAPL,131.74,132.91,131.09,132.41,54172616
2023-10-05,AMZN,134.72,135.7,133.56,135.52,43199990
2023-10-05,GOOGL,133.35,133.49,132.57,133.1,54413697
2023-10-05,MSFT,314.03,314.74,312.5,313.72,35291710
2023-10-05,TSLA,248.69,249.48,246.48,248.61,95486886
2023-10-06,AAPL,130.15,131.05,129.85,130.37,68324154
2023-10-06,AMZN,134.05,135.59,133.59,134.11,53152701
2023-10-06,GOOGL,137.26,137.7,136.95,137.12,121360232
2023-10-06,MSFT,317.4,319.58,314.15,315.82,121001228
2023-10-06,TSLA,252.33,252.8,249.35,250.52,106024942
2023-10-09,AAPL,133.79,134.23,132.97,134.01,90450868
2023-10-09,AMZN,133.65,133.93,132.77,133.64,38442534
2023-10-09,GOOGL,137.1,138.26,136.45,136.9,51362091
2023-10-09,MSFT,312.37,315.85,308.96,313.35,115648874
2023-10-09,TSLA,253.01,254.33,250.94,252.69,36780578
2023-10-10,AAPL,137.87,138.59,136.45,138.13,27785458
2023-10-10,AMZN,133.57,133.88,133.3,133.62,43337293
2023-10-10,GOOGL,136.51,137.81,136.05,136.84,111160743
2023-10-10,MSFT,302.62,305.92,300.72,302.98,25450056
2023-10-10,TSLA,247.18,248.75,246.63,247.32,94231405
2023-10-11,AAPL,134.55,136.09,133.57,136.0,43896949
2023-10-11,AMZN,138.46,138.92,136.56,137.76,123073724
2023-10-11,GOOGL,136.8,138.2,136.48,137.21,119781471
2023-10-11,MSFT,300.1,301.02,298.37,299.91,102778089
2023-10-11,TSLA,250.08,250.38,247.02,248.56,109703191
2023-10-12,AAPL,136.0,137.79,135.6,136.82,32433078
2023-10-12,AMZN,138.74,139.24,137.2,137.45,119833791
2023-10-12,GOOGL,135.49,136.22,134.69,135.39,30393121
2023-10-12,MSFT,299.79,301.7,295.82,296.97,25968718
2023-10-12,TSLA,252.4,253.78,251.2,252.4,80476850
2023-10-13,AAPL,135.29,136.28,134.16,135.51,23242053
2023-10-13,AMZN,138.68,139.37,138.24,138.79,90307731
2023-10-13,GOOGL,134.8,135.79,134.38,135.44,72370258
2023-10-13,MSFT,300.64,302.38,300.64,301.37,60921256
2023-10-13,TSLA,253.46,257.42,252.95,254.29,34469834
2023-10-16,AAPL,135.65,135.99,133.84,135.53,48865716
2023-10-16,AMZN,138.69,138.88,137.72,138.57,47604330
2023-10-16,GOOGL,133.19,133.35,132.19,132.94,68431863
2023-10-16,MSFT,306.21,306.37,302.42,306.29,32197214
2023-10-16,TSLA,255.93,256.47,255.27,255.42,108907241
2023-10-17,AAPL,132.79,133.23,132.48,133.03,57618337
2023-10-17,AMZN,136.59,138.0,136.12,136.84,28560781
2023-10-17,GOOGL,135.83,136.94,135.07,135.98,86791607
2023-10-17,MSFT,302.38,302.49,301.35,301.64,34488147
2023-10-17,TSLA,258.48,260.04,258.15,259.18,74881948
2023-10-18,AAPL,136.46,137.13,135.81,136.82,77671426
2023-10-18,AMZN,136.13,136.84,135.67,135.68,103672038
2023-10-18,GOOGL,136.04,136.65,135.53,135.74,57406001
2023-10-18,MSFT,302.0,304.23,301.15,302.58,68891383
2023-10-18,TSLA,259.55,260.66,258.12,259.94,42417135
2023-10-19,AAPL,133.96,135.11,133.02,134.9,71164212
2023-10-19,AMZN,132.79,133.87,132.23,133.59,31604509
2023-10-19,GOOGL,135.53,136.09,135.16,135.48,117669284
2023-10-19,MSFT,303.56,304.1,301.14,303.14,125721155
2023-10-19,TSLA,261.63,263.04,258.66,261.38,76242060
2023-10-20,AAPL,135.18,135.58,133.5,134.37,31679386
2023-10-20,AMZN,136.95,137.62,135.4,136.48,45852698
2023-10-20,GOOGL,137.58,138.68,137.53,137.92,20459480
2023-10-20,MSFT,297.2,298.59,296.22,296.76,104027796
2023-10-20,TSLA,260.91,264.23,260.68,261.01,36844472
2023-10-23,AAPL,135.0,135.91,134.92,135.44,54169753
2023-10-23,AMZN,135.4,136.42,134.81,136.15,81577054
2023-10-23,GOOGL,135.19,137.13,135.1,135.47,23313640
2023-10-23,MSFT,287.53,288.22,283.98,287.77,63977103
2023-10-23,TSLA,263.01,263.96,261.4,263.62,69369832
2023-10-24,AAPL,134.87,135.18,133.32,134.2,59917186
2023-10-24,AMZN,133.52,134.1,132.79,133.39,89980963
2023-10-24,GOOGL,138.22,138.96,137.7,138.39,48738711
2023-10-24,MSFT,287.89,288.73,285.67,287.52,29528071
2023-10-24,TSLA,259.6,260.42,259.06,260.02,54069381
2023-10-25,AAPL,134.41,134.81,133.45,133.78,39884212
2023-10-25,AMZN,133.69,133.8,133.34,133.51,51187942
2023-10-25,GOOGL,142.18,142.3,141.32,141.62,32840727
2023-10-25,MSFT,289.81,291.35,286.92,288.25,108904940
2023-10-25,TSLA,262.77,265.23,262.09,263.24,112471369
2023-10-26,AAPL,132.83,132.87,131.48,132.72,39919563
2023-10-26,AMZN,137.33,138.17,136.18,137.75,58966499
2023-10-26,GOOGL,140.64,141.63,139.34,140.05,100299623
2023-10-26,MSFT,286.0,287.89,283.68,285.82,102797867
2023-10-26,TSLA,262.29,262.3,260.07,261.38,62347571
2023-10-27,AAPL,132.29,133.31,132.13,132.52,60656382
2023-10-27,AMZN,138.54,138.76,137.62,138.46,47791837
2023-10-27,GOOGL,141.5,141.6,140.99,141.57,103858638
2023-10-27,MSFT,274.06,274.91,273.23,274.34,47280974
2023-10-27,TSLA,256.68,258.8,255.61,257.23,81078709
2023-10-30,AAPL,130.31,130.51,129.75,130.26,31447643
2023-10-30,AMZN,139.17,139.37,137.52,138.55,108523231
2023-10-30,GOOGL,141.5,141.64,140.89,141.44,113990170
2023-10-30,MSFT,273.81,275.01,273.03,274.36,95687504
2023-10-30,TSLA,258.33,258.83,257.88,258.77,124444523
2023-10-31,AAPL,129.02,129.89,127.8,129.47,29571449
2023-10-31,AMZN,139.27,139.3,137.88,139.29,67210807
2023-10-31,GOOGL,143.04,143.41,142.34,143.38,34484442
2023-10-31,MSFT,272.37,272.66,270.82,272.11,81203883
2023-10-31,TSLA,267.1,267.57,264.19,265.47,70158678
2023-11-01,AAPL,129.23,130.44,129.1,129.13,33278716
2023-11-01,AMZN,138.75,139.83,138.39,138.64,47678433
2023-11-01,GOOGL,144.16,144.98,143.15,143.54,71520658
2023-11-01,MSFT,269.52,269.61,266.8,268.62,36349014
2023-11-01,TSLA,268.99,270.08,267.89,269.43,110743439
2023-11-02,AAPL,128.55,129.28,128.36,128.55,94547427
2023-11-02,AMZN,136.18,136.79,136.03,136.67,63322127
2023-11-02,GOOGL,141.79,142.69,140.51,141.68,74374506
2023-11-02,MSFT,267.63,268.79,266.69,267.45,60718372
2023-11-02,TSLA,268.68,269.26,266.65,267.49,84856493
2023-11-03,AAPL,128.93,129.14,127.92,128.72,33263503
2023-11-03,AMZN,139.33,140.94,139.04,139.48,126606765
2023-11-03,GOOGL,142.81,143.32,142.1,143.08,28197518
2023-11-03,MSFT,263.37,264.37,262.72,263.05,111832290
2023-11-03,TSLA,271.49,272.45,270.41,270.42,101878523
2023-11-06,AAPL,128.59,128.75,127.34,128.22,54590818
2023-11-06,AMZN,132.11,133.16,130.68,132.74,52516593
2023-11-06,GOOGL,142.13,143.41,141.84,142.68,103957608
2023-11-06,MSFT,267.57,268.19,264.47,265.39,65807783
2023-11-06,TSLA,268.59,269.88,268.38,268.71,74229574
2023-11-07,AAPL,130.41,130.95,129.21,129.73,111457741
2023-11-07,AMZN,132.41,132.77,131.48,131.84,70497015
2023-11-07,GOOGL,143.37,144.0,142.29,143.14,112847010
2023-11-07,MSFT,265.03,265.58,264.05,265.57,108685704
2023-11-07,TSLA,267.2,268.96,266.66,268.35,118068100
2023-11-08,AAPL,129.02,129.46,128.57,129.17,115697609
2023-11-08,AMZN,130.11,130.98,129.78,130.21,112746788
2023-11-08,GOOGL,146.13,146.69,145.1,145.31,21963778
2023-11-08,MSFT,262.69,264.8,260.33,263.47,52822388
2023-11-08,TSLA,269.21,269.67,268.76,268.84,92092045
2023-11-09,AAPL,129.37,130.32,128.73,128.97,39811424
2023-11-09,AMZN,130.34,130.81,129.49,129.93,100320136
2023-11-09,GOOGL,148.08,148.74,147.51,148.03,113799078
2023-11-09,MSFT,265.01,266.46,264.65,264.72,104108401
2023-11-09,TSLA,260.16,261.06,258.32,259.63,62177210
2023-11-10,AAPL,127.44,128.08,126.68,127.75,112390659
2023-11-10,AMZN,129.01,129.35,128.22,128.63,122575911
2023-11-10,GOOGL,149.11,149.92,148.17,149.5,76957585
2023-11-10,MSFT,264.62,265.4,262.75,264.72,128104301
2023-11-10,TSLA,261.26,261.67,256.56,260.51,129305938
2023-11-13,AAPL,126.46,127.15,126.08,126.8,32259079
2023-11-13,AMZN,130.78,131.52,130.13,130.93,48692385
2023-11-13,GOOGL,146.01,147.17,145.08,146.39,54062296
2023-11-13,MSFT,259.34,259.63,257.39,258.83,68726762
2023-11-13,TSLA,256.67,258.33,255.0,256.61,128321918
2023-11-14,AAPL,124.23,124.8,124.2,124.46,75724952
2023-11-14,AMZN,134.36,135.27,132.66,134.12,77490382
2023-11-14,GOOGL,147.74,148.52,147.22,147.99,96775267
2023-11-14,MSFT,259.43,260.86,257.03,258.4,75675508
2023-11-14,TSLA,254.98,255.75,253.77,254.06,81598042
2023-11-15,AAPL,125.12,125.75,124.14,125.49,111391064
2023-11-15,AMZN,134.99,135.44,134.45,134.55,124263858
2023-11-15,GOOGL,146.39,148.68,145.23,147.39,118144261
2023-11-15,MSFT,257.1,258.64,255.7,256.75,93892285
2023-11-15,TSLA,249.6,251.01,248.26,248.57,119841087
2023-11-16,AAPL,123.77,124.01,123.32,123.4,59381286
2023-11-16,AMZN,132.69,133.35,130.7,132.15,48538163
2023-11-16,GOOGL,150.25,150.98,148.6,149.84,98126955
2023-11-16,MSFT,250.1,251.47,249.74,250.18,95686957
2023-11-16,TSLA,242.27,244.13,241.08,243.04,58501892
2023-11-17,AAPL,122.42,123.89,121.24,122.08,125711212
2023-11-17,AMZN,129.69,131.52,129.09,130.82,87091900
2023-11-17,GOOGL,149.22,149.52,148.04,149.47,60868995
2023-11-17,MSFT,248.31,249.77,247.01,247.86,37796941
2023-11-17,TSLA,240.75,242.09,239.46,239.72,40370959
2023-11-20,AAPL,123.27,124.3,122.62,122.8,73214945
2023-11-20,AMZN,130.84,131.92,129.96,130.25,60812811
2023-11-20,GOOGL,151.91,153.9,151.65,152.74,68152668
2023-11-20,MSFT,250.0,250.89,248.14,249.56,94801448
2023-11-20,TSLA,242.94,243.95,241.65,242.81,125373810
2023-11-21,AAPL,123.6,124.33,123.2,123.61,100765058
2023-11-21,AMZN,129.16,129.52,128.47,128.62,44203138
2023-11-21,GOOGL,152.65,154.63,152.3,154.0,50158584
2023-11-21,MSFT,247.37,248.34,247.23,247.37,106716373
2023-11-21,TSLA,248.57,249.21,248.39,249.0,61550542
2023-11-22,AAPL,123.03,123.24,122.81,122.93,113238211
2023-11-22,AMZN,126.46,126.72,125.85,126.36,47240513
2023-11-22,GOOGL,154.23,154.52,153.43,154.07,101321304
2023-11-22,MSFT,252.35,254.61,251.9,252.72,77337206
2023-11-22,TSLA,248.79,251.84,247.34,249.03,108700371
2023-11-23,AAPL,119.06,120.06,118.37,119.26,28025862
2023-11-23,AMZN,129.71,129.92,128.55,129.76,38041349
2023-11-23,GOOGL,154.93,155.01,154.23,154.83,29638247
2023-11-23,MSFT,259.87,262.75,258.95,259.28,125928141
2023-11-23,TSLA,254.66,255.58,250.58,253.23,53875494
2023-11-24,AAPL,119.66,121.07,118.89,120.08,41612637
2023-11-24,AMZN,131.76,132.81,130.9,131.7,50418030
2023-11-24,GOOGL,151.45,151.53,150.21,150.81,103803366
2023-11-24,MSFT,258.14,259.72,255.8,258.22,60953000
2023-11-24,TSLA,253.1,255.71,252.13,252.35,118521084
2023-11-27,AAPL,120.76,121.21,120.21,120.6,34875034
2023-11-27,AMZN,130.24,130.61,129.63,129.9,94565685
2023-11-27,GOOGL,152.64,152.7,152.09,152.18,48315122
2023-11-27,MSFT,259.67,260.72,259.45,260.49,26752549
2023-11-27,TSLA,243.93,247.44,243.47,245.24,41230790
2023-11-28,AAPL,118.2,118.53,117.81,118.11,68559764
2023-11-28,AMZN,127.56,129.14,127.31,128.31,30990426
2023-11-28,GOOGL,152.33,153.06,152.21,152.52,82079120
2023-11-28,MSFT,269.03,269.74,268.37,268.41,97558615
2023-11-28,TSLA,245.98,246.69,244.65,245.92,77352101
2023-11-29,AAPL,119.14,120.15,119.07,119.53,36007617
2023-11-29,AMZN,129.24,129.72,127.9,128.54,102216273
2023-11-29,GOOGL,149.32,151.21,148.57,150.09,50392903
2023-11-29,MSFT,266.86,268.62,266.28,267.21,57620960
2023-11-29,TSLA,247.58,247.77,247.02,247.68,123095086
2023-11-30,AAPL,118.54,119.52,117.62,118.33,75601028
2023-11-30,AMZN,126.9,127.68,126.61,127.36,87663855
2023-11-30,GOOGL,151.17,151.72,150.56,151.08,57935185
2023-11-30,MSFT,263.38,263.79,262.77,263.74,98599505
2023-11-30,TSLA,246.09,246.83,245.74,246.22,89891689
2023-12-01,AAPL,115.79,116.96,115.57,116.4,30760016
2023-12-01,AMZN,129.47,129.92,127.81,128.56,73729937
2023-12-01,GOOGL,151.62,152.3,150.87,151.88,94082130
2023-12-01,MSFT,262.78,263.48,261.61,262.2,73347071
2023-12-01,TSLA,247.07,248.55,246.55,247.46,62971441
2023-12-04,AAPL,116.56,117.3,116.45,116.62,77807552
2023-12-04,AMZN,130.36,130.75,129.3,130.18,108644942
2023-12-04,GOOGL,152.81,152.99,152.33,152.77,70729950
2023-12-04,MSFT,256.39,257.11,255.85,256.93,92963242
2023-12-04,TSLA,248.61,249.74,247.2,249.7,26899381
2023-12-05,AAPL,116.15,116.75,115.69,116.37,72859984
2023-12-05,AMZN,130.82,131.03,130.14,130.37,127884476
2023-12-05,GOOGL,151.85,152.93,151.48,152.58,124730000
2023-12-05,MSFT,251.79,252.28,251.35,251.85,122185336
2023-12-05,TSLA,247.23,248.6,244.89,246.59,115593510
2023-12-06,AAPL,116.59,116.91,116.24,116.78,110597218
2023-12-06,AMZN,128.81,129.79,127.37,128.67,55696817
2023-12-06,GOOGL,154.32,154.48,153.47,154.46,24898572
2023-12-06,MSFT,252.09,254.54,250.95,252.77,23924796
2023-12-06,TSLA,240.58,242.15,239.89,241.26,86249151
2023-12-07,AAPL,113.65,114.12,113.15,114.02,26150955
2023-12-07,AMZN,128.0,128.46,127.98,128.18,50993394
2023-12-07,GOOGL,156.29,156.9,156.1,156.4,112555768
2023-12-07,MSFT,250.23,252.04,249.47,251.31,28436969
2023-12-07,TSLA,240.31,241.3,239.94,240.58,85615556
2023-12-08,AAPL,117.52,117.55,116.1,117.18,57546019
2023-12-08,AMZN,124.63,126.06,124.46,125.13,81745570
2023-12-08,GOOGL,156.09,157.27,155.96,156.69,37940011
2023-12-08,MSFT,252.65,253.35,251.9,252.37,39485081
2023-12-08,TSLA,239.5,241.54,238.15,239.93,31267328
2023-12-11,AAPL,116.38,116.51,115.67,116.18,107440960
2023-12-11,AMZN,124.3,124.63,124.26,124.54,38511105
2023-12-11,GOOGL,155.81,157.37,155.73,156.63,93963873
2023-12-11,MSFT,255.59,256.13,253.23,254.34,67090948
2023-12-11,TSLA,238.26,239.24,237.97,238.78,26577740
2023-12-12,AAPL,113.96,114.04,113.22,113.55,125789166
2023-12-12,AMZN,128.35,128.48,127.63,127.99,32739949
2023-12-12,GOOGL,154.61,155.74,154.36,155.64,31979373
2023-12-12,MSFT,250.96,254.2,248.71,251.56,48401707
2023-12-12,TSLA,242.98,243.29,241.93,242.44,112647596
2023-12-13,AAPL,114.71,114.81,114.25,114.67,65181521
2023-12-13,AMZN,126.87,128.2,126.45,127.02,40136329
2023-12-13,GOOGL,154.36,154.65,154.25,154.33,109067879
2023-12-13,MSFT,251.88,254.72,250.89,250.95,104982919
2023-12-13,TSLA,249.12,249.14,247.91,248.84,67689001
2023-12-14,AAPL,113.67,115.19,113.5,114.11,79274866
2023-12-14,AMZN,128.38,129.1,127.85,128.39,63456892
2023-12-14,GOOGL,156.38,156.84,154.54,155.82,44408006
2023-12-14,MSFT,250.92,252.6,249.4,250.06,90183633
2023-12-14,TSLA,246.91,248.04,244.97,247.41,109020436
2023-12-15,AAPL,114.6,115.5,114.07,114.73,41480198
2023-12-15,AMZN,130.75,131.2,130.74,130.79,111878378
2023-12-15,GOOGL,154.61,155.61,154.25,154.63,23851535
2023-12-15,MSFT,248.85,249.3,246.19,247.68,84649394
2023-12-15,TSLA,249.41,251.1,249.08,250.12,105804598
2023-12-18,AAPL,113.79,114.55,113.77,114.2,79516175
2023-12-18,AMZN,133.7,134.04,133.66,134.03,59007989
2023-12-18,GOOGL,150.26,151.73,149.5,151.43,112329534
2023-12-18,MSFT,243.97,245.48,242.86,244.69,34950685
2023-12-18,TSLA,253.42,254.45,252.75,253.78,50186367
2023-12-19,AAPL,114.31,114.71,113.75,114.15,30232884
2023-12-19,AMZN,131.26,131.99,131.19,131.46,80972983
2023-12-19,GOOGL,152.04,152.45,152.01,152.06,41916871
2023-12-19,MSFT,245.55,246.05,244.75,245.97,26882265
2023-12-19,TSLA,257.36,257.53,254.69,256.62,55084216
2023-12-20,AAPL,115.04,115.36,114.39,114.63,32987645
2023-12-20,AMZN,131.73,133.15,130.3,131.14,102888696
2023-12-20,GOOGL,153.88,154.95,153.87,154.66,100448607
2023-12-20,MSFT,246.85,246.93,245.1,245.58,95449177
2023-12-20,TSLA,260.88,262.65,259.23,260.78,95380628
2023-12-21,AAPL,113.51,114.21,113.2,113.41,82606107
2023-12-21,AMZN,130.71,131.81,128.89,130.13,40219888
2023-12-21,GOOGL,154.22,154.94,153.2,154.11,26689950
2023-12-21,MSFT,246.95,250.0,246.54,246.93,98085733
2023-12-21,TSLA,259.57,260.35,258.11,259.39,52202004
2023-12-22,AAPL,114.41,114.82,114.0,114.62,74552082
2023-12-22,AMZN,134.0,134.4,132.25,132.86,107241678
2023-12-22,GOOGL,157.0,158.43,154.08,156.19,118566145
2023-12-22,MSFT,250.81,251.25,249.77,250.76,64333151
2023-12-22,TSLA,262.14,264.22,259.74,262.4,94352644
2023-12-25,AAPL,113.73,114.03,113.47,113.87,105589047
2023-12-25,AMZN,134.76,135.71,133.73,135.11,121195918
2023-12-25,GOOGL,157.56,158.16,156.95,157.4,69578571
2023-12-25,MSFT,255.3,256.16,254.47,254.7,29733741
2023-12-25,TSLA,270.29,273.15,269.92,270.5,30289067
2023-12-26,AAPL,112.5,113.67,112.02,112.44,21448492
2023-12-26,AMZN,132.63,133.2,130.55,133.06,49609057
2023-12-26,GOOGL,153.89,155.91,153.51,155.09,20521649
2023-12-26,MSFT,251.1,251.45,250.11,250.57,37211878
2023-12-26,TSLA,274.07,274.13,273.6,273.89,37309193
2023-12-27,AAPL,112.13,113.01,111.91,112.62,84103326
2023-12-27,AMZN,132.11,132.27,131.74,132.05,53854671
2023-12-27,GOOGL,156.41,156.92,155.57,155.92,66118190
2023-12-27,MSFT,247.14,248.66,245.89,247.48,29679077
2023-12-27,TSLA,269.98,271.55,269.57,271.48,72145110
2023-12-28,AAPL,113.48,114.52,113.36,113.43,83662958
2023-12-28,AMZN,132.26,133.32,132.07,132.84,35950423
2023-12-28,GOOGL,155.9,155.97,155.33,155.75,74096669
2023-12-28,MSFT,246.57,249.06,246.55,246.66,26195895
2023-12-28,TSLA,275.42,277.39,273.03,274.09,112007798
2023-12-29,AAPL,113.16,114.03,113.04,113.1,46138238
2023-12-29,AMZN,137.16,137.92,136.18,137.01,98436569
2023-12-29,GOOGL,158.31,158.38,157.25,157.42,126821021
2023-12-29,MSFT,247.78,248.68,246.26,247.24,115966815
2023-12-29,TSLA,278.76,281.41,275.93,279.42,123664030
2024-01-01,AAPL,111.5,112.11,110.54,111.69,75391213
2024-01-01,AMZN,137.05,138.46,136.32,136.34,50534719
2024-01-01,GOOGL,151.15,151.56,150.51,150.92,52394551
2024-01-01,MSFT,251.11,251.56,250.53,250.84,21608801
2024-01-01,TSLA,280.63,281.57,278.35,281.11,31241690
2024-01-02,AAPL,112.64,112.85,112.26,112.79,108319310
2024-01-02,AMZN,139.1,139.34,138.51,138.93,22511220
2024-01-02,GOOGL,153.19,154.52,151.72,152.88,47169125
2024-01-02,MSFT,246.87,248.64,243.43,247.35,65647054
2024-01-02,TSLA,279.99,280.97,277.15,278.87,22058729
2024-01-03,AAPL,109.91,110.38,109.79,109.86,38700694
2024-01-03,AMZN,137.15,137.29,136.71,137.27,70253052
2024-01-03,GOOGL,153.82,155.61,152.59,154.65,108242999
2024-01-03,MSFT,246.86,248.73,245.76,245.85,49866503
2024-01-03,TSLA,285.66,286.76,285.27,285.47,55746313
2024-01-04,AAPL,107.95,108.82,107.03,108.22,76590465
2024-01-04,AMZN,134.08,135.41,133.76,134.85,115192904
2024-01-04,GOOGL,153.24,153.96,151.57,152.58,104031179
2024-01-04,MSFT,247.58,248.36,246.69,246.88,53239901
2024-01-04,TSLA,280.29,281.09,278.93,280.26,117542807
2024-01-05,AAPL,108.07,108.6,107.72,108.34,96423383
2024-01-05,AMZN,136.58,137.71,135.89,136.58,107683617
2024-01-05,GOOGL,154.53,155.68,154.47,155.11,81963334
2024-01-05,MSFT,251.39,252.6,250.97,251.56,110090465
2024-01-05,TSLA,282.02,283.7,280.86,282.51,87502932
2024-01-08,AAPL,106.42,106.67,105.59,106.18,84380013
2024-01-08,AMZN,134.65,135.31,133.91,135.07,118797478
2024-01-08,GOOGL,153.9,155.48,153.87,154.83,103653805
2024-01-08,MSFT,256.54,257.55,255.65,256.89,86889910
2024-01-08,TSLA,281.26,282.81,280.1,282.59,85968153
2024-01-09,AAPL,106.34,106.44,105.55,106.28,90732730
2024-01-09,AMZN,132.16,132.22,131.1,132.0,95416912
2024-01-09,GOOGL,155.58,157.14,154.87,155.34,101055304
2024-01-09,MSFT,253.91,253.96,250.87,253.14,54586740
2024-01-09,TSLA,277.82,278.01,276.53,277.67,78189817
2024-01-10,AAPL,106.77,107.23,105.63,106.24,119850480
2024-01-10,AMZN,134.64,135.01,132.88,134.55,63311089
2024-01-10,GOOGL,157.78,158.83,157.4,157.44,20651623
2024-01-10,MSFT,250.71,253.56,249.94,252.46,57738154
2024-01-10,TSLA,283.9,284.58,281.05,282.89,50836185
2024-01-11,AAPL,107.4,108.06,106.93,107.73,111796274
2024-01-11,AMZN,134.95,136.87,134.24,135.85,44861978
2024-01-11,GOOGL,161.39,161.66,158.98,160.7,46075393
2024-01-11,MSFT,249.68,250.07,246.57,249.53,30788193
2024-01-11,TSLA,283.74,287.53,282.18,284.5,35693794
2024-01-12,AAPL,105.73,106.9,105.37,106.31,94283292
2024-01-12,AMZN,132.77,133.96,132.37,133.32,82698520
2024-01-12,GOOGL,161.75,162.14,161.06,161.19,75794831
2024-01-12,MSFT,252.45,254.01,252.25,252.82,109441793
2024-01-12,TSLA,280.81,281.99,277.04,279.67,118818414
2024-01-15,AAPL,105.65,105.67,105.2,105.36,118866920
2024-01-15,AMZN,134.71,135.48,134.31,135.1,95812322
2024-01-15,GOOGL,163.12,163.18,162.09,162.94,47974455
2024-01-15,MSFT,254.21,255.43,252.62,254.65,58582920
2024-01-15,TSLA,281.38,282.78,279.9,282.33,37401549
2024-01-16,AAPL,106.24,106.26,104.83,105.94,32832504
2024-01-16,AMZN,136.15,136.79,134.96,136.05,124133781
2024-01-16,GOOGL,164.27,164.8,163.93,164.11,34600950
2024-01-16,MSFT,254.15,254.25,253.19,253.41,88186645
2024-01-16,TSLA,280.03,280.75,279.74,280.64,122026072
2024-01-17,AAPL,101.85,102.09,101.81,102.09,116433620
2024-01-17,AMZN,137.6,138.08,136.73,137.26,25265768
2024-01-17,GOOGL,162.83,163.23,161.25,162.41,127287897
2024-01-17,MSFT,251.52,252.55,250.5,251.21,28349992
2024-01-17,TSLA,273.19,273.74,271.56,272.77,129784402
2024-01-18,AAPL,106.41,106.94,105.6,106.89,96392339
2024-01-18,AMZN,134.62,135.35,133.97,135.14,124891115
2024-01-18,GOOGL,166.68,167.65,166.01,166.5,102226833
2024-01-18,MSFT,254.84,256.22,252.29,252.45,75577968
2024-01-18,TSLA,270.09,270.65,267.35,270.09,127045943
2024-01-19,AAPL,105.8,107.14,105.09,105.82,42543887
2024-01-19,AMZN,134.13,134.88,133.94,134.37,28010491
2024-01-19,GOOGL,168.76,169.63,168.27,168.53,46291078
2024-01-19,MSFT,256.2,256.8,254.48,256.28,43233559
2024-01-19,TSLA,271.86,272.77,267.92,271.29,116444027
2024-01-22,AAPL,104.15,105.56,103.91,104.71,51943336
2024-01-22,AMZN,130.33,131.81,129.47,130.15,53854803
2024-01-22,GOOGL,167.98,169.32,167.62,169.01,34501321
2024-01-22,MSFT,253.83,255.63,253.32,253.46,87669252
2024-01-22,TSLA,273.41,275.16,273.34,274.02,70895024
2024-01-23,AAPL,106.0,106.21,105.83,106.12,110166369
2024-01-23,AMZN,125.44,127.78,125.39,126.06,125765280
2024-01-23,GOOGL,171.79,173.12,170.59,171.85,64973053
2024-01-23,MSFT,251.39,253.28,249.09,252.36,112052633
2024-01-23,TSLA,273.98,275.96,273.22,274.83,72957214
2024-01-24,AAPL,105.4,106.77,104.62,106.11,106901005
2024-01-24,AMZN,127.28,128.22,126.66,127.64,66254510
2024-01-24,GOOGL,173.17,174.37,172.57,173.36,65847314
2024-01-24,MSFT,253.76,253.99,250.53,252.91,36369763
2024-01-24,TSLA,273.62,275.17,271.47,275.16,65589488
2024-01-25,AAPL,103.25,103.7,103.24,103.33,20767802
2024-01-25,AMZN,126.51,127.17,126.28,126.81,94520899
2024-01-25,GOOGL,172.3,172.47,171.31,172.04,100605324
2024-01-25,MSFT,252.75,253.58,251.95,253.11,126513692
2024-01-25,TSLA,276.23,277.72,275.8,277.24,28178562
2024-01-26,AAPL,103.68,104.51,103.23,104.35,81863803
2024-01-26,AMZN,126.96,127.5,126.95,127.26,65812429
2024-01-26,GOOGL,174.33,175.52,173.3,174.75,119595611
2024-01-26,MSFT,254.77,255.37,254.18,254.52,119457083
2024-01-26,TSLA,275.6,277.73,275.46,276.5,93106548
2024-01-29,AAPL,105.66,106.66,105.02,105.74,72796669
2024-01-29,AMZN,127.41,128.16,125.06,126.89,64914853
2024-01-29,GOOGL,175.53,176.82,174.66,175.04,101281350
2024-01-29,MSFT,251.89,253.17,248.97,250.83,74527984
2024-01-29,TSLA,280.31,283.65,279.43,281.52,32214450
2024-01-30,AAPL,105.55,106.11,103.72,105.08,79475283
2024-01-30,AMZN,126.02,126.1,125.66,125.94,39783650
2024-01-30,GOOGL,177.19,177.39,175.34,176.8,118734040
2024-01-30,MSFT,249.68,251.48,246.74,248.71,114184993
2024-01-30,TSLA,282.55,282.71,281.33,282.28,117768114
2024-01-31,AAPL,104.6,105.37,104.58,104.69,113928132
2024-01-31,AMZN,124.42,126.09,123.93,125.03,91180398
2024-01-31,GOOGL,178.86,180.83,178.3,179.46,110449757
2024-01-31,MSFT,241.45,241.75,240.47,241.0,60996074
2024-01-31,TSLA,283.11,284.93,282.65,283.67,97944876
2024-02-01,AAPL,105.74,106.04,104.76,105.51,35548925
2024-02-01,AMZN,126.53,126.63,125.15,126.01,42554623
2024-02-01,GOOGL,182.17,183.04,181.15,182.15,36967432
2024-02-01,MSFT,242.34,242.87,240.51,241.33,23867051
2024-02-01,TSLA,284.41,289.17,283.41,286.11,58497598
2024-02-02,AAPL,103.91,104.88,103.84,104.12,128026202
2024-02-02,AMZN,125.51,126.55,124.52,125.6,44138726
2024-02-02,GOOGL,187.74,188.83,186.91,187.43,36505855
2024-02-02,MSFT,245.09,245.74,244.27,245.32,23558549
2024-02-02,TSLA,283.82,283.98,281.0,281.72,74854354
2024-02-05,AAPL,104.57,106.1,103.84,104.86,22983430
2024-02-05,AMZN,122.69,123.26,122.67,122.76,70205926
2024-02-05,GOOGL,187.53,189.93,185.33,188.14,23390539
2024-02-05,MSFT,237.3,238.15,236.57,237.87,26464362
2024-02-05,TSLA,278.16,279.2,278.08,278.86,56516363
2024-02-06,AAPL,104.74,105.69,104.63,105.22,109207794
2024-02-06,AMZN,125.41,125.42,124.33,124.87,68635219
2024-02-06,GOOGL,186.46,188.52,185.48,187.82,117015321
2024-02-06,MSFT,234.75,236.19,233.71,235.74,21840946
2024-02-06,TSLA,284.32,285.99,283.65,285.4,106455590
2024-02-07,AAPL,104.52,104.92,103.5,104.21,127229835
2024-02-07,AMZN,127.54,128.3,127.33,127.53,103915619
2024-02-07,GOOGL,185.79,186.13,185.54,185.93,101229293
2024-02-07,MSFT,239.52,239.95,237.88,239.03,83300321
2024-02-07,TSLA,288.04,290.72,284.81,286.97,64954430
2024-02-08,AAPL,102.06,102.46,101.76,102.09,53959088
2024-02-08,AMZN,128.73,129.34,128.47,129.05,44080647
2024-02-08,GOOGL,184.48,186.22,182.42,184.35,128791191
2024-02-08,MSFT,240.13,240.71,238.18,238.64,64074431
2024-02-08,TSLA,286.9,288.28,283.68,285.9,29592794
2024-02-09,AAPL,102.28,102.53,101.72,101.79,23339376
2024-02-09,AMZN,131.64,132.47,130.01,131.97,119509015
2024-02-09,GOOGL,186.36,188.57,184.51,186.35,106461556
2024-02-09,MSFT,231.84,232.51,231.57,231.98,111900071
2024-02-09,TSLA,286.52,287.76,285.06,287.51,22313945
2024-02-12,AAPL,100.14,100.6,100.0,100.51,109012491
2024-02-12,AMZN,132.36,133.17,131.96,132.4,95841318
2024-02-12,GOOGL,188.32,188.59,187.35,187.71,66981306
2024-02-12,MSFT,236.25,237.86,235.15,236.16,103238500
2024-02-12,TSLA,284.31,286.7,283.2,285.58,90738065
2024-02-13,AAPL,101.99,102.56,101.73,102.07,25698764
2024-02-13,AMZN,132.85,133.78,132.47,132.51,50485225
2024-02-13,GOOGL,185.62,185.81,185.31,185.45,125731902
2024-02-13,MSFT,231.09,231.77,229.06,231.23,70116298
2024-02-13,TSLA,286.05,287.11,284.96,286.91,112407746
2024-02-14,AAPL,102.35,103.24,101.78,102.34,29376089
2024-02-14,AMZN,135.15,135.36,133.54,134.82,46728372
2024-02-14,GOOGL,184.81,185.0,182.04,183.93,82069767
2024-02-14,MSFT,236.53,236.91,235.73,236.1,20881257
2024-02-14,TSLA,285.15,285.23,283.56,284.19,107126994
2024-02-15,AAPL,104.02,104.43,103.07,103.59,70437045
2024-02-15,AMZN,135.86,137.32,135.83,135.98,84580950
2024-02-15,GOOGL,182.58,183.16,182.33,182.89,75471237
2024-02-15,MSFT,232.95,234.35,232.93,234.14,66401732
2024-02-15,TSLA,285.24,287.05,283.0,285.51,70338497
2024-02-16,AAPL,104.4,104.79,103.85,103.85,38455558
2024-02-16,AMZN,133.13,134.8,132.96,133.62,23607175
2024-02-16,GOOGL,188.27,189.06,186.07,187.34,28885151
2024-02-16,MSFT,232.46,232.69,231.22,231.78,122107668
2024-02-16,TSLA,278.22,280.89,277.31,278.89,65468767
2024-02-19,AAPL,104.1,105.33,103.57,104.31,123112575
2024-02-19,AMZN,133.66,134.3,132.92,133.34,72106296
2024-02-19,GOOGL,184.75,185.18,184.08,184.91,60121904
2024-02-19,MSFT,232.82,234.22,231.47,231.99,33252451
2024-02-19,TSLA,284.58,284.65,283.23,284.6,71344542
2024-02-20,AAPL,102.77,103.56,102.52,103.14,118183620
2024-02-20,AMZN,132.95,134.33,132.04,133.58,85029458
2024-02-20,GOOGL,186.39,187.48,185.5,186.11,45947940
2024-02-20,MSFT,231.64,232.46,230.18,232.03,74332314
2024-02-20,TSLA,283.57,285.84,282.49,282.55,91963168
2024-02-21,AAPL,103.67,105.0,103.36,104.22,79558382
2024-02-21,AMZN,137.92,139.25,137.5,138.02,82378370
2024-02-21,GOOGL,180.74,182.02,179.44,181.76,96602490
2024-02-21,MSFT,233.61,235.14,233.57,234.23,115992684
2024-02-21,TSLA,274.84,276.72,274.78,275.99,89609515
2024-02-22,AAPL,107.48,108.13,106.78,107.07,119011191
2024-02-22,AMZN,138.51,139.09,137.97,138.19,120443909
2024-02-22,GOOGL,180.91,181.54,180.8,181.33,112347990
2024-02-22,MSFT,235.58,236.66,235.39,236.12,21019122
2024-02-22,TSLA,274.89,275.47,274.48,275.2,119510133
2024-02-23,AAPL,106.58,107.04,106.35,106.62,129145847
2024-02-23,AMZN,136.24,136.72,136.17,136.66,86889447
2024-02-23,GOOGL,185.96,186.16,183.96,185.3,33549892
2024-02-23,MSFT,236.18,236.88,233.75,235.71,79994001
2024-02-23,TSLA,272.67,275.05,271.26,273.81,108981703
2024-02-26,AAPL,105.51,105.73,105.44,105.73,103543909
2024-02-26,AMZN,134.45,134.56,134.2,134.51,121380633
2024-02-26,GOOGL,182.06,183.81,180.99,182.02,34764339
2024-02-26,MSFT,241.63,241.96,240.19,240.5,85838850
2024-02-26,TSLA,276.36,280.0,272.98,274.57,38976391
2024-02-27,AAPL,105.5,105.71,105.48,105.53,98753502
2024-02-27,AMZN,133.88,134.59,133.87,134.24,119014417
2024-02-27,GOOGL,185.37,186.51,185.07,185.37,72562809
2024-02-27,MSFT,242.56,244.0,242.41,243.2,126582100
2024-02-27,TSLA,271.47,271.63,269.32,269.99,97596266
2024-02-28,AAPL,104.0,105.14,103.28,104.82,104577158
2024-02-28,AMZN,132.7,133.68,132.01,133.01,78011831
2024-02-28,GOOGL,179.67,180.73,178.78,180.33,39164970
2024-02-28,MSFT,243.28,244.92,243.02,244.32,102949960
2024-02-28,TSLA,272.51,274.09,271.35,271.74,39392980
2024-02-29,AAPL,103.22,103.97,102.84,103.77,110273618
2024-02-29,AMZN,132.62,133.41,131.93,132.82,81140661
2024-02-29,GOOGL,181.1,181.82,180.16,180.67,93089875
2024-02-29,MSFT,245.1,245.32,243.61,244.94,127603527
2024-02-29,TSLA,286.53,287.34,284.15,286.64,56693952
2024-03-01,AAPL,104.31,104.44,103.87,104.04,101007497
2024-03-01,AMZN,131.11,131.33,130.41,130.87,44253911
2024-03-01,GOOGL,177.35,178.22,175.91,177.88,80831915
2024-03-01,MSFT,244.99,245.35,242.17,244.71,57156394
2024-03-01,TSLA,281.85,284.47,280.34,281.29,52501951
2024-03-04,AAPL,103.74,103.9,103.55,103.64,110124054
2024-03-04,AMZN,127.48,128.71,127.08,127.75,78718424
2024-03-04,GOOGL,178.8,179.1,177.11,178.02,87420527
2024-03-04,MSFT,245.15,246.18,243.92,244.55,76490494
2024-03-04,TSLA,281.07,283.21,280.94,282.86,52416289
2024-03-05,AAPL,105.96,106.85,105.89,105.93,34026335
2024-03-05,AMZN,126.99,128.17,126.7,127.25,106222595
2024-03-05,GOOGL,177.9,180.39,176.19,177.57,94180361
2024-03-05,MSFT,246.68,247.17,245.96,247.11,56900313
2024-03-05,TSLA,281.91,282.0,280.58,281.68,89779273
2024-03-06,AAPL,105.64,106.6,105.28,105.98,123730689
2024-03-06,AMZN,128.51,128.72,127.6,127.95,88466632
2024-03-06,GOOGL,179.62,181.94,179.31,179.93,115492678
2024-03-06,MSFT,249.62,249.65,246.89,248.99,38475304
2024-03-06,TSLA,281.5,284.02,280.86,282.63,56643200
2024-03-07,AAPL,106.72,106.73,106.25,106.55,120553789
2024-03-07,AMZN,128.74,129.1,127.74,128.21,37649885
2024-03-07,GOOGL,180.41,180.98,179.99,180.85,74520891
2024-03-07,MSFT,250.16,251.16,249.08,249.26,54780271
2024-03-07,TSLA,274.0,276.32,272.6,275.09,38848686
2024-03-08,AAPL,108.68,109.0,107.53,108.12,126581913
2024-03-08,AMZN,125.71,126.2,125.15,125.32,60013962
2024-03-08,GOOGL,181.22,181.56,179.46,181.5,108991817
2024-03-08,MSFT,252.02,253.47,251.38,253.18,47742661
2024-03-08,TSLA,269.91,270.87,269.84,270.48,78538876
2024-03-11,AAPL,107.27,108.24,106.97,107.69,25401998
2024-03-11,AMZN,124.75,125.11,124.69,124.79,108188889
2024-03-11,GOOGL,180.43,181.32,179.19,180.22,22371783
2024-03-11,MSFT,252.17,252.92,251.54,252.31,94280440
2024-03-11,TSLA,272.2,273.0,271.07,272.48,28378899
2024-03-12,AAPL,110.05,110.85,109.51,110.06,56041439
2024-03-12,AMZN,126.29,126.95,125.74,126.3,85374766
2024-03-12,GOOGL,181.76,183.14,180.42,181.63,91093894
2024-03-12,MSFT,254.63,254.95,254.02,254.09,34324057
2024-03-12,TSLA,272.93,275.41,268.54,272.46,109184958
2024-03-13,AAPL,108.91,109.75,107.77,109.07,73117613
2024-03-13,AMZN,127.01,127.54,126.12,126.87,85166428
2024-03-13,GOOGL,178.78,180.23,178.31,179.65,58774308
2024-03-13,MSFT,258.16,259.56,256.61,257.49,68120185
2024-03-13,TSLA,279.87,281.4,277.52,279.28,78304638
2024-03-14,AAPL,107.9,108.31,107.08,107.8,97918045
2024-03-14,AMZN,125.7,127.62,125.09,125.68,101005438
2024-03-14,GOOGL,178.3,178.69,176.3,178.12,113977338
2024-03-14,MSFT,252.97,253.49,250.11,253.31,112592603
2024-03-14,TSLA,276.69,276.92,274.29,276.47,20876556
2024-03-15,AAPL,107.25,108.02,106.32,107.27,29806649
2024-03-15,AMZN,124.88,125.26,124.53,124.84,35345530
2024-03-15,GOOGL,176.07,178.35,175.61,176.64,79846156
2024-03-15,MSFT,251.04,254.27,249.95,252.44,37781312
2024-03-15,TSLA,276.54,278.81,276.22,277.33,60681440
2024-03-18,AAPL,107.07,108.25,106.62,107.14,75924512
2024-03-18,AMZN,124.41,124.75,123.75,124.01,118060939
2024-03-18,GOOGL,179.32,179.83,177.7,178.33,23738391
2024-03-18,MSFT,258.35,259.29,257.34,258.88,75265032
2024-03-18,TSLA,290.17,291.69,289.22,289.59,86580176
2024-03-19,AAPL,104.64,105.21,104.35,104.94,108139824
2024-03-19,AMZN,125.2,125.82,124.36,124.43,98315519
2024-03-19,GOOGL,183.52,186.63,182.78,184.57,34662697
2024-03-19,MSFT,254.28,256.52,253.12,255.29,94561281
2024-03-19,TSLA,286.3,286.84,284.43,286.41,21438476
2024-03-20,AAPL,104.91,104.99,104.59,104.93,127663860
2024-03-20,AMZN,123.88,124.02,123.74,123.75,27866619
2024-03-20,GOOGL,185.11,185.99,184.29,184.59,38364801
2024-03-20,MSFT,259.5,262.63,259.23,259.83,84825810
2024-03-20,TSLA,283.67,283.9,282.54,282.67,112824368
2024-03-21,AAPL,102.16,102.37,101.36,102.36,59368558
2024-03-21,AMZN,124.53,124.72,123.86,124.61,47542549
2024-03-21,GOOGL,189.42,192.06,188.3,190.1,44463932
2024-03-21,MSFT,256.69,257.24,255.07,255.83,120559990
2024-03-21,TSLA,281.88,283.92,280.14,282.66,100788843
2024-03-22,AAPL,104.49,104.73,104.05,104.55,85042920
2024-03-22,AMZN,125.08,126.12,124.69,124.95,50431790
2024-03-22,GOOGL,187.63,188.28,187.16,187.41,126889619
2024-03-22,MSFT,257.09,257.6,256.32,257.52,47942551
2024-03-22,TSLA,280.27,285.55,277.08,282.61,81760159
2024-03-25,AAPL,104.44,104.7,103.91,104.48,109784256
2024-03-25,AMZN,125.2,125.93,124.36,125.26,20967382
2024-03-25,GOOGL,186.6,186.85,185.79,185.94,103852621
2024-03-25,MSFT,253.66,253.86,251.93,253.53,107557164
2024-03-25,TSLA,285.92,286.54,285.59,286.33,27103514
2024-03-26,AAPL,103.71,103.87,102.82,103.52,64003317
2024-03-26,AMZN,126.48,127.07,126.22,126.75,97753351
2024-03-26,GOOGL,187.85,189.87,187.09,187.59,40774783
2024-03-26,MSFT,250.47,251.82,249.76,251.32,62452657
2024-03-26,TSLA,288.88,289.08,286.54,287.03,61917620
2024-03-27,AAPL,101.97,102.35,101.39,102.16,85760798
2024-03-27,AMZN,128.48,128.48,127.73,128.37,73877711
2024-03-27,GOOGL,188.84,189.88,188.13,189.51,90547497
2024-03-27,MSFT,250.79,251.04,246.64,250.03,24135127
2024-03-27,TSLA,284.32,285.88,283.44,283.92,50661831
2024-03-28,AAPL,101.51,102.93,100.18,101.63,23713111
2024-03-28,AMZN,127.49,127.73,127.09,127.63,69497443
2024-03-28,GOOGL,190.99,192.49,189.55,191.88,71401722
2024-03-28,MSFT,247.69,249.33,247.05,248.09,74863448
2024-03-28,TSLA,284.79,285.95,282.76,284.96,72146119
2024-03-29,AAPL,101.65,101.66,101.17,101.34,78907492
2024-03-29,AMZN,127.57,127.69,126.88,127.1,64531669
2024-03-29,GOOGL,197.5,198.71,194.87,196.63,104272696
2024-03-29,MSFT,251.24,252.0,250.28,251.97,121079205
2024-03-29,TSLA,297.16,297.29,295.55,296.38,40369407
2024-04-01,AAPL,99.72,100.04,98.99,99.8,100184231
2024-04-01,AMZN,129.02,129.74,128.2,128.87,123565020
2024-04-01,GOOGL,195.77,197.55,194.46,196.25,101940296
2024-04-01,MSFT,256.74,257.16,253.92,255.25,82977498
2024-04-01,TSLA,302.64,303.3,301.73,302.18,76603422
2024-04-02,AAPL,98.38,98.73,97.83,98.47,99740125
2024-04-02,AMZN,128.43,129.29,127.84,128.32,24822497
2024-04-02,GOOGL,200.13,201.26,198.96,199.66,112367641
2024-04-02,MSFT,259.03,259.04,257.99,258.71,69086318
2024-04-02,TSLA,290.12,291.26,287.53,289.72,111577040
2024-04-03,AAPL,98.48,98.56,97.78,98.24,21393389
2024-04-03,AMZN,125.77,126.94,124.83,125.97,38132062
2024-04-03,GOOGL,201.35,203.71,198.5,200.63,52351896
2024-04-03,MSFT,260.18,262.76,258.49,259.59,118235774
2024-04-03,TSLA,288.8,291.83,287.32,289.25,88974046
2024-04-04,AAPL,97.59,97.81,97.37,97.53,46678562
2024-04-04,AMZN,125.32,125.88,124.9,124.91,41596351
2024-04-04,GOOGL,191.4,192.96,190.94,192.36,120896875
2024-04-04,MSFT,264.56,266.68,263.37,266.09,64898016
2024-04-04,TSLA,285.66,286.75,284.46,285.6,61498557
2024-04-05,AAPL,98.96,99.47,98.24,98.95,91339126
2024-04-05,AMZN,123.44,123.56,122.31,122.95,42861874
2024-04-05,GOOGL,190.85,190.92,189.57,189.72,117888138
2024-04-05,MSFT,271.54,273.51,268.12,270.33,40276427
2024-04-05,TSLA,288.58,289.44,286.69,288.41,28261709
2024-04-08,AAPL,100.74,100.97,100.31,100.69,83754071
2024-04-08,AMZN,123.12,123.23,122.54,122.91,76380811
2024-04-08,GOOGL,188.37,188.94,188.07,188.45,118316889
2024-04-08,MSFT,273.24,273.7,268.81,271.78,122963686
2024-04-08,TSLA,287.24,287.98,286.74,287.8,86243557
2024-04-09,AAPL,100.37,101.5,99.76,100.76,49148640
2024-04-09,AMZN,122.92,123.24,122.63,123.12,33226070
2024-04-09,GOOGL,188.87,189.09,187.73,188.98,77034349
2024-04-09,MSFT,267.59,267.87,267.42,267.64,72703269
2024-04-09,TSLA,295.29,296.94,294.54,296.29,107169341
2024-04-10,AAPL,101.65,102.65,101.38,101.53,107006028
2024-04-10,AMZN,125.66,125.67,125.33,125.6,61736650
2024-04-10,GOOGL,190.14,191.14,189.1,190.71,26809040
2024-04-10,MSFT,270.34,270.56,269.52,270.53,98491656
2024-04-10,TSLA,300.7,301.14,300.4,300.57,86773435
2024-04-11,AAPL,99.93,100.56,99.35,99.55,94314714
2024-04-11,AMZN,125.31,126.51,125.13,126.42,42300218
2024-04-11,GOOGL,190.28,190.8,190.11,190.15,96756679
2024-04-11,MSFT,272.89,274.42,271.88,273.31,100898005
2024-04-11,TSLA,305.62,305.86,302.74,304.74,80682289
2024-04-12,AAPL,100.71,101.16,100.52,100.55,31963424
2024-04-12,AMZN,127.72,127.84,126.77,127.58,110812806
2024-04-12,GOOGL,194.4,195.44,192.72,194.11,25859868
2024-04-12,MSFT,274.77,276.9,272.13,273.83,44549331
2024-04-12,TSLA,306.34,307.14,305.42,305.74,37388131
2024-04-15,AAPL,100.07,101.78,99.94,100.55,129100187
2024-04-15,AMZN,130.77,130.97,129.93,130.44,72581494
2024-04-15,GOOGL,192.13,194.43,189.52,191.52,38673307
2024-04-15,MSFT,275.65,279.65,274.7,276.9,34117198
2024-04-15,TSLA,306.17,309.27,305.11,305.71,50482773
2024-04-16,AAPL,101.4,101.91,101.01,101.33,32557632
2024-04-16,AMZN,131.39,132.38,130.37,131.93,71839810
2024-04-16,GOOGL,192.28,192.73,190.56,191.68,126924882
2024-04-16,MSFT,280.57,280.81,278.94,280.23,59193367
2024-04-16,TSLA,307.89,309.07,306.49,307.42,72053815
2024-04-17,AAPL,103.52,104.46,103.45,103.82,58334588
2024-04-17,AMZN,130.38,131.65,129.48,130.23,64774150
2024-04-17,GOOGL,195.15,195.58,192.95,194.55,83377701
2024-04-17,MSFT,280.85,282.11,276.63,279.12,111181604
2024-04-17,TSLA,315.98,318.37,313.43,313.55,120709856
2024-04-18,AAPL,100.23,100.94,99.91,100.32,128585676
2024-04-18,AMZN,129.63,130.63,129.03,130.1,20348977
2024-04-18,GOOGL,191.45,193.15,190.77,191.51,118774622
2024-04-18,MSFT,281.8,284.0,279.91,281.63,72785503
2024-04-18,TSLA,316.47,317.02,313.11,316.22,64588831
2024-04-19,AAPL,100.78,100.83,100.75,100.76,81289731
2024-04-19,AMZN,128.7,129.68,128.68,128.86,94333485
2024-04-19,GOOGL,195.29,196.23,195.07,195.34,118543902
2024-04-19,MSFT,284.96,286.85,281.91,283.23,94738953
2024-04-19,TSLA,315.7,316.21,314.67,314.71,63839195
2024-04-22,AAPL,98.78,100.0,98.68,99.15,44501915
2024-04-22,AMZN,128.27,128.75,127.8,128.51,89249280
2024-04-22,GOOGL,198.44,201.26,197.11,198.37,128926491
2024-04-22,MSFT,284.78,284.97,283.61,284.7,91804633
2024-04-22,TSLA,322.78,323.17,318.72,320.89,105804355
2024-04-23,AAPL,100.47,100.59,99.96,100.08,81196427
2024-04-23,AMZN,131.4,131.85,130.79,130.79,69540375
2024-04-23,GOOGL,198.24,198.73,197.55,198.12,107599128
2024-04-23,MSFT,283.19,286.6,282.93,283.39,62932403
2024-04-23,TSLA,322.03,324.65,318.93,321.98,105233531
2024-04-24,AAPL,98.12,98.4,98.1,98.16,52497122
2024-04-24,AMZN,136.63,137.8,136.09,136.38,106055250
2024-04-24,GOOGL,199.13,199.29,197.61,198.37,34301635
2024-04-24,MSFT,282.39,283.37,280.44,281.56,23891331
2024-04-24,TSLA,322.02,323.93,320.45,321.76,44801001
2024-04-25,AAPL,97.7,97.81,96.57,97.48,37916160
2024-04-25,AMZN,138.04,138.18,137.76,138.07,72066345
2024-04-25,GOOGL,198.9,199.26,197.92,198.35,78592020
2024-04-25,MSFT,282.2,282.81,281.67,282.2,42789566
2024-04-25,TSLA,319.1,320.12,318.04,318.1,52729124
2024-04-26,AAPL,98.0,98.06,97.71,97.82,32329314
2024-04-26,AMZN,138.61,139.44,137.02,138.6,20929501
2024-04-26,GOOGL,198.56,199.42,198.01,198.66,92164879
2024-04-26,MSFT,288.55,289.26,285.11,288.4,68841555
2024-04-26,TSLA,317.16,318.36,313.38,315.56,30758688
2024-04-29,AAPL,99.16,99.52,98.29,98.77,101169875
2024-04-29,AMZN,138.18,138.25,136.22,137.14,101647370
2024-04-29,GOOGL,202.04,203.87,201.1,202.6,47198376
2024-04-29,MSFT,298.31,300.5,296.52,298.61,56251946
2024-04-29,TSLA,313.0,314.96,311.76,312.71,80301352
2024-04-30,AAPL,99.27,100.02,98.85,98.93,25319196
2024-04-30,AMZN,137.72,138.15,137.36,137.72,128591611
2024-04-30,GOOGL,203.24,205.68,202.54,204.41,64717084
2024-04-30,MSFT,296.09,299.02,295.32,297.1,116908365
2024-04-30,TSLA,300.09,301.31,299.77,299.77,113459448
2024-05-01,AAPL,97.36,98.29,96.67,97.8,97337303
2024-05-01,AMZN,141.1,141.67,140.68,140.94,114205912
2024-05-01,GOOGL,200.31,200.58,199.83,200.44,120197714
2024-05-01,MSFT,292.34,294.49,291.68,292.55,33904509
2024-05-01,TSLA,304.57,309.37,302.4,304.49,40885894
2024-05-02,AAPL,97.04,97.26,96.56,97.04,44607747
2024-05-02,AMZN,138.31,139.56,137.9,139.34,113178489
2024-05-02,GOOGL,196.06,197.7,195.99,196.05,100883252
2024-05-02,MSFT,291.88,292.95,291.09,291.2,33351403
2024-05-02,TSLA,306.12,307.72,305.75,307.23,30367028
2024-05-03,AAPL,97.74,98.8,97.59,98.38,104853361
2024-05-03,AMZN,140.79,141.27,139.86,140.26,37653424
2024-05-03,GOOGL,196.94,198.42,196.49,198.06,100135264
2024-05-03,MSFT,288.69,289.75,286.02,287.7,102781209
2024-05-03,TSLA,307.42,309.42,305.85,306.4,50097757
2024-05-06,AAPL,98.27,99.18,97.64,98.42,50989713
2024-05-06,AMZN,142.1,142.67,141.48,142.02,41826590
2024-05-06,GOOGL,190.29,191.02,189.89,190.5,21783372
2024-05-06,MSFT,286.04,286.14,285.45,286.04,44659577
2024-05-06,TSLA,311.12,313.15,309.07,311.36,21930277
2024-05-07,AAPL,96.18,96.38,95.84,95.98,44289555
2024-05-07,AMZN,143.8,144.73,143.42,144.09,22436064
2024-05-07,GOOGL,186.37,186.96,186.16,186.22,55177448
2024-05-07,MSFT,288.21,288.39,284.71,287.89,42090451
2024-05-07,TSLA,311.94,314.41,311.9,313.56,56212573
2024-05-08,AAPL,97.5,97.54,96.9,97.24,109931817
2024-05-08,AMZN,149.11,150.2,148.66,149.25,36978813
2024-05-08,GOOGL,184.84,185.52,184.29,184.72,105894190
2024-05-08,MSFT,283.35,285.69,281.65,284.08,115211838
2024-05-08,TSLA,315.33,315.62,313.7,315.46,123843302
2024-05-09,AAPL,98.27,98.71,96.99,97.9,27450795
2024-05-09,AMZN,149.57,149.74,148.24,149.32,22849613
2024-05-09,GOOGL,184.07,185.25,183.92,184.86,110970698
2024-05-09,MSFT,286.73,287.26,284.98,286.82,38871480
2024-05-09,TSLA,302.33,304.33,301.99,303.91,35797347
2024-05-10,AAPL,99.11,99.84,98.83,99.23,82331404
2024-05-10,AMZN,150.09,151.16,149.56,149.93,28078797
2024-05-10,GOOGL,188.42,190.07,188.28,188.8,112307689
2024-05-10,MSFT,290.29,291.36,289.83,290.37,95969164
2024-05-10,TSLA,302.09,305.75,301.5,303.0,104619493
2024-05-13,AAPL,98.86,99.69,98.42,98.78,63309895
2024-05-13,AMZN,147.24,147.8,146.79,147.67,51893337
2024-05-13,GOOGL,188.67,191.07,188.45,189.5,27849249
2024-05-13,MSFT,297.06,298.23,296.74,297.12,53798863
2024-05-13,TSLA,305.59,306.62,304.66,305.57,103656323
2024-05-14,AAPL,100.08,100.32,99.91,100.06,38227311
2024-05-14,AMZN,146.78,147.31,146.52,146.7,110371021
2024-05-14,GOOGL,200.17,201.77,199.13,199.66,96498448
2024-05-14,MSFT,305.5,306.3,303.72,305.38,73880517
2024-05-14,TSLA,312.24,314.11,311.8,313.1,121279687
2024-05-15,AAPL,98.88,99.14,98.5,98.51,32895982
2024-05-15,AMZN,144.68,145.61,144.06,144.72,26638854
2024-05-15,GOOGL,200.68,201.29,199.33,200.51,23193342
2024-05-15,MSFT,310.49,311.31,308.89,310.1,58124280
2024-05-15,TSLA,322.94,325.48,320.39,321.9,69571214
2024-05-16,AAPL,99.87,100.48,98.78,99.41,112164043
2024-05-16,AMZN,144.73,145.39,143.24,144.97,22683325
2024-05-16,GOOGL,204.88,205.92,202.4,203.29,121420186
2024-05-16,MSFT,322.04,322.95,317.95,320.8,112792755
2024-05-16,TSLA,327.5,330.03,326.94,328.94,31335262
2024-05-17,AAPL,98.61,98.77,98.4,98.72,50443951
2024-05-17,AMZN,146.86,148.01,145.75,145.98,49923863
2024-05-17,GOOGL,206.22,206.97,205.59,206.59,100901690
2024-05-17,MSFT,319.36,324.14,318.34,318.56,49057572
2024-05-17,TSLA,323.64,326.17,321.71,323.38,58179225
2024-05-20,AAPL,100.89,101.48,99.48,99.77,100222452
2024-05-20,AMZN,147.74,148.16,147.09,147.51,71444711
2024-05-20,GOOGL,207.41,208.52,205.59,206.47,42734021
2024-05-20,MSFT,320.6,323.04,317.87,320.04,97034084
2024-05-20,TSLA,313.41,313.42,312.13,312.88,32215226
2024-05-21,AAPL,101.32,102.5,100.78,101.33,21866660
2024-05-21,AMZN,148.68,150.18,147.45,149.29,98806531
2024-05-21,GOOGL,209.64,211.05,209.12,209.62,109860526
2024-05-21,MSFT,319.92,322.46,317.48,321.02,38042425
2024-05-21,TSLA,317.1,319.77,314.41,315.71,84357828
2024-05-22,AAPL,100.14,100.64,99.71,100.26,85490144
2024-05-22,AMZN,148.27,149.52,147.89,148.22,65620962
2024-05-22,GOOGL,211.76,212.58,211.46,211.7,67135469
2024-05-22,MSFT,322.59,324.82,321.54,323.3,66731174
2024-05-22,TSLA,316.88,320.39,314.79,316.0,77699433
2024-05-23,AAPL,100.4,100.67,99.15,100.23,64247381
2024-05-23,AMZN,146.07,146.15,145.32,146.05,104307121
2024-05-23,GOOGL,213.34,214.65,212.59,212.66,80054403
2024-05-23,MSFT,328.55,329.52,326.65,328.43,70580978
2024-05-23,TSLA,320.95,322.52,319.63,320.72,45288644
2024-05-24,AAPL,100.56,100.77,99.99,100.34,42560444
2024-05-24,AMZN,144.11,144.99,143.81,143.91,100531526
2024-05-24,GOOGL,209.63,211.69,209.35,210.86,47784288
2024-05-24,MSFT,327.17,328.0,326.33,327.0,25982127
2024-05-24,TSLA,320.36,321.35,319.6,320.28,33260477
2024-05-27,AAPL,102.34,102.64,102.17,102.18,59674522
2024-05-27,AMZN,143.07,143.53,142.6,143.34,116667974
2024-05-27,GOOGL,208.97,211.95,208.41,209.72,36601010
2024-05-27,MSFT,336.38,338.24,335.22,335.57,118844951
2024-05-27,TSLA,321.44,324.23,319.3,321.49,68163585
2024-05-28,AAPL,103.11,103.47,102.99,103.32,27386211
2024-05-28,AMZN,141.69,143.08,140.92,142.44,118704319
2024-05-28,GOOGL,213.4,214.52,211.55,212.43,52561056
2024-05-28,MSFT,340.43,345.28,337.98,342.16,74574897
2024-05-28,TSLA,315.5,316.35,314.11,314.42,78152993
2024-05-29,AAPL,101.92,102.35,101.03,101.48,55885361
2024-05-29,AMZN,139.55,140.93,139.03,139.97,55657482
2024-05-29,GOOGL,213.17,214.09,211.58,212.52,67437174
2024-05-29,MSFT,344.4,344.79,343.49,344.14,127111075
2024-05-29,TSLA,316.07,318.64,314.26,316.69,82448040
2024-05-30,AAPL,102.24,102.58,102.1,102.23,60820421
2024-05-30,AMZN,141.69,142.22,140.5,140.85,77919396
2024-05-30,GOOGL,215.22,216.36,213.77,214.02,106017197
2024-05-30,MSFT,346.96,349.08,344.74,346.75,20080741
2024-05-30,TSLA,315.24,316.88,312.74,314.73,123665175
2024-05-31,AAPL,103.89,104.24,102.89,103.42,62411580
2024-05-31,AMZN,139.69,139.89,138.34,138.59,126171110
2024-05-31,GOOGL,215.89,216.81,215.46,215.52,20137548
2024-05-31,MSFT,341.64,342.47,340.76,341.91,107042886
2024-05-31,TSLA,316.46,316.65,316.36,316.54,87757331
2024-06-03,AAPL,107.21,108.47,106.71,106.77,46913535
2024-06-03,AMZN,138.28,138.92,137.79,138.37,80406396
2024-06-03,GOOGL,216.32,217.84,214.5,216.63,68051719
2024-06-03,MSFT,328.68,330.88,327.92,329.38,56720920
2024-06-03,TSLA,319.12,321.08,317.88,318.88,72269175
2024-06-04,AAPL,103.73,105.5,103.56,104.13,24427134
2024-06-04,AMZN,136.16,137.44,135.98,137.19,74211867
2024-06-04,GOOGL,217.45,217.87,216.63,216.89,111124781
2024-06-04,MSFT,329.45,329.82,328.59,329.15,22090894
2024-06-04,TSLA,318.24,320.2,317.73,318.48,66469589
2024-06-05,AAPL,103.04,103.72,102.64,103.35,104389840
2024-06-05,AMZN,137.53,139.65,137.42,137.92,129272383
2024-06-05,GOOGL,218.73,219.71,216.4,219.02,65551818
2024-06-05,MSFT,330.83,332.92,329.07,330.91,120509450
2024-06-05,TSLA,322.22,322.84,318.49,320.16,38703251
2024-06-06,AAPL,105.14,105.58,104.8,105.47,67847332
2024-06-06,AMZN,139.13,140.51,138.47,138.97,109154995
2024-06-06,GOOGL,221.91,222.29,221.11,221.96,68550970
2024-06-06,MSFT,332.79,333.99,332.24,332.25,72326680
2024-06-06,TSLA,319.63,321.79,319.44,320.25,101734061
2024-06-07,AAPL,103.45,103.85,102.64,103.38,108954731
2024-06-07,AMZN,137.64,138.43,136.95,137.14,61185359
2024-06-07,GOOGL,226.66,227.37,225.6,226.74,68979659
2024-06-07,MSFT,325.09,327.6,324.7,326.98,65192515
2024-06-07,TSLA,324.31,324.78,323.12,324.06,77789550
2024-06-10,AAPL,101.58,102.02,101.55,101.57,91908607
2024-06-10,AMZN,138.33,139.31,137.46,138.03,23942522
2024-06-10,GOOGL,228.07,229.47,227.37,228.67,103183651
2024-06-10,MSFT,324.17,326.79,322.91,324.98,37979289
2024-06-10,TSLA,326.94,328.01,326.57,326.66,115351965
2024-06-11,AAPL,102.48,102.51,101.76,102.41,122020802
2024-06-11,AMZN,142.67,143.99,140.78,142.19,101010516
2024-06-11,GOOGL,228.41,229.35,225.87,226.97,93484462
2024-06-11,MSFT,335.31,335.83,330.45,333.72,59402932
2024-06-11,TSLA,324.74,327.43,323.98,324.14,96408222
2024-06-12,AAPL,103.76,104.55,102.78,104.02,55663147
2024-06-12,AMZN,143.51,143.82,143.15,143.22,124455525
2024-06-12,GOOGL,225.38,227.98,222.85,224.89,82151100
2024-06-12,MSFT,337.88,338.02,337.26,337.57,62569642
2024-06-12,TSLA,321.89,323.93,320.87,321.44,125968512
2024-06-13,AAPL,103.16,103.88,101.98,103.03,26078418
2024-06-13,AMZN,141.02,142.1,140.12,140.99,38544030
2024-06-13,GOOGL,227.35,227.79,226.34,227.26,25609768
2024-06-13,MSFT,340.19,342.72,338.66,340.9,52528674
2024-06-13,TSLA,330.44,332.82,329.29,330.01,56769738
2024-06-14,AAPL,104.35,105.33,103.44,103.92,82332703
2024-06-14,AMZN,145.55,146.35,144.18,145.65,63220802
2024-06-14,GOOGL,222.57,223.17,220.89,222.3,89914236
2024-06-14,MSFT,339.3,342.18,338.28,339.54,113149351
2024-06-14,TSLA,330.66,332.69,327.71,329.67,81626787
2024-06-17,AAPL,103.73,104.79,102.71,104.15,25568929
2024-06-17,AMZN,143.28,143.67,143.21,143.67,100651246
2024-06-17,GOOGL,220.42,221.14,219.28,220.8,104688016
2024-06-17,MSFT,342.27,346.85,341.34,343.51,79207985
2024-06-17,TSLA,333.24,337.44,332.12,334.74,26627371
2024-06-18,AAPL,106.51,106.69,106.16,106.58,108235258
2024-06-18,AMZN,144.46,145.75,144.0,145.27,51954747
2024-06-18,GOOGL,224.2,224.61,223.5,224.45,126165061
2024-06-18,MSFT,351.92,352.65,349.53,350.34,126215619
2024-06-18,TSLA,336.91,338.97,336.32,336.89,126174292
2024-06-19,AAPL,106.7,106.99,106.3,106.63,121434155
2024-06-19,AMZN,142.64,143.52,141.73,143.02,25146877
2024-06-19,GOOGL,223.65,225.96,223.1,223.57,68504324
2024-06-19,MSFT,356.15,359.24,353.8,354.55,118235641
2024-06-19,TSLA,332.98,334.75,332.22,334.2,109636647
2024-06-20,AAPL,108.22,108.42,108.02,108.26,77761285
2024-06-20,AMZN,144.49,144.93,144.13,144.65,91804676
2024-06-20,GOOGL,221.82,222.46,220.86,221.6,27637517
2024-06-20,MSFT,353.65,355.91,349.99,352.63,108329077
2024-06-20,TSLA,330.86,331.07,330.51,330.62,123219549
2024-06-21,AAPL,106.78,107.57,106.34,106.85,117363702
2024-06-21,AMZN,144.74,146.24,144.34,144.4,68593414
2024-06-21,GOOGL,224.44,227.54,223.16,225.91,67807144
2024-06-21,MSFT,355.73,357.53,353.01,354.37,119071580
2024-06-21,TSLA,330.21,333.18,325.9,331.38,64795822
2024-06-24,AAPL,107.17,107.33,106.5,106.61,121954820
2024-06-24,AMZN,144.8,145.75,144.35,145.58,42383126
2024-06-24,GOOGL,218.03,218.53,216.23,217.17,104175618
2024-06-24,MSFT,350.53,352.52,346.35,349.95,59468442
2024-06-24,TSLA,331.87,335.46,330.05,332.82,92079058
2024-06-25,AAPL,106.91,107.62,106.26,106.51,98103918
2024-06-25,AMZN,146.68,147.82,144.99,146.14,86501832
2024-06-25,GOOGL,215.8,218.23,215.34,217.14,84840850
2024-06-25,MSFT,350.06,350.38,347.75,348.6,29999363
2024-06-25,TSLA,336.0,337.92,335.85,336.05,100412748
2024-06-26,AAPL,108.65,109.27,108.18,108.38,104782349
2024-06-26,AMZN,142.3,144.1,141.7,142.96,115909383
2024-06-26,GOOGL,215.24,217.07,214.49,215.87,32489977
2024-06-26,MSFT,352.67,353.57,351.78,351.91,61199446
2024-06-26,TSLA,331.23,331.26,328.66,329.83,34799608
2024-06-27,AAPL,109.12,110.23,108.69,109.38,125207254
2024-06-27,AMZN,140.23,140.43,139.26,139.61,97793431
2024-06-27,GOOGL,213.6,214.76,210.36,214.5,57941568
2024-06-27,MSFT,350.91,351.29,348.55,349.35,104264645
2024-06-27,TSLA,327.64,329.56,324.89,327.06,66866562
2024-06-28,AAPL,108.92,109.66,108.17,108.2,81309230
2024-06-28,AMZN,137.57,138.11,137.48,137.91,97560540
2024-06-28,GOOGL,217.7,218.35,214.59,217.63,29834945
2024-06-28,MSFT,348.46,349.69,347.52,348.38,70179515
2024-06-28,TSLA,327.06,328.39,326.18,326.76,90525603
2024-07-01,AAPL,109.47,109.89,108.54,109.36,29619749
2024-07-01,AMZN,139.94,140.59,138.8,139.77,47065936
2024-07-01,GOOGL,221.54,223.14,220.61,222.73,98592492
2024-07-01,MSFT,356.09,356.29,355.51,356.08,70491665
2024-07-01,TSLA,336.19,337.22,331.82,334.76,37738671
2024-07-02,AAPL,110.48,111.74,110.4,110.68,29208117
2024-07-02,AMZN,140.4,141.64,139.24,140.5,89216061
2024-07-02,GOOGL,227.4,227.64,226.45,226.73,123387681
2024-07-02,MSFT,354.95,356.14,354.75,355.44,53584413
2024-07-02,TSLA,322.18,324.16,322.04,323.08,78432110
2024-07-03,AAPL,110.43,111.23,110.05,110.55,65194677
2024-07-03,AMZN,143.08,143.84,142.17,143.09,72152560
2024-07-03,GOOGL,229.54,229.58,229.04,229.06,70270659
2024-07-03,MSFT,359.35,360.18,359.01,359.75,99635453
2024-07-03,TSLA,323.34,325.85,323.27,325.37,127548993
2024-07-04,AAPL,110.01,110.71,109.88,110.18,71557671
2024-07-04,AMZN,145.32,146.09,145.2,145.75,39406558
2024-07-04,GOOGL,231.05,231.36,230.02,230.41,114375009
2024-07-04,MSFT,356.81,359.15,355.84,358.39,91696826
2024-07-04,TSLA,322.5,323.13,319.07,322.9,97277535
2024-07-05,AAPL,110.61,110.61,109.34,109.91,123517276
2024-07-05,AMZN,149.63,151.1,147.82,149.53,120715578
2024-07-05,GOOGL,230.35,231.33,227.07,229.8,122595503
2024-07-05,MSFT,354.07,354.5,349.23,352.57,26196406
2024-07-05,TSLA,324.89,327.3,321.89,325.15,71538360
2024-07-08,AAPL,107.23,107.79,106.49,107.17,23790735
2024-07-08,AMZN,147.3,148.32,147.04,147.49,78391804
2024-07-08,GOOGL,229.81,231.51,228.52,230.04,127354950
2024-07-08,MSFT,354.42,355.23,352.57,352.84,70514672
2024-07-08,TSLA,324.12,324.64,320.42,322.91,49789741
2024-07-09,AAPL,107.54,108.36,106.47,107.53,60739031
2024-07-09,AMZN,145.26,145.43,144.9,145.01,57880559
2024-07-09,GOOGL,224.85,225.29,224.61,224.69,75766008
2024-07-09,MSFT,352.07,352.23,347.61,351.2,88021946
2024-07-09,TSLA,326.94,327.92,324.58,324.84,64428737
2024-07-10,AAPL,107.26,108.1,106.7,107.96,125122186
2024-07-10,AMZN,142.69,142.71,141.34,142.69,122336983
2024-07-10,GOOGL,222.51,223.3,221.0,223.16,113589390
2024-07-10,MSFT,342.04,343.96,339.49,340.93,91046899
2024-07-10,TSLA,331.31,334.38,329.77,332.62,129232321
2024-07-11,AAPL,106.84,107.87,106.23,106.61,67067672
2024-07-11,AMZN,145.48,145.97,145.45,145.63,48957529
2024-07-11,GOOGL,225.07,227.16,224.44,225.37,73753141
2024-07-11,MSFT,335.39,335.75,333.77,335.06,106961902
2024-07-11,TSLA,337.06,337.61,334.07,334.56,122967215
2024-07-12,AAPL,107.51,108.23,107.15,107.85,25077075
2024-07-12,AMZN,144.11,145.94,143.79,144.81,120824399
2024-07-12,GOOGL,225.48,225.81,223.34,225.19,46092468
2024-07-12,MSFT,333.79,334.47,332.06,333.2,72256365
2024-07-12,TSLA,338.5,338.7,336.6,336.9,58098484
2024-07-15,AAPL,105.32,105.93,104.79,105.69,86081171
2024-07-15,AMZN,145.53,145.86,145.27,145.54,83994807
2024-07-15,GOOGL,227.32,228.23,227.18,228.2,87737135
2024-07-15,MSFT,339.5,342.97,339.24,340.77,89088367
2024-07-15,TSLA,339.82,340.12,337.03,338.95,80240684
2024-07-16,AAPL,105.05,105.1,104.78,104.86,42884650
2024-07-16,AMZN,148.72,150.87,148.33,149.77,79412778
2024-07-16,GOOGL,222.91,223.37,222.84,223.12,48616408
2024-07-16,MSFT,338.12,339.19,337.98,338.09,32983844
2024-07-16,TSLA,335.69,336.47,335.16,335.31,129956791
2024-07-17,AAPL,103.9,105.55,103.13,104.17,44846348
2024-07-17,AMZN,149.0,150.03,148.8,148.99,91577852
2024-07-17,GOOGL,221.13,221.91,220.42,221.47,53010143
2024-07-17,MSFT,336.46,338.56,333.32,338.18,123852448
2024-07-17,TSLA,340.68,342.44,336.42,338.21,47386744
2024-07-18,AAPL,107.59,108.61,106.84,107.33,40117739
2024-07-18,AMZN,147.67,149.28,147.42,147.7,90050426
2024-07-18,GOOGL,218.95,219.85,218.14,218.37,30752739
2024-07-18,MSFT,341.0,341.74,340.63,341.59,115499971
2024-07-18,TSLA,337.41,337.92,337.19,337.32,50404372
2024-07-19,AAPL,105.16,105.73,103.92,104.81,75693419
2024-07-19,AMZN,146.09,146.46,145.34,145.7,24254695
2024-07-19,GOOGL,222.38,224.48,220.89,222.03,119529807
2024-07-19,MSFT,343.13,344.43,342.4,343.32,51027103
2024-07-19,TSLA,332.92,334.16,332.25,333.38,70711560
2024-07-22,AAPL,105.17,106.42,104.59,105.74,114738056
2024-07-22,AMZN,147.12,148.47,146.96,147.89,63337068
2024-07-22,GOOGL,221.08,222.28,219.12,221.38,64887793
2024-07-22,MSFT,341.62,343.59,341.06,341.83,88801500
2024-07-22,TSLA,333.51,335.23,333.0,333.35,72544030
2024-07-23,AAPL,107.24,107.61,106.88,107.29,97656230
2024-07-23,AMZN,150.62,151.0,149.98,150.24,93884285
2024-07-23,GOOGL,221.15,222.57,217.95,220.63,29594146
2024-07-23,MSFT,349.74,351.66,347.21,350.74,49231227
2024-07-23,TSLA,331.03,333.89,330.21,332.38,108606179
2024-07-24,AAPL,107.44,108.0,107.25,107.95,119843844
2024-07-24,AMZN,150.46,151.14,150.37,150.54,114639462
2024-07-24,GOOGL,218.07,218.6,215.65,216.81,100096616
2024-07-24,MSFT,359.46,362.69,355.47,357.99,80807098
2024-07-24,TSLA,336.8,338.82,336.12,336.31,94961238
2024-07-25,AAPL,109.9,111.67,109.67,109.92,123662698
2024-07-25,AMZN,150.05,150.33,149.51,149.8,45078904
2024-07-25,GOOGL,216.11,217.38,213.34,215.4,96220750
2024-07-25,MSFT,346.36,346.68,344.15,345.24,95590442
2024-07-25,TSLA,336.16,337.31,333.86,336.26,78151175
2024-07-26,AAPL,108.61,109.03,108.28,108.32,99865508
2024-07-26,AMZN,149.47,150.84,149.18,149.63,45307985
2024-07-26,GOOGL,212.42,212.68,210.43,212.36,59833665
2024-07-26,MSFT,349.99,352.16,348.26,350.43,49967417
2024-07-26,TSLA,334.1,334.9,331.82,333.76,48571794
2024-07-29,AAPL,104.24,105.66,104.07,104.67,41718443
2024-07-29,AMZN,150.6,151.4,150.02,150.57,89892377
2024-07-29,GOOGL,210.84,211.66,209.88,210.76,74428289
2024-07-29,MSFT,352.33,354.44,348.69,353.52,39699435
2024-07-29,TSLA,341.6,342.38,338.4,341.21,115738668
2024-07-30,AAPL,106.5,107.19,105.74,105.93,113877954
2024-07-30,AMZN,153.71,153.83,152.79,153.05,110490375
2024-07-30,GOOGL,217.18,217.89,216.76,217.82,20587482
2024-07-30,MSFT,358.51,359.49,357.91,358.93,51553814
2024-07-30,TSLA,345.36,347.28,345.34,346.44,64721035
2024-07-31,AAPL,103.98,104.52,103.69,104.08,22599732
2024-07-31,AMZN,150.77,151.19,150.61,150.89,83419698
2024-07-31,GOOGL,213.93,215.2,213.5,214.28,82456399
2024-07-31,MSFT,360.77,361.72,359.02,359.67,54285200
2024-07-31,TSLA,354.62,357.23,350.22,353.21,25431094
2024-08-01,AAPL,103.25,103.75,102.99,103.62,48647980
2024-08-01,AMZN,149.5,150.28,147.15,149.25,28033061
2024-08-01,GOOGL,213.83,214.82,212.73,213.65,56708746
2024-08-01,MSFT,362.38,364.94,362.11,364.34,46839156
2024-08-01,TSLA,355.54,358.42,353.66,356.61,92791906
2024-08-02,AAPL,101.8,101.85,100.42,101.84,119001941
2024-08-02,AMZN,151.17,151.85,150.64,151.31,120436424
2024-08-02,GOOGL,211.24,212.2,210.42,211.01,105726350
2024-08-02,MSFT,376.06,377.53,373.64,375.06,46183221
2024-08-02,TSLA,357.17,357.97,353.82,356.2,116698610
2024-08-05,AAPL,103.74,103.79,102.64,103.5,118491747
2024-08-05,AMZN,153.34,153.71,151.94,153.29,34453410
2024-08-05,GOOGL,214.4,216.64,214.09,215.33,75177130
2024-08-05,MSFT,384.84,386.61,384.27,384.88,129712807
2024-08-05,TSLA,352.46,356.31,350.23,354.14,102797123
2024-08-06,AAPL,104.46,104.98,104.21,104.9,45179742
2024-08-06,AMZN,154.0,154.91,153.44,153.48,34848052
2024-08-06,GOOGL,211.6,213.99,209.88,212.4,26838403
2024-08-06,MSFT,395.06,397.02,394.67,395.41,128264137
2024-08-06,TSLA,353.24,356.58,351.57,352.83,36933822
2024-08-07,AAPL,103.81,103.95,103.09,103.81,31125547
2024-08-07,AMZN,153.12,153.52,152.33,153.24,25266426
2024-08-07,GOOGL,209.07,209.98,208.54,209.85,95900000
2024-08-07,MSFT,403.23,404.2,398.82,401.9,42740419
2024-08-07,TSLA,357.16,358.98,356.92,358.03,120850174
2024-08-08,AAPL,104.83,105.48,104.52,105.27,119414579
2024-08-08,AMZN,155.57,156.73,154.95,155.6,20325936
2024-08-08,GOOGL,210.45,211.56,210.2,211.19,123648194
2024-08-08,MSFT,407.85,409.09,407.32,407.71,41795372
2024-08-08,TSLA,358.87,360.99,354.06,358.81,97805327
2024-08-09,AAPL,105.89,106.35,104.8,105.52,54033316
2024-08-09,AMZN,156.55,157.37,155.95,156.0,48374757
2024-08-09,GOOGL,216.2,216.79,215.58,216.61,95530758
2024-08-09,MSFT,413.4,414.62,412.83,413.72,75334770
2024-08-09,TSLA,350.33,351.64,349.3,351.0,80703333
2024-08-12,AAPL,105.39,105.62,105.12,105.35,52640356
2024-08-12,AMZN,152.31,152.57,151.26,152.1,25759307
2024-08-12,GOOGL,217.45,218.83,214.8,217.56,124064478
2024-08-12,MSFT,408.75,409.14,404.91,407.14,81987632
2024-08-12,TSLA,348.69,352.06,347.6,350.97,71143593
2024-08-13,AAPL,105.35,105.89,105.17,105.49,114514270
2024-08-13,AMZN,149.57,150.37,149.43,149.78,49384869
2024-08-13,GOOGL,215.13,217.74,212.36,215.91,87072566
2024-08-13,MSFT,419.33,425.1,417.21,421.2,72282580
2024-08-13,TSLA,342.56,346.22,339.93,343.69,125905343
2024-08-14,AAPL,105.55,106.11,104.89,105.23,104831046
2024-08-14,AMZN,151.42,152.55,150.4,151.46,129995251
2024-08-14,GOOGL,207.41,209.04,206.78,207.85,25665136
2024-08-14,MSFT,425.15,425.43,418.79,423.0,82295340
2024-08-14,TSLA,344.81,345.42,341.2,344.72,119531689
2024-08-15,AAPL,105.83,106.56,105.39,106.25,95997583
2024-08-15,AMZN,150.65,151.79,149.8,151.16,106821638
2024-08-15,GOOGL,195.6,198.98,195.36,196.78,100046433
2024-08-15,MSFT,424.4,426.46,420.17,425.35,56763520
2024-08-15,TSLA,339.32,341.65,336.5,338.67,51016213
2024-08-16,AAPL,106.66,106.82,105.95,106.8,68236950
2024-08-16,AMZN,151.91,152.71,151.26,152.19,77046041
2024-08-16,GOOGL,196.56,197.44,196.06,196.71,75248585
2024-08-16,MSFT,425.49,426.91,422.31,426.42,81300784
2024-08-16,TSLA,330.97,334.35,330.57,332.42,73498142
2024-08-19,AAPL,106.87,107.17,106.05,106.29,122679542
2024-08-19,AMZN,147.76,148.42,147.49,148.36,124991147
2024-08-19,GOOGL,197.08,197.99,196.43,196.95,32374065
2024-08-19,MSFT,431.89,434.15,427.64,429.74,39035479
2024-08-19,TSLA,331.07,333.9,329.09,333.17,87001350
2024-08-20,AAPL,107.9,108.24,107.77,107.95,121486867
2024-08-20,AMZN,151.01,151.76,150.64,150.96,69961102
2024-08-20,GOOGL,200.24,201.61,199.42,200.59,73005161
2024-08-20,MSFT,420.73,423.96,415.95,416.49,127861553
2024-08-20,TSLA,332.09,335.73,327.76,332.95,75491539
2024-08-21,AAPL,107.44,108.35,107.0,107.01,113355808
2024-08-21,AMZN,151.79,153.27,150.8,151.59,83682168
2024-08-21,GOOGL,201.19,202.88,200.2,202.16,25940084
2024-08-21,MSFT,419.88,421.03,416.63,418.23,39125020
2024-08-21,TSLA,324.63,326.2,322.26,324.82,103323731
2024-08-22,AAPL,107.58,107.69,106.79,107.53,124865202
2024-08-22,AMZN,150.38,151.43,150.34,151.22,87512550
2024-08-22,GOOGL,202.96,203.08,200.62,201.53,57613009
2024-08-22,MSFT,409.74,410.9,405.96,410.65,119402492
2024-08-22,TSLA,328.02,329.63,325.58,328.63,26717363
2024-08-23,AAPL,108.03,108.67,107.68,108.26,43220774
2024-08-23,AMZN,151.93,152.65,151.46,151.47,46846465
2024-08-23,GOOGL,205.03,206.27,204.91,205.56,96821272
2024-08-23,MSFT,402.42,404.98,402.28,404.92,70247006
2024-08-23,TSLA,338.64,343.45,334.77,339.45,29150493
2024-08-26,AAPL,110.63,111.38,110.53,110.72,80492830
2024-08-26,AMZN,150.98,151.45,150.52,150.82,94217809
2024-08-26,GOOGL,211.28,212.09,209.22,211.03,99552251
2024-08-26,MSFT,394.41,396.26,391.86,394.01,105651979
2024-08-26,TSLA,332.94,335.33,331.78,332.08,38945159
2024-08-27,AAPL,109.95,110.54,109.22,109.93,66030863
2024-08-27,AMZN,150.07,151.11,148.63,150.38,42476204
2024-08-27,GOOGL,207.74,209.68,207.65,209.14,94856509
2024-08-27,MSFT,384.34,385.56,383.57,384.23,92059472
2024-08-27,TSLA,342.32,343.66,339.44,341.31,106570571
2024-08-28,AAPL,112.71,113.04,112.01,112.86,109869653
2024-08-28,AMZN,144.99,145.61,144.16,145.35,28837593
2024-08-28,GOOGL,211.7,213.04,211.29,212.21,79905444
2024-08-28,MSFT,387.3,390.2,385.82,387.85,113183933
2024-08-28,TSLA,338.73,341.59,335.29,337.96,69832358
2024-08-29,AAPL,112.93,113.9,112.14,113.22,128780102
2024-08-29,AMZN,142.76,143.65,142.55,143.2,30759780
2024-08-29,GOOGL,216.23,217.66,216.04,216.16,125818259
2024-08-29,MSFT,385.27,387.01,384.03,385.3,33151836
2024-08-29,TSLA,334.7,337.38,333.88,335.62,110104653
2024-08-30,AAPL,112.67,113.33,111.95,112.94,103421418
2024-08-30,AMZN,145.42,145.81,145.31,145.57,90770555
2024-08-30,GOOGL,213.78,214.32,213.45,213.86,23893125
2024-08-30,MSFT,384.32,387.48,383.51,384.98,70006844
2024-08-30,TSLA,334.98,335.31,334.21,334.89,69083388
2024-09-02,AAPL,111.35,112.61,111.02,111.86,97328708
2024-09-02,AMZN,145.1,145.17,145.08,145.16,61069665
2024-09-02,GOOGL,215.9,216.74,215.47,215.84,23305374
2024-09-02,MSFT,385.34,385.9,383.17,384.27,35490056
2024-09-02,TSLA,327.62,328.24,327.5,327.8,81889134
2024-09-03,AAPL,112.93,112.97,112.17,112.9,110927552
2024-09-03,AMZN,143.65,144.51,143.25,143.29,48274825
2024-09-03,GOOGL,215.9,217.12,214.61,215.9,117131264
2024-09-03,MSFT,377.91,378.67,377.66,377.89,71023227
2024-09-03,TSLA,332.93,337.27,332.71,334.35,69187266
2024-09-04,AAPL,113.16,114.56,112.54,113.04,107329611
2024-09-04,AMZN,145.41,146.56,143.94,144.4,60826982
2024-09-04,GOOGL,219.34,220.7,218.78,219.86,46144806
2024-09-04,MSFT,374.04,376.18,371.64,374.17,26646025
2024-09-04,TSLA,337.9,338.86,336.04,336.99,121603961
2024-09-05,AAPL,111.47,112.08,110.7,111.22,75562905
2024-09-05,AMZN,147.75,148.88,147.26,147.67,75979448
2024-09-05,GOOGL,223.03,226.57,222.6,223.67,113199342
2024-09-05,MSFT,365.1,368.29,364.01,367.4,94059288
2024-09-05,TSLA,333.46,338.55,331.51,333.36,43207458
2024-09-06,AAPL,108.8,109.58,108.06,109.4,29111862
2024-09-06,AMZN,147.96,148.31,147.37,147.68,60007824
2024-09-06,GOOGL,216.59,217.45,215.76,216.74,39084898
2024-09-06,MSFT,366.32,367.75,364.19,365.94,26459207
2024-09-06,TSLA,331.67,334.43,331.47,332.14,96938656
2024-09-09,AAPL,108.8,108.94,108.5,108.54,63063636
2024-09-09,AMZN,148.98,149.61,148.83,149.57,87029881
2024-09-09,GOOGL,215.71,217.71,213.39,216.18,61589597
2024-09-09,MSFT,352.65,354.08,351.64,354.08,120814229
2024-09-09,TSLA,326.15,327.62,323.45,324.75,95997194
2024-09-10,AAPL,107.48,108.46,107.23,107.49,124912653
2024-09-10,AMZN,148.15,148.69,148.08,148.21,109087266
2024-09-10,GOOGL,220.35,222.64,219.71,220.78,36386384
2024-09-10,MSFT,353.1,353.28,351.74,352.23,121551332
2024-09-10,TSLA,323.97,325.25,319.91,323.22,60366675
2024-09-11,AAPL,108.83,109.37,108.82,109.31,47060229
2024-09-11,AMZN,144.61,145.49,144.31,144.31,125219996
2024-09-11,GOOGL,222.87,224.94,221.34,222.64,56810141
2024-09-11,MSFT,357.29,358.29,355.81,357.23,120178290
2024-09-11,TSLA,328.78,329.55,326.34,327.92,90504257
2024-09-12,AAPL,111.64,112.19,111.58,111.62,80548974
2024-09-12,AMZN,147.94,148.0,147.41,147.73,53890630
2024-09-12,GOOGL,219.49,219.64,218.95,219.38,33711563
2024-09-12,MSFT,361.77,366.35,358.47,363.87,93151328
2024-09-12,TSLA,320.81,321.22,318.07,319.65,108737242
2024-09-13,AAPL,113.4,113.76,112.81,113.13,101810861
2024-09-13,AMZN,145.57,146.5,144.74,146.18,118330648
2024-09-13,GOOGL,217.63,219.19,216.22,217.97,78592718
2024-09-13,MSFT,370.02,371.19,368.81,370.29,94037176
2024-09-13,TSLA,318.41,319.44,316.81,317.71,124957311
2024-09-16,AAPL,113.96,114.34,113.49,113.79,36895948
2024-09-16,AMZN,148.52,149.8,146.94,148.01,40007203
2024-09-16,GOOGL,215.29,216.48,213.62,214.64,52016621
2024-09-16,MSFT,372.03,375.52,371.89,373.25,79294903
2024-09-16,TSLA,317.38,318.9,314.34,318.57,77080402
2024-09-17,AAPL,113.35,113.69,113.04,113.12,120049808
2024-09-17,AMZN,150.58,150.8,149.39,150.39,54751085
2024-09-17,GOOGL,215.76,216.42,215.71,215.85,77250723
2024-09-17,MSFT,368.58,371.03,367.25,367.88,123587142
2024-09-17,TSLA,323.38,325.27,323.01,323.74,71621599
2024-09-18,AAPL,113.58,114.25,111.57,113.27,83103955
2024-09-18,AMZN,153.56,154.84,152.94,154.23,34883178
2024-09-18,GOOGL,211.6,212.3,211.1,211.8,127667684
2024-09-18,MSFT,373.66,375.11,371.03,373.06,122771665
2024-09-18,TSLA,331.47,333.81,328.54,330.46,95149450
2024-09-19,AAPL,115.13,115.49,114.77,114.82,88352628
2024-09-19,AMZN,153.43,153.86,152.05,153.1,93854646
2024-09-19,GOOGL,216.33,217.57,215.26,215.84,101764648
2024-09-19,MSFT,377.44,378.87,375.93,376.16,99447958
2024-09-19,TSLA,327.61,329.03,327.22,328.35,74022463
2024-09-20,AAPL,118.53,119.41,118.08,118.55,120692625
2024-09-20,AMZN,155.23,157.2,155.0,155.72,125989308
2024-09-20,GOOGL,218.86,220.93,218.63,218.74,38817237
2024-09-20,MSFT,377.09,379.12,376.46,377.86,68476656
2024-09-20,TSLA,324.92,324.93,323.27,324.87,128701250
2024-09-23,AAPL,119.48,120.55,119.29,120.24,83011446
2024-09-23,AMZN,152.98,154.48,151.87,153.63,93925278
2024-09-23,GOOGL,223.3,224.94,223.03,224.41,95765579
2024-09-23,MSFT,371.89,373.19,370.89,371.25,49238602
2024-09-23,TSLA,327.63,328.82,326.32,327.23,83518717
2024-09-24,AAPL,119.51,120.81,119.36,119.79,79893085
2024-09-24,AMZN,149.88,151.09,148.7,150.43,79856338
2024-09-24,GOOGL,228.48,229.5,227.53,228.2,87068741
2024-09-24,MSFT,372.18,375.63,370.28,373.62,66983756
2024-09-24,TSLA,327.03,327.88,324.4,325.61,96597772
2024-09-25,AAPL,120.04,120.16,119.39,119.92,23167246
2024-09-25,AMZN,146.78,147.89,145.85,146.89,107842249
2024-09-25,GOOGL,230.71,232.48,230.39,231.87,93553397
2024-09-25,MSFT,382.15,383.33,381.4,381.68,74995635
2024-09-25,TSLA,325.54,328.63,323.5,324.26,81000759
2024-09-26,AAPL,118.93,119.53,118.6,119.11,129243340
2024-09-26,AMZN,148.08,148.96,147.11,147.47,117750743
2024-09-26,GOOGL,234.98,236.2,234.27,235.24,98902311
2024-09-26,MSFT,385.94,387.37,383.11,386.11,90453622
2024-09-26,TSLA,330.58,330.98,328.9,329.68,105511346
2024-09-27,AAPL,118.01,119.61,117.76,117.77,20736734
2024-09-27,AMZN,144.58,144.94,143.73,144.33,68122926
2024-09-27,GOOGL,237.63,239.2,236.36,237.47,77032432
2024-09-27,MSFT,385.37,386.76,383.54,385.01,64321742
2024-09-27,TSLA,338.02,338.84,335.56,338.2,24587121
2024-09-30,AAPL,117.78,117.86,117.01,117.5,122028492
2024-09-30,AMZN,149.91,150.72,149.87,150.16,102326565
2024-09-30,GOOGL,231.22,232.23,230.75,230.81,86434086
2024-09-30,MSFT,388.42,391.59,387.83,388.34,53282855
2024-09-30,TSLA,340.66,341.28,337.76,339.71,109776776
2024-10-01,AAPL,117.92,119.19,116.68,117.91,102789561
2024-10-01,AMZN,153.34,153.71,152.11,152.7,79096319
2024-10-01,GOOGL,232.27,233.92,231.79,232.95,39711198
2024-10-01,MSFT,389.85,390.1,388.47,388.58,65645748
2024-10-01,TSLA,339.46,340.98,338.03,338.9,43291206
2024-10-02,AAPL,121.89,122.39,121.09,121.21,74688900
2024-10-02,AMZN,155.38,155.41,154.28,155.23,82292218
2024-10-02,GOOGL,230.14,231.28,230.03,230.44,20745236
2024-10-02,MSFT,389.51,393.75,386.07,389.82,79975881
2024-10-02,TSLA,341.83,343.96,340.17,341.98,42047084
2024-10-03,AAPL,121.01,121.7,120.53,121.37,31696760
2024-10-03,AMZN,156.62,156.71,155.54,156.2,46697481
2024-10-03,GOOGL,222.87,223.43,221.98,222.4,116632893
2024-10-03,MSFT,394.81,395.96,391.61,394.94,55377370
2024-10-03,TSLA,333.83,334.23,329.79,332.47,53478032
2024-10-04,AAPL,124.24,124.49,123.28,123.9,126379126
2024-10-04,AMZN,157.77,159.0,156.58,158.5,75541599
2024-10-04,GOOGL,229.2,230.19,227.16,227.87,83915338
2024-10-04,MSFT,398.91,400.91,393.36,397.17,118376755
2024-10-04,TSLA,333.05,333.67,330.75,332.54,24136976
2024-10-07,AAPL,127.06,127.92,126.97,127.25,67420797
2024-10-07,AMZN,157.83,158.94,156.85,157.6,44931249
2024-10-07,GOOGL,229.38,230.22,227.61,228.08,70375659
2024-10-07,MSFT,397.82,398.45,395.15,397.81,37590830
2024-10-07,TSLA,326.69,329.65,322.05,327.42,43807174
2024-10-08,AAPL,127.16,128.06,126.15,127.46,104406458
2024-10-08,AMZN,155.11,155.27,154.52,155.25,70510871
2024-10-08,GOOGL,223.28,224.16,222.57,222.75,113259445
2024-10-08,MSFT,399.76,401.69,399.59,400.3,129329927
2024-10-08,TSLA,340.62,341.42,338.26,339.32,28341767
2024-10-09,AAPL,130.82,131.38,130.58,130.6,58336251
2024-10-09,AMZN,152.81,153.48,152.67,153.45,67294691
2024-10-09,GOOGL,225.07,225.15,223.81,223.99,77631908
2024-10-09,MSFT,394.66,397.45,394.38,395.62,106528007
2024-10-09,TSLA,342.9,344.99,341.87,343.15,70953873
2024-10-10,AAPL,131.81,132.34,131.41,132.07,48023250
2024-10-10,AMZN,155.3,157.02,154.88,154.97,28322902
2024-10-10,GOOGL,225.27,227.69,225.24,225.68,61012283
2024-10-10,MSFT,390.06,391.61,386.92,389.96,39584139
2024-10-10,TSLA,344.68,345.62,343.77,344.05,71121599
2024-10-11,AAPL,131.64,132.09,131.15,131.3,75901965
2024-10-11,AMZN,155.34,156.07,154.42,155.29,113043402
2024-10-11,GOOGL,226.37,228.62,226.01,226.56,81876978
2024-10-11,MSFT,393.03,393.04,390.36,392.98,25241613
2024-10-11,TSLA,341.66,344.67,340.07,343.22,24761984
2024-10-14,AAPL,131.42,132.06,131.32,131.89,30833923
2024-10-14,AMZN,156.43,156.83,156.0,156.35,114470652
2024-10-14,GOOGL,232.31,233.21,231.18,231.78,59983946
2024-10-14,MSFT,390.54,393.87,387.22,389.71,104490786
2024-10-14,TSLA,330.44,332.13,329.86,330.44,126228758
2024-10-15,AAPL,132.01,133.27,131.86,132.0,38473461
2024-10-15,AMZN,153.1,153.66,152.62,153.33,113317294
2024-10-15,GOOGL,228.68,229.09,226.4,228.16,38949011
2024-10-15,MSFT,393.05,393.19,388.56,393.16,42865753
2024-10-15,TSLA,333.21,334.73,331.91,334.14,21948406
2024-10-16,AAPL,131.27,132.11,131.04,131.61,22995571
2024-10-16,AMZN,154.8,155.91,153.85,155.34,47403947
2024-10-16,GOOGL,230.37,234.15,229.46,231.46,36333001
2024-10-16,MSFT,383.45,386.46,381.22,382.58,34046288
2024-10-16,TSLA,341.49,344.53,341.21,342.48,69066826
2024-10-17,AAPL,131.18,131.84,129.87,131.28,104424544
2024-10-17,AMZN,158.96,159.28,157.25,158.41,33611658
2024-10-17,GOOGL,229.08,229.5,228.04,228.31,37399431
2024-10-17,MSFT,389.39,391.26,385.91,389.61,83477848
2024-10-17,TSLA,336.97,340.9,336.45,338.9,56171175
2024-10-18,AAPL,131.48,131.66,130.92,131.63,77359547
2024-10-18,AMZN,159.45,159.77,158.96,159.47,44972575
2024-10-18,GOOGL,229.53,230.58,227.86,230.15,126843595
2024-10-18,MSFT,391.16,392.02,388.02,389.23,126243218
2024-10-18,TSLA,344.76,345.99,342.14,342.55,121614519
2024-10-21,AAPL,132.1,132.67,131.84,132.56,69963179
2024-10-21,AMZN,154.49,156.16,153.74,154.16,112811325
2024-10-21,GOOGL,232.51,232.62,232.12,232.62,125479336
2024-10-21,MSFT,399.12,400.15,398.67,399.09,98296534
2024-10-21,TSLA,346.29,347.46,346.19,346.43,97515695
2024-10-22,AAPL,131.11,132.18,130.5,130.86,103045704
2024-10-22,AMZN,153.0,153.59,152.25,153.0,124657252
2024-10-22,GOOGL,230.33,232.81,230.31,231.17,83687753
2024-10-22,MSFT,385.43,386.68,383.91,384.57,127328322
2024-10-22,TSLA,338.81,341.44,335.82,338.56,52250262
2024-10-23,AAPL,130.41,131.62,129.59,130.91,64163136
2024-10-23,AMZN,153.19,154.49,152.82,153.07,125129262
2024-10-23,GOOGL,239.85,242.29,239.39,240.14,100769695
2024-10-23,MSFT,375.64,377.33,373.13,375.13,43662832
2024-10-23,TSLA,344.63,345.98,339.71,343.48,58610339
2024-10-24,AAPL,127.6,128.57,127.44,127.99,34383805
2024-10-24,AMZN,155.36,155.89,155.09,155.68,118220997
2024-10-24,GOOGL,234.58,234.77,232.39,233.86,126599992
2024-10-24,MSFT,381.76,384.98,381.74,383.17,115892582
2024-10-24,TSLA,350.51,351.97,350.06,350.63,35623559
2024-10-25,AAPL,128.89,129.59,127.7,128.55,90776646
2024-10-25,AMZN,156.38,156.6,155.83,156.25,49854416
2024-10-25,GOOGL,227.97,229.23,227.16,228.89,73737236
2024-10-25,MSFT,385.54,385.8,382.54,384.27,113732210
2024-10-25,TSLA,352.56,354.5,349.24,352.01,97654991
2024-10-28,AAPL,130.19,130.47,129.7,129.82,42211116
2024-10-28,AMZN,158.2,159.19,157.68,158.24,51732945
2024-10-28,GOOGL,227.05,228.82,227.04,227.51,83134559
2024-10-28,MSFT,385.83,389.33,385.06,386.22,109632740
2024-10-28,TSLA,350.43,354.99,348.32,351.85,64714054
2024-10-29,AAPL,130.46,131.11,130.2,130.2,77690035
2024-10-29,AMZN,155.8,156.44,154.98,156.08,111043514
2024-10-29,GOOGL,224.66,226.49,221.4,224.68,122130999
2024-10-29,MSFT,388.29,389.84,386.57,387.15,29762861
2024-10-29,TSLA,356.41,358.52,356.02,356.19,72252400
2024-10-30,AAPL,130.95,130.98,129.88,130.82,127120828
2024-10-30,AMZN,154.46,155.11,153.43,154.58,31053045
2024-10-30,GOOGL,229.1,230.06,228.56,228.73,43926199
2024-10-30,MSFT,386.07,390.4,385.32,388.29,57669390
2024-10-30,TSLA,347.71,350.13,347.14,348.13,112867896
2024-10-31,AAPL,132.94,133.38,131.23,132.05,69749706
2024-10-31,AMZN,153.2,153.33,152.53,153.1,122521241
2024-10-31,GOOGL,228.08,230.33,226.81,226.94,115998776
2024-10-31,MSFT,389.55,393.98,387.99,391.62,96319542
2024-10-31,TSLA,349.33,350.94,347.34,348.79,124146902
2024-11-01,AAPL,130.32,131.74,129.95,130.8,108770548
2024-11-01,AMZN,156.52,157.04,156.05,156.34,55702504
2024-11-01,GOOGL,231.76,232.04,230.87,231.7,38089671
2024-11-01,MSFT,383.74,386.58,382.57,385.95,117586179
2024-11-01,TSLA,354.69,356.2,353.12,354.48,126414507
2024-11-04,AAPL,130.1,131.4,129.82,130.39,99547351
2024-11-04,AMZN,152.3,152.48,152.1,152.33,52742011
2024-11-04,GOOGL,231.08,231.17,229.93,230.38,62205069
2024-11-04,MSFT,383.23,387.12,382.35,385.21,72460115
2024-11-04,TSLA,346.62,349.24,341.73,348.05,117574126
2024-11-05,AAPL,131.06,132.25,131.0,131.46,55559213
2024-11-05,AMZN,151.02,152.08,150.93,151.48,91423510
2024-11-05,GOOGL,232.28,233.82,229.45,233.39,108413097
2024-11-05,MSFT,392.51,393.02,391.57,392.89,45571635
2024-11-05,TSLA,351.46,354.05,351.41,353.41,79227919
2024-11-06,AAPL,133.85,133.9,133.23,133.5,46255020
2024-11-06,AMZN,147.64,147.99,146.56,147.42,72022533
2024-11-06,GOOGL,236.01,236.76,235.16,236.41,38343219
2024-11-06,MSFT,394.21,395.06,393.59,394.18,23291618
2024-11-06,TSLA,350.31,351.68,349.67,351.37,109328078
2024-11-07,AAPL,134.47,134.62,133.52,134.36,123693291
2024-11-07,AMZN,150.9,151.27,150.59,151.14,46836873
2024-11-07,GOOGL,235.33,237.83,234.4,237.05,129376330
2024-11-07,MSFT,389.69,393.17,389.0,390.76,23041624
2024-11-07,TSLA,341.34,341.9,338.66,340.58,61816122
2024-11-08,AAPL,140.03,140.05,138.89,139.57,86576537
2024-11-08,AMZN,151.84,153.23,150.15,152.92,120585812
2024-11-08,GOOGL,240.63,241.51,239.37,239.82,61304438
2024-11-08,MSFT,391.21,394.1,389.07,391.55,123572775
2024-11-08,TSLA,340.65,341.67,339.13,340.21,124158656
2024-11-11,AAPL,139.85,139.9,139.24,139.45,72511719
2024-11-11,AMZN,150.55,152.09,149.7,151.17,114443837
2024-11-11,GOOGL,240.87,241.74,240.32,241.31,56708152
2024-11-11,MSFT,397.13,400.98,396.72,397.87,72541575
2024-11-11,TSLA,335.83,336.96,335.18,335.42,106623467
2024-11-12,AAPL,141.51,142.14,141.27,141.61,79924698
2024-11-12,AMZN,153.04,153.06,152.88,152.91,94453372
2024-11-12,GOOGL,249.62,251.33,246.63,249.2,47766486
2024-11-12,MSFT,397.86,399.55,395.81,396.92,107321145
2024-11-12,TSLA,335.16,340.07,334.28,337.19,70305409
2024-11-13,AAPL,144.01,144.78,143.57,144.37,47932729
2024-11-13,AMZN,154.37,155.41,153.41,154.64,45431785
2024-11-13,GOOGL,257.49,259.05,256.26,258.33,79169877
2024-11-13,MSFT,397.0,397.05,395.32,396.1,21902675
2024-11-13,TSLA,328.77,331.5,328.45,331.43,66774319
2024-11-14,AAPL,143.72,144.58,143.62,144.15,94454145
2024-11-14,AMZN,154.36,155.42,153.4,154.18,91019656
2024-11-14,GOOGL,256.39,257.72,256.22,257.26,123918160
2024-11-14,MSFT,399.66,401.75,395.45,399.24,62005326
2024-11-14,TSLA,336.2,337.19,335.99,336.82,36772605
2024-11-15,AAPL,143.39,143.98,142.4,142.45,57950916
2024-11-15,AMZN,155.23,155.29,154.17,155.03,97516102
2024-11-15,GOOGL,258.61,261.54,256.12,259.42,42632786
2024-11-15,MSFT,405.38,407.46,402.53,404.53,98191515
2024-11-15,TSLA,332.93,336.32,332.3,333.26,53225561
2024-11-18,AAPL,140.39,141.16,138.83,139.99,98176359
2024-11-18,AMZN,155.46,155.65,152.73,154.65,50232269
2024-11-18,GOOGL,263.59,265.02,261.33,264.18,111687675
2024-11-18,MSFT,415.85,417.78,410.05,413.68,32756045
2024-11-18,TSLA,334.6,337.4,333.15,335.2,121945800
2024-11-19,AAPL,140.65,141.53,139.85,140.4,49938811
2024-11-19,AMZN,154.61,155.98,153.91,154.27,88732451
2024-11-19,GOOGL,266.44,267.39,265.65,266.71,59721875
2024-11-19,MSFT,413.99,414.12,412.66,413.13,40467169
2024-11-19,TSLA,332.75,333.88,329.54,332.39,103177830
2024-11-20,AAPL,142.66,143.81,142.25,142.81,70638933
2024-11-20,AMZN,148.7,151.04,148.45,150.36,123620013
2024-11-20,GOOGL,273.43,275.34,272.2,274.88,20962124
2024-11-20,MSFT,413.71,416.53,413.14,415.53,101897634
2024-11-20,TSLA,330.78,332.88,329.46,330.94,52944964
2024-11-21,AAPL,143.37,144.12,142.6,143.47,96461351
2024-11-21,AMZN,147.94,148.61,146.66,148.33,41512355
2024-11-21,GOOGL,286.09,288.0,285.82,286.05,128754304
2024-11-21,MSFT,422.05,424.87,421.9,422.25,51661123
2024-11-21,TSLA,335.83,337.42,335.56,337.02,29133143
2024-11-22,AAPL,143.76,145.36,143.6,143.91,35679005
2024-11-22,AMZN,148.91,150.33,147.69,149.97,52853657
2024-11-22,GOOGL,278.29,279.31,277.61,277.86,85066781
2024-11-22,MSFT,410.24,411.25,408.29,410.54,76095910
2024-11-22,TSLA,337.39,340.06,337.05,338.28,75795085
2024-11-25,AAPL,143.02,143.77,142.38,143.16,61124826
2024-11-25,AMZN,150.32,151.12,149.34,150.41,84502035
2024-11-25,GOOGL,274.32,276.51,272.43,275.86,111909489
2024-11-25,MSFT,412.74,415.18,411.32,411.68,121697047
2024-11-25,TSLA,336.59,337.31,335.46,336.44,105443098
2024-11-26,AAPL,143.39,145.01,143.32,144.44,27030024
2024-11-26,AMZN,155.27,155.65,155.1,155.39,124371527
2024-11-26,GOOGL,280.33,283.06,280.24,281.68,129145726
2024-11-26,MSFT,415.44,415.51,414.73,414.79,27675329
2024-11-26,TSLA,330.37,331.16,329.21,330.3,45858676
2024-11-27,AAPL,139.85,140.12,139.55,139.88,83559281
2024-11-27,AMZN,158.86,159.24,158.37,158.49,60399563
2024-11-27,GOOGL,283.21,285.51,282.58,284.23,78754941
2024-11-27,MSFT,415.67,416.56,411.51,414.55,93688766
2024-11-27,TSLA,336.14,337.05,334.23,336.21,124948066
2024-11-28,AAPL,140.28,141.06,139.81,140.44,86058842
2024-11-28,AMZN,159.92,160.36,158.84,159.65,112023030
2024-11-28,GOOGL,280.69,281.95,279.87,281.51,62579058
2024-11-28,MSFT,407.74,410.51,407.7,409.56,37941107
2024-11-28,TSLA,342.39,342.63,337.39,340.07,82682748
2024-11-29,AAPL,140.69,141.06,140.26,140.57,88240267
2024-11-29,AMZN,155.44,156.94,153.45,155.0,56575065
2024-11-29,GOOGL,282.22,284.46,278.72,280.81,62887487
2024-11-29,MSFT,415.19,416.18,412.14,413.41,49989661
2024-11-29,TSLA,338.31,339.49,337.12,338.58,31318453
